/*******************************************************************************
 * Size: 20 px
 * Bpp: 4
 * Opts: --font /System/Library/Fonts/Supplemental/Arial Unicode.ttf --size 20 --bpp 4 --format lvgl --no-compress --lv-include lvgl.h --symbols  !"#$%&'()*+,-./0123456789:;<=>?@ABCDEFGHIJKLMNOPQRSTUVWXYZ[\]^_`abcdefghijklmnopqrstuvwxyz{|}~°·×—‘’“”…℃→▇⚠、。〈〉《》【】一万三上下不与个中为久也了事二云京人亿今件任低余保信修停像免入全六关其内册净出分列则别到刻前副务动化北单卡发取变口只可启售商器回因国在圳块境处外多大天失子字存它定审室宽密对小局层屏展己已币布常并应度开异当待律得心快态总意成或才扫找把折持挂按据探接控描摄摆摊收数文断日旧时明昨是显晴最月服期未本机来枢查格案检次正此每毛民气汇测浏消深温湿源溢灯灰然照爱片状独率环理由电的监目相看眠着睡知短码示离移稿空立站第算级纪线给络统缺网置美而能脑自草获营行见览计让设访该说请读调败货跟路跳较输过运近返这连速避邮部都配里重量金钟销长闭问间阴阵附降限除雨雪雷雾页顶项顺额风首！％（），：；？ -o font_cjk_20.c
 ******************************************************************************/

#ifdef LV_LVGL_H_INCLUDE_SIMPLE
#include "lvgl.h"
#else
#include "lvgl.h"
#endif

#ifndef FONT_CJK_20
#define FONT_CJK_20 1
#endif

#if FONT_CJK_20

/*-----------------
 *    BITMAPS
 *----------------*/

/*Store the image of the glyphs*/
static LV_ATTRIBUTE_LARGE_CONST const uint8_t glyph_bitmap[] = {
    /* U+0020 " " */

    /* U+0021 "!" */
    0x4f, 0xe4, 0xfe, 0x4f, 0xe4, 0xfd, 0x3f, 0xc2,
    0xfb, 0x1f, 0xa0, 0xf9, 0xf, 0x80, 0xe7, 0xd,
    0x60, 0x10, 0x1, 0x3, 0xfc, 0x3f, 0xc0,

    /* U+0022 "\"" */
    0x2f, 0xd0, 0xbf, 0x42, 0xfd, 0xb, 0xf4, 0x2f,
    0xc0, 0xbf, 0x30, 0xfa, 0x8, 0xf1, 0xd, 0x80,
    0x6f, 0x0, 0x31, 0x1, 0x30,

    /* U+0023 "#" */
    0x0, 0x1, 0xf6, 0x0, 0x8e, 0x0, 0x0, 0x4f,
    0x20, 0xb, 0xb0, 0x0, 0x7, 0xf0, 0x0, 0xf8,
    0x0, 0x0, 0xbc, 0x0, 0x2f, 0x40, 0xcf, 0xff,
    0xff, 0xff, 0xff, 0xe6, 0x89, 0xfa, 0x88, 0xce,
    0x87, 0x0, 0x4f, 0x20, 0xc, 0xb0, 0x0, 0x8,
    0xf0, 0x0, 0xf7, 0x0, 0x0, 0xbb, 0x0, 0x3f,
    0x40, 0xc, 0xff, 0xff, 0xff, 0xff, 0xfe, 0x69,
    0xfa, 0x88, 0xde, 0x88, 0x70, 0x4f, 0x20, 0xc,
    0xb0, 0x0, 0x8, 0xf0, 0x0, 0xf8, 0x0, 0x0,
    0xbc, 0x0, 0x2f, 0x50, 0x0, 0xe, 0x90, 0x5,
    0xf2, 0x0, 0x0,

    /* U+0024 "$" */
    0x0, 0x0, 0x7, 0x0, 0x0, 0x0, 0x0, 0x48,
    0xf8, 0x30, 0x0, 0x0, 0xaf, 0xff, 0xff, 0x90,
    0x0, 0x6f, 0xb1, 0xf2, 0xcf, 0x50, 0xc, 0xf0,
    0xf, 0x12, 0xfb, 0x0, 0xed, 0x0, 0xf1, 0x4,
    0x10, 0xc, 0xf1, 0xf, 0x10, 0x0, 0x0, 0x6f,
    0xd4, 0xf1, 0x0, 0x0, 0x0, 0x8f, 0xff, 0xa5,
    0x0, 0x0, 0x0, 0x28, 0xff, 0xfc, 0x10, 0x0,
    0x0, 0xf, 0x3b, 0xfa, 0x0, 0x0, 0x0, 0xf1,
    0xd, 0xf0, 0x18, 0x60, 0xf, 0x10, 0x9f, 0x20,
    0xfc, 0x0, 0xf1, 0xb, 0xf1, 0xc, 0xf5, 0xf,
    0x13, 0xfd, 0x0, 0x3f, 0xf9, 0xfa, 0xff, 0x30,
    0x0, 0x2a, 0xef, 0xfc, 0x30, 0x0, 0x0, 0x0,
    0xf1, 0x0, 0x0, 0x0, 0x0, 0xf, 0x10, 0x0,
    0x0,

    /* U+0025 "%" */
    0x3, 0xcf, 0xc3, 0x0, 0x0, 0x2f, 0x40, 0x0,
    0x1f, 0xb5, 0xbe, 0x10, 0x0, 0xbb, 0x0, 0x0,
    0x6f, 0x20, 0x1f, 0x60, 0x3, 0xf3, 0x0, 0x0,
    0x7f, 0x0, 0xf, 0x80, 0xb, 0xb0, 0x0, 0x0,
    0x6f, 0x10, 0x1f, 0x60, 0x3f, 0x30, 0x0, 0x0,
    0x2f, 0x81, 0x8f, 0x20, 0xca, 0x0, 0x0, 0x0,
    0x6, 0xff, 0xf5, 0x4, 0xf2, 0x0, 0x0, 0x0,
    0x0, 0x2, 0x0, 0xc, 0xa0, 0x5e, 0xfb, 0x10,
    0x0, 0x0, 0x0, 0x5f, 0x22, 0xf9, 0x4d, 0xc0,
    0x0, 0x0, 0x0, 0xd9, 0x8, 0xf0, 0x5, 0xf2,
    0x0, 0x0, 0x6, 0xf1, 0xa, 0xd0, 0x2, 0xf4,
    0x0, 0x0, 0xd, 0x80, 0xa, 0xd0, 0x3, 0xf5,
    0x0, 0x0, 0x6f, 0x10, 0x8, 0xf0, 0x5, 0xf2,
    0x0, 0x0, 0xe8, 0x0, 0x2, 0xf9, 0x4d, 0xc0,
    0x0, 0x7, 0xf1, 0x0, 0x0, 0x5d, 0xfb, 0x10,

    /* U+0026 "&" */
    0x0, 0x0, 0x8d, 0xfb, 0x20, 0x0, 0x0, 0x0,
    0xcf, 0xa9, 0xfe, 0x10, 0x0, 0x0, 0x3f, 0xa0,
    0x7, 0xf6, 0x0, 0x0, 0x4, 0xf8, 0x0, 0x4f,
    0x70, 0x0, 0x0, 0x1f, 0xe1, 0xb, 0xf2, 0x0,
    0x0, 0x0, 0x7f, 0xcb, 0xf6, 0x0, 0x0, 0x0,
    0x2, 0xef, 0xf3, 0x0, 0x0, 0x0, 0x6, 0xfe,
    0xdf, 0x80, 0x0, 0x0, 0x5, 0xfd, 0x12, 0xff,
    0x41, 0xfa, 0x0, 0xef, 0x20, 0x4, 0xff, 0x8f,
    0x80, 0x1f, 0xd0, 0x0, 0x7, 0xff, 0xf2, 0x0,
    0xfe, 0x0, 0x0, 0xc, 0xfd, 0x0, 0xb, 0xf9,
    0x0, 0x7, 0xff, 0xf9, 0x0, 0x2e, 0xfd, 0xad,
    0xfd, 0x4e, 0xf9, 0x0, 0x19, 0xef, 0xd8, 0x0,
    0x2d, 0x30, 0x0, 0x0, 0x0, 0x0, 0x0, 0x0,

    /* U+0027 "'" */
    0x1f, 0xe1, 0xfe, 0x1f, 0xe0, 0xeb, 0xc, 0x90,
    0x22,

    /* U+0028 "(" */
    0x0, 0xa, 0xa0, 0x4, 0xf1, 0x0, 0xd9, 0x0,
    0x6f, 0x20, 0xd, 0xc0, 0x2, 0xf8, 0x0, 0x7f,
    0x50, 0x9, 0xf2, 0x0, 0xbf, 0x10, 0xc, 0xf0,
    0x0, 0xbf, 0x10, 0x9, 0xf2, 0x0, 0x6f, 0x50,
    0x2, 0xf9, 0x0, 0xd, 0xd0, 0x0, 0x6f, 0x30,
    0x0, 0xe9, 0x0, 0x5, 0xf2, 0x0, 0xa, 0xa0,

    /* U+0029 ")" */
    0x1f, 0x40, 0x0, 0x7, 0xe1, 0x0, 0x0, 0xe9,
    0x0, 0x0, 0x9f, 0x10, 0x0, 0x3f, 0x70, 0x0,
    0xe, 0xc0, 0x0, 0xb, 0xf1, 0x0, 0x8, 0xf4,
    0x0, 0x7, 0xf5, 0x0, 0x6, 0xf6, 0x0, 0x6,
    0xf5, 0x0, 0x7, 0xf4, 0x0, 0xa, 0xf1, 0x0,
    0xd, 0xc0, 0x0, 0x2f, 0x70, 0x0, 0x7f, 0x10,
    0x0, 0xe8, 0x0, 0x6, 0xe1, 0x0, 0x1e, 0x40,
    0x0,

    /* U+002A "*" */
    0x0, 0xc, 0x80, 0x0, 0x4, 0xb, 0x70, 0x30,
    0x2f, 0xed, 0xcf, 0xf0, 0x3, 0x8f, 0xe6, 0x20,
    0x0, 0xbb, 0xe8, 0x0, 0x4, 0xf2, 0x5f, 0x20,
    0x0, 0x10, 0x1, 0x0,

    /* U+002B "+" */
    0x0, 0x0, 0xd8, 0x0, 0x0, 0x0, 0x0, 0xfa,
    0x0, 0x0, 0x0, 0x0, 0xfa, 0x0, 0x0, 0x0,
    0x0, 0xfa, 0x0, 0x0, 0xab, 0xbb, 0xfe, 0xbb,
    0xb6, 0xef, 0xff, 0xff, 0xff, 0xf9, 0x0, 0x0,
    0xfa, 0x0, 0x0, 0x0, 0x0, 0xfa, 0x0, 0x0,
    0x0, 0x0, 0xfa, 0x0, 0x0, 0x0, 0x0, 0xfa,
    0x0, 0x0,

    /* U+002C "," */
    0x1, 0x3, 0xfc, 0x3f, 0xc0, 0x4b, 0x9, 0x81,
    0xb0,

    /* U+002D "-" */
    0x4d, 0xdd, 0xdd, 0x5, 0xff, 0xff, 0xf0,

    /* U+002E "." */
    0x1, 0x3, 0xfc, 0x3f, 0xc0,

    /* U+002F "/" */
    0x0, 0x0, 0xf6, 0x0, 0x4, 0xf2, 0x0, 0x8,
    0xe0, 0x0, 0xc, 0xa0, 0x0, 0x1f, 0x50, 0x0,
    0x5f, 0x10, 0x0, 0x9d, 0x0, 0x0, 0xd8, 0x0,
    0x2, 0xf4, 0x0, 0x6, 0xf0, 0x0, 0xa, 0xc0,
    0x0, 0xe, 0x70, 0x0, 0x3f, 0x30, 0x0, 0x7f,
    0x0, 0x0, 0xbb, 0x0, 0x0, 0x73, 0x0, 0x0,

    /* U+0030 "0" */
    0x0, 0x7, 0xdf, 0xe8, 0x0, 0x0, 0x9, 0xfc,
    0x8c, 0xfb, 0x0, 0x3, 0xfb, 0x0, 0x9, 0xf5,
    0x0, 0x9f, 0x30, 0x0, 0x1f, 0xb0, 0xd, 0xf0,
    0x0, 0x0, 0xdf, 0x0, 0xfc, 0x0, 0x0, 0xa,
    0xf1, 0xf, 0xb0, 0x0, 0x0, 0x9f, 0x21, 0xfb,
    0x0, 0x0, 0x9, 0xf3, 0xf, 0xb0, 0x0, 0x0,
    0x9f, 0x20, 0xfc, 0x0, 0x0, 0xa, 0xf1, 0xd,
    0xf0, 0x0, 0x0, 0xdf, 0x0, 0x9f, 0x30, 0x0,
    0x1f, 0xb0, 0x3, 0xfb, 0x0, 0x9, 0xf5, 0x0,
    0xa, 0xfc, 0x8b, 0xfb, 0x0, 0x0, 0x7, 0xdf,
    0xe8, 0x0, 0x0,

    /* U+0031 "1" */
    0x0, 0x0, 0xe8, 0x0, 0xb, 0xf8, 0x1, 0xbf,
    0xf8, 0x5e, 0xfb, 0xf8, 0xcd, 0x44, 0xf8, 0x40,
    0x4, 0xf8, 0x0, 0x4, 0xf8, 0x0, 0x4, 0xf8,
    0x0, 0x4, 0xf8, 0x0, 0x4, 0xf8, 0x0, 0x4,
    0xf8, 0x0, 0x4, 0xf8, 0x0, 0x4, 0xf8, 0x0,
    0x4, 0xf8, 0x0, 0x4, 0xf8,

    /* U+0032 "2" */
    0x0, 0x19, 0xef, 0xea, 0x20, 0x0, 0x1d, 0xfb,
    0x8b, 0xfe, 0x20, 0x9, 0xf7, 0x0, 0x5, 0xfb,
    0x0, 0xee, 0x0, 0x0, 0xd, 0xf0, 0x6, 0x60,
    0x0, 0x0, 0xcf, 0x0, 0x0, 0x0, 0x0, 0x1f,
    0xc0, 0x0, 0x0, 0x0, 0xb, 0xf5, 0x0, 0x0,
    0x0, 0x9, 0xfb, 0x0, 0x0, 0x0, 0x9, 0xfc,
    0x0, 0x0, 0x0, 0xa, 0xfc, 0x10, 0x0, 0x0,
    0xc, 0xfa, 0x0, 0x0, 0x0, 0xc, 0xf8, 0x0,
    0x0, 0x0, 0x8, 0xf9, 0x0, 0x0, 0x0, 0x1,
    0xff, 0xcc, 0xcc, 0xcc, 0xc1, 0x4f, 0xff, 0xff,
    0xff, 0xff, 0x10,

    /* U+0033 "3" */
    0x0, 0x19, 0xdf, 0xd7, 0x0, 0x0, 0x1d, 0xfb,
    0x8c, 0xfa, 0x0, 0x8, 0xf6, 0x0, 0xa, 0xf4,
    0x0, 0x9d, 0x0, 0x0, 0x4f, 0x80, 0x0, 0x0,
    0x0, 0x7, 0xf7, 0x0, 0x0, 0x0, 0x28, 0xff,
    0x10, 0x0, 0x0, 0x8f, 0xfe, 0x30, 0x0, 0x0,
    0x4, 0x57, 0xfc, 0x10, 0x0, 0x0, 0x0, 0x3,
    0xfb, 0x0, 0x0, 0x0, 0x0, 0xc, 0xf1, 0x5,
    0x50, 0x0, 0x0, 0xaf, 0x30, 0xfe, 0x0, 0x0,
    0xd, 0xf2, 0x9, 0xf7, 0x0, 0x8, 0xfc, 0x0,
    0x1d, 0xfb, 0x8c, 0xfe, 0x20, 0x0, 0x19, 0xef,
    0xe9, 0x10, 0x0,

    /* U+0034 "4" */
    0x0, 0x0, 0x0, 0x8f, 0x40, 0x0, 0x0, 0x0,
    0x2f, 0xf4, 0x0, 0x0, 0x0, 0xc, 0xff, 0x40,
    0x0, 0x0, 0x7, 0xfb, 0xf4, 0x0, 0x0, 0x2,
    0xf8, 0x8f, 0x40, 0x0, 0x0, 0xcd, 0x8, 0xf4,
    0x0, 0x0, 0x6f, 0x40, 0x8f, 0x40, 0x0, 0x1f,
    0x90, 0x8, 0xf4, 0x0, 0xb, 0xe1, 0x0, 0x8f,
    0x40, 0x6, 0xf5, 0x0, 0x8, 0xf4, 0x0, 0xbf,
    0xff, 0xff, 0xff, 0xff, 0x37, 0xbb, 0xbb, 0xbd,
    0xfc, 0xb2, 0x0, 0x0, 0x0, 0x8f, 0x40, 0x0,
    0x0, 0x0, 0x8, 0xf4, 0x0, 0x0, 0x0, 0x0,
    0x8f, 0x40, 0x0,

    /* U+0035 "5" */
    0x0, 0x8f, 0xff, 0xff, 0xfa, 0x0, 0xb, 0xfc,
    0xcc, 0xcc, 0x70, 0x0, 0xec, 0x0, 0x0, 0x0,
    0x0, 0x1f, 0x90, 0x0, 0x0, 0x0, 0x4, 0xf6,
    0x0, 0x0, 0x0, 0x0, 0x7f, 0x7b, 0xee, 0xa2,
    0x0, 0xa, 0xff, 0xca, 0xdf, 0xf3, 0x0, 0xaf,
    0x40, 0x0, 0x8f, 0xd0, 0x0, 0x0, 0x0, 0x0,
    0xdf, 0x20, 0x0, 0x0, 0x0, 0xa, 0xf4, 0x2,
    0x20, 0x0, 0x0, 0xaf, 0x40, 0xfe, 0x0, 0x0,
    0xd, 0xf1, 0xb, 0xf6, 0x0, 0x7, 0xfa, 0x0,
    0x2e, 0xfb, 0x8b, 0xfd, 0x10, 0x0, 0x19, 0xef,
    0xe8, 0x0, 0x0,

    /* U+0036 "6" */
    0x0, 0x4, 0xcf, 0xeb, 0x30, 0x0, 0x6, 0xfe,
    0x89, 0xff, 0x30, 0x2, 0xfc, 0x0, 0x3, 0xfb,
    0x0, 0x8f, 0x30, 0x0, 0x8, 0x80, 0xd, 0xd0,
    0x0, 0x0, 0x0, 0x0, 0xfa, 0x1a, 0xef, 0xb2,
    0x0, 0x1f, 0xbe, 0xea, 0xcf, 0xf2, 0x2, 0xff,
    0xb0, 0x0, 0x6f, 0xc0, 0x2f, 0xf2, 0x0, 0x0,
    0xcf, 0x11, 0xfe, 0x0, 0x0, 0x9, 0xf4, 0xe,
    0xf0, 0x0, 0x0, 0x9f, 0x30, 0xbf, 0x30, 0x0,
    0xc, 0xf0, 0x5, 0xfc, 0x0, 0x5, 0xfa, 0x0,
    0x9, 0xfd, 0x8a, 0xfe, 0x10, 0x0, 0x6, 0xcf,
    0xea, 0x10, 0x0,

    /* U+0037 "7" */
    0xf, 0xff, 0xff, 0xff, 0xff, 0x30, 0xcc, 0xcc,
    0xcc, 0xcf, 0xf1, 0x0, 0x0, 0x0, 0x9, 0xf5,
    0x0, 0x0, 0x0, 0x4, 0xfa, 0x0, 0x0, 0x0,
    0x0, 0xdf, 0x10, 0x0, 0x0, 0x0, 0x6f, 0x80,
    0x0, 0x0, 0x0, 0xe, 0xf1, 0x0, 0x0, 0x0,
    0x5, 0xf9, 0x0, 0x0, 0x0, 0x0, 0xbf, 0x30,
    0x0, 0x0, 0x0, 0x1f, 0xd0, 0x0, 0x0, 0x0,
    0x5, 0xf8, 0x0, 0x0, 0x0, 0x0, 0x9f, 0x40,
    0x0, 0x0, 0x0, 0xc, 0xf1, 0x0, 0x0, 0x0,
    0x0, 0xee, 0x0, 0x0, 0x0, 0x0, 0xf, 0xc0,
    0x0, 0x0, 0x0,

    /* U+0038 "8" */
    0x0, 0x8, 0xef, 0xe9, 0x0, 0x0, 0xc, 0xfc,
    0x8c, 0xfc, 0x0, 0x5, 0xfa, 0x0, 0x9, 0xf6,
    0x0, 0x8f, 0x40, 0x0, 0x3f, 0xa0, 0x7, 0xf6,
    0x0, 0x4, 0xf9, 0x0, 0x1f, 0xe4, 0x3, 0xdf,
    0x30, 0x0, 0x2d, 0xff, 0xfe, 0x40, 0x0, 0x1c,
    0xfb, 0x8b, 0xfb, 0x10, 0xa, 0xf6, 0x0, 0x5,
    0xfb, 0x0, 0xfd, 0x0, 0x0, 0xc, 0xf1, 0x2f,
    0xa0, 0x0, 0x0, 0x9f, 0x30, 0xfd, 0x0, 0x0,
    0xb, 0xf2, 0xa, 0xf6, 0x0, 0x4, 0xfc, 0x0,
    0x1e, 0xfb, 0x8b, 0xfe, 0x20, 0x0, 0x19, 0xef,
    0xea, 0x20, 0x0,

    /* U+0039 "9" */
    0x0, 0x19, 0xef, 0xd6, 0x0, 0x0, 0x1d, 0xfc,
    0x8b, 0xfa, 0x0, 0x9, 0xf9, 0x0, 0x7, 0xf6,
    0x0, 0xfe, 0x0, 0x0, 0xe, 0xc0, 0x1f, 0xb0,
    0x0, 0x0, 0xbf, 0x1, 0xfc, 0x0, 0x0, 0xc,
    0xf2, 0xe, 0xf1, 0x0, 0x2, 0xff, 0x30, 0x7f,
    0xd3, 0x3, 0xdf, 0xf3, 0x0, 0xaf, 0xff, 0xfb,
    0x8f, 0x30, 0x0, 0x48, 0x84, 0x9, 0xf1, 0x0,
    0x0, 0x0, 0x0, 0xce, 0x0, 0x9c, 0x0, 0x0,
    0x2f, 0xa0, 0x8, 0xf5, 0x0, 0xb, 0xf3, 0x0,
    0x1e, 0xfa, 0x8d, 0xf8, 0x0, 0x0, 0x2a, 0xef,
    0xc5, 0x0, 0x0,

    /* U+003A ":" */
    0x3f, 0xc3, 0xfc, 0x1, 0x0, 0x0, 0x0, 0x0,
    0x0, 0x0, 0x0, 0x0, 0x1, 0x3, 0xfc, 0x3f,
    0xc0,

    /* U+003B ";" */
    0x3f, 0xc3, 0xfc, 0x1, 0x0, 0x0, 0x0, 0x0,
    0x0, 0x0, 0x0, 0x0, 0x1, 0x3, 0xfc, 0x3f,
    0xc0, 0x4b, 0x9, 0x81, 0xb0,

    /* U+003C "<" */
    0x0, 0x0, 0x0, 0x0, 0x2, 0x0, 0x0, 0x0,
    0x7, 0xd9, 0x0, 0x0, 0x29, 0xff, 0xe5, 0x0,
    0x4b, 0xff, 0xc5, 0x0, 0x5d, 0xff, 0x92, 0x0,
    0x0, 0xef, 0xa1, 0x0, 0x0, 0x0, 0x9f, 0xfb,
    0x40, 0x0, 0x0, 0x2, 0x9f, 0xfd, 0x70, 0x0,
    0x0, 0x0, 0x7e, 0xff, 0x92, 0x0, 0x0, 0x0,
    0x5c, 0xf9, 0x0, 0x0, 0x0, 0x0, 0x35,

    /* U+003D "=" */
    0xef, 0xff, 0xff, 0xff, 0xf9, 0xab, 0xbb, 0xbb,
    0xbb, 0xb6, 0x0, 0x0, 0x0, 0x0, 0x0, 0x0,
    0x0, 0x0, 0x0, 0x0, 0xab, 0xbb, 0xbb, 0xbb,
    0xb6, 0xef, 0xff, 0xff, 0xff, 0xf9,

    /* U+003E ">" */
    0x20, 0x0, 0x0, 0x0, 0x0, 0xeb, 0x40, 0x0,
    0x0, 0x0, 0x9f, 0xfd, 0x60, 0x0, 0x0, 0x1,
    0x7e, 0xfe, 0x81, 0x0, 0x0, 0x0, 0x5c, 0xff,
    0xa2, 0x0, 0x0, 0x0, 0x3d, 0xf9, 0x0, 0x0,
    0x6, 0xdf, 0xf6, 0x0, 0x28, 0xef, 0xe7, 0x10,
    0x4b, 0xff, 0xc5, 0x0, 0x0, 0xef, 0xa3, 0x0,
    0x0, 0x0, 0x71, 0x0, 0x0, 0x0, 0x0,

    /* U+003F "?" */
    0x0, 0x19, 0xef, 0xea, 0x20, 0x0, 0x1d, 0xfc,
    0x8b, 0xff, 0x30, 0x9, 0xf8, 0x0, 0x5, 0xfd,
    0x0, 0xef, 0x0, 0x0, 0xc, 0xf1, 0x5, 0x50,
    0x0, 0x0, 0xbf, 0x10, 0x0, 0x0, 0x0, 0x2f,
    0xd0, 0x0, 0x0, 0x0, 0x2e, 0xf3, 0x0, 0x0,
    0x0, 0x2e, 0xf5, 0x0, 0x0, 0x0, 0xc, 0xf4,
    0x0, 0x0, 0x0, 0x3, 0xf9, 0x0, 0x0, 0x0,
    0x0, 0x5f, 0x60, 0x0, 0x0, 0x0, 0x1, 0x52,
    0x0, 0x0, 0x0, 0x0, 0x1, 0x0, 0x0, 0x0,
    0x0, 0x7, 0xf8, 0x0, 0x0, 0x0, 0x0, 0x7f,
    0x80, 0x0, 0x0,

    /* U+0040 "@" */
    0x0, 0x0, 0x2, 0x7c, 0xef, 0xfd, 0x94, 0x0,
    0x0, 0x0, 0x0, 0x9, 0xff, 0xc9, 0x78, 0xae,
    0xfb, 0x10, 0x0, 0x0, 0xc, 0xf9, 0x10, 0x0,
    0x0, 0x6, 0xfe, 0x10, 0x0, 0xb, 0xf5, 0x0,
    0x0, 0x0, 0x0, 0x2, 0xec, 0x0, 0x6, 0xf6,
    0x0, 0x2a, 0xfe, 0x80, 0xed, 0x4, 0xf6, 0x0,
    0xdb, 0x0, 0x2e, 0xf9, 0x9f, 0xaf, 0xa0, 0xb,
    0xc0, 0x4f, 0x30, 0xd, 0xf2, 0x0, 0x3f, 0xf6,
    0x0, 0x7f, 0x8, 0xe0, 0x7, 0xf7, 0x0, 0x0,
    0xcf, 0x30, 0x5, 0xf1, 0xba, 0x0, 0xdf, 0x10,
    0x0, 0xb, 0xf0, 0x0, 0x6f, 0x1d, 0x90, 0x1f,
    0xc0, 0x0, 0x0, 0xdd, 0x0, 0x9, 0xe0, 0xd9,
    0x2, 0xfa, 0x0, 0x0, 0x1f, 0xa0, 0x0, 0xea,
    0xc, 0xb0, 0xf, 0xc0, 0x0, 0xa, 0xf6, 0x0,
    0x8f, 0x20, 0x9e, 0x0, 0xcf, 0x40, 0x7, 0xff,
    0x40, 0x8f, 0x80, 0x4, 0xf4, 0x4, 0xff, 0xcd,
    0xfc, 0xfd, 0xdf, 0x90, 0x0, 0xd, 0xd0, 0x4,
    0xdf, 0xb2, 0x2d, 0xfc, 0x50, 0x3, 0x20, 0x3f,
    0xb1, 0x0, 0x0, 0x0, 0x0, 0x0, 0x1d, 0xf2,
    0x0, 0x5f, 0xe6, 0x0, 0x0, 0x0, 0x0, 0x6e,
    0xf4, 0x0, 0x0, 0x3c, 0xff, 0xb9, 0x88, 0x9c,
    0xff, 0xb2, 0x0, 0x0, 0x0, 0x4, 0x8c, 0xef,
    0xfe, 0xc8, 0x30, 0x0, 0x0,

    /* U+0041 "A" */
    0x0, 0x0, 0x0, 0xbf, 0xb0, 0x0, 0x0, 0x0,
    0x0, 0x0, 0x1f, 0xff, 0x10, 0x0, 0x0, 0x0,
    0x0, 0x6, 0xf7, 0xf7, 0x0, 0x0, 0x0, 0x0,
    0x0, 0xce, 0xf, 0xd0, 0x0, 0x0, 0x0, 0x0,
    0x2f, 0xa0, 0xaf, 0x40, 0x0, 0x0, 0x0, 0x8,
    0xf5, 0x4, 0xfa, 0x0, 0x0, 0x0, 0x0, 0xef,
    0x0, 0xe, 0xf1, 0x0, 0x0, 0x0, 0x4f, 0xa0,
    0x0, 0x9f, 0x60, 0x0, 0x0, 0xa, 0xf4, 0x0,
    0x3, 0xfd, 0x0, 0x0, 0x0, 0xff, 0xff, 0xff,
    0xff, 0xf3, 0x0, 0x0, 0x5f, 0xc9, 0x99, 0x99,
    0xbf, 0x90, 0x0, 0xb, 0xf3, 0x0, 0x0, 0x1,
    0xff, 0x0, 0x1, 0xfd, 0x0, 0x0, 0x0, 0xb,
    0xf6, 0x0, 0x7f, 0x80, 0x0, 0x0, 0x0, 0x5f,
    0xc0, 0xd, 0xf2, 0x0, 0x0, 0x0, 0x0, 0xef,
    0x20,

    /* U+0042 "B" */
    0x8f, 0xff, 0xff, 0xfd, 0x80, 0x0, 0x8f, 0xdc,
    0xcc, 0xdf, 0xfb, 0x0, 0x8f, 0x60, 0x0, 0x1,
    0xcf, 0x50, 0x8f, 0x60, 0x0, 0x0, 0x5f, 0x90,
    0x8f, 0x60, 0x0, 0x0, 0x5f, 0x80, 0x8f, 0x60,
    0x0, 0x1, 0xcf, 0x20, 0x8f, 0xdc, 0xcc, 0xdf,
    0xf5, 0x0, 0x8f, 0xff, 0xff, 0xff, 0xf8, 0x0,
    0x8f, 0x60, 0x0, 0x3, 0xbf, 0xa0, 0x8f, 0x60,
    0x0, 0x0, 0xe, 0xf1, 0x8f, 0x60, 0x0, 0x0,
    0xb, 0xf4, 0x8f, 0x60, 0x0, 0x0, 0xd, 0xf3,
    0x8f, 0x60, 0x0, 0x0, 0x7f, 0xe0, 0x8f, 0xdc,
    0xcc, 0xce, 0xff, 0x40, 0x8f, 0xff, 0xff, 0xfe,
    0xa2, 0x0,

    /* U+0043 "C" */
    0x0, 0x3, 0xae, 0xff, 0xc6, 0x0, 0x0, 0x8,
    0xff, 0xdb, 0xcf, 0xfb, 0x0, 0x8, 0xfd, 0x30,
    0x0, 0x2c, 0xf9, 0x2, 0xfe, 0x10, 0x0, 0x0,
    0x1e, 0xf2, 0x8f, 0x80, 0x0, 0x0, 0x0, 0x67,
    0x1c, 0xf3, 0x0, 0x0, 0x0, 0x0, 0x0, 0xef,
    0x0, 0x0, 0x0, 0x0, 0x0, 0xf, 0xf0, 0x0,
    0x0, 0x0, 0x0, 0x0, 0xef, 0x0, 0x0, 0x0,
    0x0, 0x0, 0xc, 0xf3, 0x0, 0x0, 0x0, 0x1,
    0x20, 0x8f, 0x70, 0x0, 0x0, 0x0, 0x8f, 0x72,
    0xfe, 0x10, 0x0, 0x0, 0x1e, 0xf2, 0x8, 0xfd,
    0x30, 0x0, 0x2c, 0xfa, 0x0, 0xa, 0xff, 0xdb,
    0xdf, 0xfb, 0x0, 0x0, 0x4, 0xae, 0xff, 0xc6,
    0x0, 0x0,

    /* U+0044 "D" */
    0x6f, 0xff, 0xff, 0xfe, 0xa3, 0x0, 0x6, 0xfe,
    0xcc, 0xcc, 0xef, 0xf6, 0x0, 0x6f, 0x80, 0x0,
    0x0, 0x6f, 0xf2, 0x6, 0xf8, 0x0, 0x0, 0x0,
    0x6f, 0xb0, 0x6f, 0x80, 0x0, 0x0, 0x0, 0xef,
    0x16, 0xf8, 0x0, 0x0, 0x0, 0xb, 0xf4, 0x6f,
    0x80, 0x0, 0x0, 0x0, 0x9f, 0x66, 0xf8, 0x0,
    0x0, 0x0, 0x8, 0xf6, 0x6f, 0x80, 0x0, 0x0,
    0x0, 0x9f, 0x56, 0xf8, 0x0, 0x0, 0x0, 0xb,
    0xf3, 0x6f, 0x80, 0x0, 0x0, 0x0, 0xff, 0x6,
    0xf8, 0x0, 0x0, 0x0, 0x7f, 0xa0, 0x6f, 0x80,
    0x0, 0x0, 0x6f, 0xf2, 0x6, 0xfe, 0xcc, 0xcd,
    0xff, 0xf5, 0x0, 0x6f, 0xff, 0xff, 0xfd, 0x92,
    0x0, 0x0,

    /* U+0045 "E" */
    0x6f, 0xff, 0xff, 0xff, 0xff, 0xf0, 0x6f, 0xec,
    0xcc, 0xcc, 0xcc, 0xb0, 0x6f, 0x70, 0x0, 0x0,
    0x0, 0x0, 0x6f, 0x70, 0x0, 0x0, 0x0, 0x0,
    0x6f, 0x70, 0x0, 0x0, 0x0, 0x0, 0x6f, 0x70,
    0x0, 0x0, 0x0, 0x0, 0x6f, 0xec, 0xcc, 0xcc,
    0xcc, 0x40, 0x6f, 0xff, 0xff, 0xff, 0xff, 0x60,
    0x6f, 0x70, 0x0, 0x0, 0x0, 0x0, 0x6f, 0x70,
    0x0, 0x0, 0x0, 0x0, 0x6f, 0x70, 0x0, 0x0,
    0x0, 0x0, 0x6f, 0x70, 0x0, 0x0, 0x0, 0x0,
    0x6f, 0x70, 0x0, 0x0, 0x0, 0x0, 0x6f, 0xec,
    0xcc, 0xcc, 0xcc, 0xc3, 0x6f, 0xff, 0xff, 0xff,
    0xff, 0xf4,

    /* U+0046 "F" */
    0x6f, 0xff, 0xff, 0xff, 0xff, 0x46, 0xfe, 0xcc,
    0xcc, 0xcc, 0xc3, 0x6f, 0x80, 0x0, 0x0, 0x0,
    0x6, 0xf8, 0x0, 0x0, 0x0, 0x0, 0x6f, 0x80,
    0x0, 0x0, 0x0, 0x6, 0xf8, 0x0, 0x0, 0x0,
    0x0, 0x6f, 0xec, 0xcc, 0xcc, 0xc2, 0x6, 0xff,
    0xff, 0xff, 0xff, 0x30, 0x6f, 0x80, 0x0, 0x0,
    0x0, 0x6, 0xf8, 0x0, 0x0, 0x0, 0x0, 0x6f,
    0x80, 0x0, 0x0, 0x0, 0x6, 0xf8, 0x0, 0x0,
    0x0, 0x0, 0x6f, 0x80, 0x0, 0x0, 0x0, 0x6,
    0xf8, 0x0, 0x0, 0x0, 0x0, 0x6f, 0x80, 0x0,
    0x0, 0x0, 0x0,

    /* U+0047 "G" */
    0x0, 0x1, 0x8c, 0xef, 0xea, 0x40, 0x0, 0x0,
    0x5f, 0xfe, 0xbb, 0xdf, 0xf8, 0x0, 0x5, 0xfe,
    0x50, 0x0, 0x4, 0xef, 0x50, 0x1e, 0xf3, 0x0,
    0x0, 0x0, 0x3f, 0xd0, 0x6f, 0x90, 0x0, 0x0,
    0x0, 0x8, 0x60, 0xbf, 0x30, 0x0, 0x0, 0x0,
    0x0, 0x0, 0xdf, 0x10, 0x0, 0x0, 0x0, 0x0,
    0x0, 0xff, 0x0, 0x0, 0x9, 0xcc, 0xcc, 0xc3,
    0xef, 0x10, 0x0, 0xc, 0xff, 0xff, 0xf4, 0xcf,
    0x40, 0x0, 0x0, 0x0, 0x9, 0xf4, 0x7f, 0x90,
    0x0, 0x0, 0x0, 0x9, 0xf4, 0x1f, 0xf4, 0x0,
    0x0, 0x0, 0x9, 0xf4, 0x5, 0xff, 0x71, 0x0,
    0x3, 0xaf, 0xf3, 0x0, 0x5f, 0xff, 0xdc, 0xef,
    0xfd, 0x40, 0x0, 0x1, 0x8c, 0xef, 0xeb, 0x60,
    0x0,

    /* U+0048 "H" */
    0x6f, 0x80, 0x0, 0x0, 0x1, 0xfd, 0x6f, 0x80,
    0x0, 0x0, 0x1, 0xfd, 0x6f, 0x80, 0x0, 0x0,
    0x1, 0xfd, 0x6f, 0x80, 0x0, 0x0, 0x1, 0xfd,
    0x6f, 0x80, 0x0, 0x0, 0x1, 0xfd, 0x6f, 0x80,
    0x0, 0x0, 0x1, 0xfd, 0x6f, 0xec, 0xcc, 0xcc,
    0xcc, 0xfd, 0x6f, 0xff, 0xff, 0xff, 0xff, 0xfd,
    0x6f, 0x80, 0x0, 0x0, 0x1, 0xfd, 0x6f, 0x80,
    0x0, 0x0, 0x1, 0xfd, 0x6f, 0x80, 0x0, 0x0,
    0x1, 0xfd, 0x6f, 0x80, 0x0, 0x0, 0x1, 0xfd,
    0x6f, 0x80, 0x0, 0x0, 0x1, 0xfd, 0x6f, 0x80,
    0x0, 0x0, 0x1, 0xfd, 0x6f, 0x80, 0x0, 0x0,
    0x1, 0xfd,

    /* U+0049 "I" */
    0x2f, 0xb2, 0xfb, 0x2f, 0xb2, 0xfb, 0x2f, 0xb2,
    0xfb, 0x2f, 0xb2, 0xfb, 0x2f, 0xb2, 0xfb, 0x2f,
    0xb2, 0xfb, 0x2f, 0xb2, 0xfb, 0x2f, 0xb0,

    /* U+004A "J" */
    0x0, 0x0, 0x0, 0x8f, 0x60, 0x0, 0x0, 0x8,
    0xf6, 0x0, 0x0, 0x0, 0x8f, 0x60, 0x0, 0x0,
    0x8, 0xf6, 0x0, 0x0, 0x0, 0x8f, 0x60, 0x0,
    0x0, 0x8, 0xf6, 0x0, 0x0, 0x0, 0x8f, 0x60,
    0x0, 0x0, 0x8, 0xf6, 0x0, 0x0, 0x0, 0x8f,
    0x60, 0x0, 0x0, 0x8, 0xf6, 0x39, 0x30, 0x0,
    0x8f, 0x66, 0xf6, 0x0, 0x9, 0xf4, 0x3f, 0xd1,
    0x1, 0xef, 0x10, 0xcf, 0xfc, 0xff, 0x90, 0x1,
    0x9e, 0xfd, 0x70, 0x0,

    /* U+004B "K" */
    0x8f, 0x50, 0x0, 0x0, 0x1e, 0xf8, 0x8, 0xf5,
    0x0, 0x0, 0x1d, 0xf8, 0x0, 0x8f, 0x50, 0x0,
    0x1d, 0xf9, 0x0, 0x8, 0xf5, 0x0, 0xc, 0xf9,
    0x0, 0x0, 0x8f, 0x50, 0xc, 0xf9, 0x0, 0x0,
    0x8, 0xf5, 0xb, 0xf9, 0x0, 0x0, 0x0, 0x8f,
    0x6b, 0xff, 0x50, 0x0, 0x0, 0x8, 0xfe, 0xfb,
    0xfe, 0x10, 0x0, 0x0, 0x8f, 0xfa, 0x8, 0xfb,
    0x0, 0x0, 0x8, 0xfa, 0x0, 0xd, 0xf7, 0x0,
    0x0, 0x8f, 0x50, 0x0, 0x3f, 0xf2, 0x0, 0x8,
    0xf5, 0x0, 0x0, 0x8f, 0xd0, 0x0, 0x8f, 0x50,
    0x0, 0x0, 0xdf, 0x80, 0x8, 0xf5, 0x0, 0x0,
    0x3, 0xff, 0x40, 0x8f, 0x50, 0x0, 0x0, 0x8,
    0xfe, 0x10,

    /* U+004C "L" */
    0x8f, 0x60, 0x0, 0x0, 0x0, 0x8f, 0x60, 0x0,
    0x0, 0x0, 0x8f, 0x60, 0x0, 0x0, 0x0, 0x8f,
    0x60, 0x0, 0x0, 0x0, 0x8f, 0x60, 0x0, 0x0,
    0x0, 0x8f, 0x60, 0x0, 0x0, 0x0, 0x8f, 0x60,
    0x0, 0x0, 0x0, 0x8f, 0x60, 0x0, 0x0, 0x0,
    0x8f, 0x60, 0x0, 0x0, 0x0, 0x8f, 0x60, 0x0,
    0x0, 0x0, 0x8f, 0x60, 0x0, 0x0, 0x0, 0x8f,
    0x60, 0x0, 0x0, 0x0, 0x8f, 0x60, 0x0, 0x0,
    0x0, 0x8f, 0xdc, 0xcc, 0xcc, 0xc5, 0x8f, 0xff,
    0xff, 0xff, 0xf7,

    /* U+004D "M" */
    0x7f, 0xf8, 0x0, 0x0, 0x0, 0x8, 0xff, 0x27,
    0xff, 0xd0, 0x0, 0x0, 0x0, 0xdf, 0xf2, 0x7f,
    0xdf, 0x20, 0x0, 0x0, 0x3f, 0xef, 0x27, 0xf8,
    0xf7, 0x0, 0x0, 0x8, 0xea, 0xf2, 0x7f, 0x5e,
    0xc0, 0x0, 0x0, 0xda, 0xaf, 0x27, 0xf5, 0x9f,
    0x10, 0x0, 0x2f, 0x4a, 0xf2, 0x7f, 0x54, 0xf6,
    0x0, 0x8, 0xf0, 0xaf, 0x27, 0xf5, 0xe, 0xc0,
    0x0, 0xda, 0xa, 0xf2, 0x7f, 0x50, 0x9f, 0x10,
    0x2f, 0x50, 0xaf, 0x27, 0xf5, 0x4, 0xf6, 0x7,
    0xf0, 0xa, 0xf2, 0x7f, 0x50, 0xf, 0xb0, 0xda,
    0x0, 0xaf, 0x27, 0xf5, 0x0, 0xaf, 0x2f, 0x50,
    0xa, 0xf2, 0x7f, 0x50, 0x5, 0xfc, 0xf0, 0x0,
    0xaf, 0x27, 0xf5, 0x0, 0xf, 0xfa, 0x0, 0xa,
    0xf2, 0x7f, 0x50, 0x0, 0xaf, 0x50, 0x0, 0xaf,
    0x20,

    /* U+004E "N" */
    0x6f, 0xd0, 0x0, 0x0, 0x0, 0xfd, 0x6f, 0xf7,
    0x0, 0x0, 0x0, 0xfd, 0x6f, 0xff, 0x20, 0x0,
    0x0, 0xfd, 0x6f, 0xcf, 0xb0, 0x0, 0x0, 0xfd,
    0x6f, 0x6c, 0xf5, 0x0, 0x0, 0xfd, 0x6f, 0x62,
    0xfe, 0x10, 0x0, 0xfd, 0x6f, 0x60, 0x7f, 0xa0,
    0x0, 0xfd, 0x6f, 0x60, 0xd, 0xf4, 0x0, 0xfd,
    0x6f, 0x60, 0x3, 0xfd, 0x0, 0xfd, 0x6f, 0x60,
    0x0, 0x9f, 0x80, 0xfd, 0x6f, 0x60, 0x0, 0xe,
    0xf3, 0xfd, 0x6f, 0x60, 0x0, 0x5, 0xfc, 0xfd,
    0x6f, 0x60, 0x0, 0x0, 0xaf, 0xfd, 0x6f, 0x60,
    0x0, 0x0, 0x1f, 0xfd, 0x6f, 0x60, 0x0, 0x0,
    0x6, 0xfd,

    /* U+004F "O" */
    0x0, 0x0, 0x39, 0xdf, 0xec, 0x70, 0x0, 0x0,
    0x0, 0x8f, 0xfd, 0xbc, 0xff, 0xe2, 0x0, 0x0,
    0x7f, 0xe4, 0x0, 0x0, 0x8f, 0xe1, 0x0, 0x2f,
    0xe1, 0x0, 0x0, 0x0, 0x8f, 0xb0, 0x9, 0xf7,
    0x0, 0x0, 0x0, 0x0, 0xef, 0x20, 0xdf, 0x20,
    0x0, 0x0, 0x0, 0x9, 0xf6, 0xf, 0xf0, 0x0,
    0x0, 0x0, 0x0, 0x6f, 0x80, 0xfe, 0x0, 0x0,
    0x0, 0x0, 0x5, 0xf9, 0xf, 0xf0, 0x0, 0x0,
    0x0, 0x0, 0x6f, 0x90, 0xdf, 0x10, 0x0, 0x0,
    0x0, 0x9, 0xf6, 0x9, 0xf7, 0x0, 0x0, 0x0,
    0x0, 0xef, 0x20, 0x2f, 0xf2, 0x0, 0x0, 0x0,
    0x7f, 0xb0, 0x0, 0x7f, 0xe4, 0x0, 0x0, 0x8f,
    0xe2, 0x0, 0x0, 0x7f, 0xfd, 0xbc, 0xff, 0xe3,
    0x0, 0x0, 0x0, 0x39, 0xdf, 0xfc, 0x70, 0x0,
    0x0,

    /* U+0050 "P" */
    0x7f, 0xff, 0xff, 0xfe, 0xc5, 0x0, 0x7f, 0xdc,
    0xcc, 0xcd, 0xff, 0x80, 0x7f, 0x70, 0x0, 0x0,
    0x4f, 0xf1, 0x7f, 0x70, 0x0, 0x0, 0xa, 0xf5,
    0x7f, 0x70, 0x0, 0x0, 0x8, 0xf7, 0x7f, 0x70,
    0x0, 0x0, 0xb, 0xf5, 0x7f, 0x70, 0x0, 0x0,
    0x6f, 0xf1, 0x7f, 0xdc, 0xcc, 0xce, 0xff, 0x50,
    0x7f, 0xff, 0xff, 0xfe, 0xa3, 0x0, 0x7f, 0x70,
    0x0, 0x0, 0x0, 0x0, 0x7f, 0x70, 0x0, 0x0,
    0x0, 0x0, 0x7f, 0x70, 0x0, 0x0, 0x0, 0x0,
    0x7f, 0x70, 0x0, 0x0, 0x0, 0x0, 0x7f, 0x70,
    0x0, 0x0, 0x0, 0x0, 0x7f, 0x70, 0x0, 0x0,
    0x0, 0x0,

    /* U+0051 "Q" */
    0x0, 0x0, 0x39, 0xdf, 0xec, 0x70, 0x0, 0x0,
    0x0, 0x8f, 0xfd, 0xbc, 0xff, 0xe2, 0x0, 0x0,
    0x7f, 0xd3, 0x0, 0x0, 0x8f, 0xe1, 0x0, 0x2f,
    0xe1, 0x0, 0x0, 0x0, 0x8f, 0xb0, 0x9, 0xf7,
    0x0, 0x0, 0x0, 0x0, 0xef, 0x20, 0xdf, 0x20,
    0x0, 0x0, 0x0, 0x9, 0xf6, 0xf, 0xf0, 0x0,
    0x0, 0x0, 0x0, 0x6f, 0x90, 0xfe, 0x0, 0x0,
    0x0, 0x0, 0x5, 0xf9, 0xf, 0xf0, 0x0, 0x0,
    0x0, 0x0, 0x6f, 0x80, 0xdf, 0x20, 0x0, 0x0,
    0x0, 0x9, 0xf6, 0x8, 0xf7, 0x0, 0x0, 0x10,
    0x0, 0xef, 0x20, 0x2f, 0xe1, 0x0, 0xf, 0xd3,
    0x7f, 0xa0, 0x0, 0x7f, 0xe4, 0x0, 0x5d, 0xff,
    0xe1, 0x0, 0x0, 0x7f, 0xfd, 0xbc, 0xff, 0xfd,
    0x30, 0x0, 0x0, 0x29, 0xef, 0xec, 0x64, 0xef,
    0x90, 0x0, 0x0, 0x0, 0x0, 0x0, 0x0, 0x87,

    /* U+0052 "R" */
    0x6f, 0xff, 0xff, 0xff, 0xea, 0x20, 0x0, 0x6f,
    0xda, 0xaa, 0xab, 0xef, 0xf2, 0x0, 0x6f, 0x80,
    0x0, 0x0, 0xa, 0xfa, 0x0, 0x6f, 0x80, 0x0,
    0x0, 0x1, 0xff, 0x0, 0x6f, 0x80, 0x0, 0x0,
    0x0, 0xff, 0x0, 0x6f, 0x80, 0x0, 0x0, 0x3,
    0xfd, 0x0, 0x6f, 0x80, 0x0, 0x0, 0x4d, 0xf7,
    0x0, 0x6f, 0xff, 0xff, 0xff, 0xff, 0x80, 0x0,
    0x6f, 0xec, 0xcd, 0xff, 0x91, 0x0, 0x0, 0x6f,
    0x80, 0x0, 0x3e, 0xf5, 0x0, 0x0, 0x6f, 0x80,
    0x0, 0x3, 0xff, 0x40, 0x0, 0x6f, 0x80, 0x0,
    0x0, 0x6f, 0xe0, 0x0, 0x6f, 0x80, 0x0, 0x0,
    0xc, 0xf9, 0x0, 0x6f, 0x80, 0x0, 0x0, 0x2,
    0xff, 0x30, 0x6f, 0x80, 0x0, 0x0, 0x0, 0x7f,
    0xd0,

    /* U+0053 "S" */
    0x0, 0x4, 0xbe, 0xfe, 0xb5, 0x0, 0x0, 0x8,
    0xff, 0xec, 0xef, 0xfa, 0x0, 0x3, 0xfd, 0x30,
    0x0, 0x3d, 0xf6, 0x0, 0x7f, 0x50, 0x0, 0x0,
    0x4f, 0xb0, 0x7, 0xf6, 0x0, 0x0, 0x0, 0x75,
    0x0, 0x3f, 0xf6, 0x10, 0x0, 0x0, 0x0, 0x0,
    0x6f, 0xff, 0xc9, 0x40, 0x0, 0x0, 0x0, 0x28,
    0xdf, 0xff, 0xe7, 0x0, 0x0, 0x0, 0x0, 0x15,
    0xaf, 0xf8, 0x0, 0x0, 0x0, 0x0, 0x0, 0x2e,
    0xf1, 0xf, 0xc0, 0x0, 0x0, 0x0, 0x9f, 0x40,
    0xdf, 0x20, 0x0, 0x0, 0xb, 0xf3, 0x6, 0xfe,
    0x50, 0x0, 0x8, 0xfd, 0x0, 0x9, 0xff, 0xfd,
    0xdf, 0xfe, 0x20, 0x0, 0x4, 0xae, 0xff, 0xd8,
    0x10, 0x0,

    /* U+0054 "T" */
    0x9f, 0xff, 0xff, 0xff, 0xff, 0xfc, 0x6c, 0xcc,
    0xcf, 0xfc, 0xcc, 0xc9, 0x0, 0x0, 0xd, 0xf0,
    0x0, 0x0, 0x0, 0x0, 0xd, 0xf0, 0x0, 0x0,
    0x0, 0x0, 0xd, 0xf0, 0x0, 0x0, 0x0, 0x0,
    0xd, 0xf0, 0x0, 0x0, 0x0, 0x0, 0xd, 0xf0,
    0x0, 0x0, 0x0, 0x0, 0xd, 0xf0, 0x0, 0x0,
    0x0, 0x0, 0xd, 0xf0, 0x0, 0x0, 0x0, 0x0,
    0xd, 0xf0, 0x0, 0x0, 0x0, 0x0, 0xd, 0xf0,
    0x0, 0x0, 0x0, 0x0, 0xd, 0xf0, 0x0, 0x0,
    0x0, 0x0, 0xd, 0xf0, 0x0, 0x0, 0x0, 0x0,
    0xd, 0xf0, 0x0, 0x0, 0x0, 0x0, 0xd, 0xf0,
    0x0, 0x0,

    /* U+0055 "U" */
    0x6f, 0x70, 0x0, 0x0, 0x1, 0xfd, 0x6f, 0x70,
    0x0, 0x0, 0x1, 0xfd, 0x6f, 0x70, 0x0, 0x0,
    0x1, 0xfd, 0x6f, 0x70, 0x0, 0x0, 0x1, 0xfd,
    0x6f, 0x70, 0x0, 0x0, 0x1, 0xfd, 0x6f, 0x70,
    0x0, 0x0, 0x1, 0xfd, 0x6f, 0x70, 0x0, 0x0,
    0x1, 0xfd, 0x6f, 0x70, 0x0, 0x0, 0x1, 0xfd,
    0x6f, 0x70, 0x0, 0x0, 0x1, 0xfd, 0x5f, 0x80,
    0x0, 0x0, 0x1, 0xfc, 0x4f, 0x90, 0x0, 0x0,
    0x3, 0xfb, 0x1f, 0xe0, 0x0, 0x0, 0x8, 0xf8,
    0xb, 0xfa, 0x10, 0x0, 0x5f, 0xf2, 0x1, 0xef,
    0xfd, 0xce, 0xff, 0x60, 0x0, 0x18, 0xdf, 0xfe,
    0xa3, 0x0,

    /* U+0056 "V" */
    0xbf, 0x50, 0x0, 0x0, 0x0, 0xe, 0xf0, 0x5f,
    0xa0, 0x0, 0x0, 0x0, 0x4f, 0xa0, 0xe, 0xf0,
    0x0, 0x0, 0x0, 0x9f, 0x40, 0x9, 0xf5, 0x0,
    0x0, 0x0, 0xee, 0x0, 0x3, 0xfb, 0x0, 0x0,
    0x5, 0xf8, 0x0, 0x0, 0xdf, 0x0, 0x0, 0xa,
    0xf2, 0x0, 0x0, 0x7f, 0x50, 0x0, 0xf, 0xc0,
    0x0, 0x0, 0x1f, 0xb0, 0x0, 0x6f, 0x60, 0x0,
    0x0, 0xb, 0xf1, 0x0, 0xbf, 0x0, 0x0, 0x0,
    0x5, 0xf6, 0x1, 0xfa, 0x0, 0x0, 0x0, 0x0,
    0xfb, 0x7, 0xf4, 0x0, 0x0, 0x0, 0x0, 0xaf,
    0x1c, 0xe0, 0x0, 0x0, 0x0, 0x0, 0x4f, 0x7f,
    0x80, 0x0, 0x0, 0x0, 0x0, 0xe, 0xff, 0x20,
    0x0, 0x0, 0x0, 0x0, 0x8, 0xfc, 0x0, 0x0,
    0x0,

    /* U+0057 "W" */
    0xaf, 0x40, 0x0, 0x0, 0xcf, 0xc0, 0x0, 0x0,
    0x5f, 0x85, 0xf8, 0x0, 0x0, 0x1f, 0xff, 0x0,
    0x0, 0x9, 0xf4, 0x1f, 0xb0, 0x0, 0x5, 0xfa,
    0xf4, 0x0, 0x0, 0xdf, 0x0, 0xdf, 0x0, 0x0,
    0x9f, 0x3f, 0x90, 0x0, 0x1f, 0xb0, 0x9, 0xf3,
    0x0, 0xe, 0xc0, 0xdd, 0x0, 0x4, 0xf7, 0x0,
    0x5f, 0x60, 0x2, 0xf8, 0x9, 0xf1, 0x0, 0x8f,
    0x30, 0x1, 0xfa, 0x0, 0x6f, 0x40, 0x5f, 0x60,
    0xc, 0xe0, 0x0, 0xd, 0xe0, 0xb, 0xf0, 0x1,
    0xfa, 0x0, 0xfa, 0x0, 0x0, 0x9f, 0x10, 0xfb,
    0x0, 0xd, 0xe0, 0x3f, 0x60, 0x0, 0x5, 0xf5,
    0x4f, 0x70, 0x0, 0x8f, 0x27, 0xf2, 0x0, 0x0,
    0x1f, 0x88, 0xf2, 0x0, 0x4, 0xf5, 0xbe, 0x0,
    0x0, 0x0, 0xdc, 0xbe, 0x0, 0x0, 0xf, 0x8e,
    0xa0, 0x0, 0x0, 0x9, 0xee, 0xa0, 0x0, 0x0,
    0xcd, 0xf5, 0x0, 0x0, 0x0, 0x5f, 0xf6, 0x0,
    0x0, 0x7, 0xff, 0x10, 0x0, 0x0, 0x1, 0xff,
    0x10, 0x0, 0x0, 0x3f, 0xd0, 0x0, 0x0,

    /* U+0058 "X" */
    0xd, 0xf5, 0x0, 0x0, 0x0, 0x9f, 0x70, 0x3,
    0xfe, 0x10, 0x0, 0x5, 0xfc, 0x0, 0x0, 0x8f,
    0xa0, 0x0, 0x1e, 0xe1, 0x0, 0x0, 0xd, 0xf5,
    0x0, 0xbf, 0x50, 0x0, 0x0, 0x3, 0xfe, 0x17,
    0xf9, 0x0, 0x0, 0x0, 0x0, 0x8f, 0xbf, 0xd0,
    0x0, 0x0, 0x0, 0x0, 0xc, 0xff, 0x30, 0x0,
    0x0, 0x0, 0x0, 0x9, 0xff, 0x20, 0x0, 0x0,
    0x0, 0x0, 0x4f, 0xef, 0xc0, 0x0, 0x0, 0x0,
    0x1, 0xef, 0x2c, 0xf7, 0x0, 0x0, 0x0, 0xb,
    0xf7, 0x2, 0xff, 0x20, 0x0, 0x0, 0x6f, 0xc0,
    0x0, 0x7f, 0xc0, 0x0, 0x2, 0xff, 0x20, 0x0,
    0xc, 0xf8, 0x0, 0xd, 0xf6, 0x0, 0x0, 0x2,
    0xff, 0x30, 0x8f, 0xb0, 0x0, 0x0, 0x0, 0x7f,
    0xd0,

    /* U+0059 "Y" */
    0x9f, 0xb0, 0x0, 0x0, 0x0, 0x4f, 0xd0, 0xe,
    0xf5, 0x0, 0x0, 0x0, 0xef, 0x30, 0x5, 0xfe,
    0x0, 0x0, 0x8, 0xf9, 0x0, 0x0, 0xaf, 0x90,
    0x0, 0x3f, 0xd0, 0x0, 0x0, 0x1e, 0xf3, 0x0,
    0xcf, 0x40, 0x0, 0x0, 0x6, 0xfc, 0x6, 0xf9,
    0x0, 0x0, 0x0, 0x0, 0xcf, 0x7e, 0xe0, 0x0,
    0x0, 0x0, 0x0, 0x2f, 0xff, 0x40, 0x0, 0x0,
    0x0, 0x0, 0x8, 0xfa, 0x0, 0x0, 0x0, 0x0,
    0x0, 0x6, 0xf8, 0x0, 0x0, 0x0, 0x0, 0x0,
    0x6, 0xf8, 0x0, 0x0, 0x0, 0x0, 0x0, 0x6,
    0xf8, 0x0, 0x0, 0x0, 0x0, 0x0, 0x6, 0xf8,
    0x0, 0x0, 0x0, 0x0, 0x0, 0x6, 0xf8, 0x0,
    0x0, 0x0, 0x0, 0x0, 0x6, 0xf8, 0x0, 0x0,
    0x0,

    /* U+005A "Z" */
    0xd, 0xff, 0xff, 0xff, 0xff, 0xf7, 0x9, 0xcc,
    0xcc, 0xcc, 0xcf, 0xf6, 0x0, 0x0, 0x0, 0x0,
    0x7f, 0xd0, 0x0, 0x0, 0x0, 0x4, 0xff, 0x20,
    0x0, 0x0, 0x0, 0x1e, 0xf5, 0x0, 0x0, 0x0,
    0x0, 0xcf, 0x80, 0x0, 0x0, 0x0, 0x9, 0xfc,
    0x0, 0x0, 0x0, 0x0, 0x5f, 0xe1, 0x0, 0x0,
    0x0, 0x2, 0xff, 0x30, 0x0, 0x0, 0x0, 0xd,
    0xf7, 0x0, 0x0, 0x0, 0x0, 0x9f, 0xa0, 0x0,
    0x0, 0x0, 0x6, 0xfd, 0x0, 0x0, 0x0, 0x0,
    0x2f, 0xf2, 0x0, 0x0, 0x0, 0x0, 0xaf, 0xec,
    0xcc, 0xcc, 0xcc, 0xc8, 0xaf, 0xff, 0xff, 0xff,
    0xff, 0xfb,

    /* U+005B "[" */
    0xaf, 0xff, 0x4a, 0xf8, 0x82, 0xaf, 0x10, 0xa,
    0xf1, 0x0, 0xaf, 0x10, 0xa, 0xf1, 0x0, 0xaf,
    0x10, 0xa, 0xf1, 0x0, 0xaf, 0x10, 0xa, 0xf1,
    0x0, 0xaf, 0x10, 0xa, 0xf1, 0x0, 0xaf, 0x10,
    0xa, 0xf1, 0x0, 0xaf, 0x10, 0xa, 0xf1, 0x0,
    0xaf, 0x10, 0xa, 0xf9, 0x82, 0xaf, 0xff, 0x40,

    /* U+005C "\\" */
    0xd8, 0x0, 0x0, 0x9d, 0x0, 0x0, 0x5f, 0x10,
    0x0, 0x1f, 0x50, 0x0, 0xc, 0x90, 0x0, 0x8,
    0xe0, 0x0, 0x4, 0xf2, 0x0, 0x0, 0xf6, 0x0,
    0x0, 0xbb, 0x0, 0x0, 0x7f, 0x0, 0x0, 0x3f,
    0x30, 0x0, 0xe, 0x70, 0x0, 0xa, 0xc0, 0x0,
    0x6, 0xf0, 0x0, 0x2, 0xf4, 0x0, 0x0, 0x73,

    /* U+005D "]" */
    0xaf, 0xff, 0x35, 0x8c, 0xf3, 0x0, 0x9f, 0x30,
    0x9, 0xf3, 0x0, 0x9f, 0x30, 0x9, 0xf3, 0x0,
    0x9f, 0x30, 0x9, 0xf3, 0x0, 0x9f, 0x30, 0x9,
    0xf3, 0x0, 0x9f, 0x30, 0x9, 0xf3, 0x0, 0x9f,
    0x30, 0x9, 0xf3, 0x0, 0x9f, 0x30, 0x9, 0xf3,
    0x0, 0x9f, 0x35, 0x8c, 0xf3, 0xaf, 0xff, 0x30,

    /* U+005E "^" */
    0x0, 0x3, 0xf9, 0x0, 0x0, 0x0, 0xaf, 0xf1,
    0x0, 0x0, 0x1f, 0x9f, 0x70, 0x0, 0x8, 0xf1,
    0xbe, 0x0, 0x0, 0xeb, 0x5, 0xf5, 0x0, 0x6f,
    0x40, 0xe, 0xc0, 0xd, 0xe0, 0x0, 0x8f, 0x34,
    0xf8, 0x0, 0x2, 0xfa,

    /* U+005F "_" */
    0x1e, 0xee, 0xee, 0xee, 0xee, 0xe1, 0x1, 0x11,
    0x11, 0x11, 0x11, 0x10,

    /* U+0060 "`" */
    0xb, 0xd4, 0x0, 0x2f, 0xc0, 0x0, 0x6f, 0x30,

    /* U+0061 "a" */
    0x0, 0x29, 0xdf, 0xec, 0x50, 0x0, 0x2f, 0xf9,
    0x89, 0xff, 0x50, 0xa, 0xf3, 0x0, 0x4, 0xfa,
    0x0, 0x46, 0x0, 0x0, 0xf, 0xb0, 0x0, 0x1,
    0x46, 0x9c, 0xfb, 0x0, 0x1b, 0xff, 0xfe, 0x9f,
    0xc0, 0xc, 0xf9, 0x41, 0x0, 0xfc, 0x2, 0xfb,
    0x0, 0x0, 0x3f, 0xc0, 0x2f, 0xc0, 0x0, 0xb,
    0xfc, 0x0, 0xcf, 0xb7, 0x8e, 0xde, 0xd0, 0x1,
    0x9e, 0xfd, 0x70, 0xaf, 0x10,

    /* U+0062 "b" */
    0xaf, 0x10, 0x0, 0x0, 0x0, 0xaf, 0x10, 0x0,
    0x0, 0x0, 0xaf, 0x10, 0x0, 0x0, 0x0, 0xaf,
    0x10, 0x0, 0x0, 0x0, 0xaf, 0x3a, 0xff, 0xb2,
    0x0, 0xaf, 0xed, 0x89, 0xff, 0x20, 0xaf, 0xd0,
    0x0, 0x4f, 0xb0, 0xaf, 0x50, 0x0, 0xc, 0xf1,
    0xaf, 0x10, 0x0, 0x9, 0xf4, 0xaf, 0x0, 0x0,
    0x7, 0xf5, 0xaf, 0x0, 0x0, 0x9, 0xf4, 0xaf,
    0x30, 0x0, 0xd, 0xf1, 0xaf, 0xc0, 0x0, 0x5f,
    0xa0, 0xaf, 0xdd, 0x8a, 0xfe, 0x10, 0xaf, 0x1b,
    0xfe, 0x91, 0x0,

    /* U+0063 "c" */
    0x0, 0x19, 0xef, 0xd8, 0x0, 0x1, 0xdf, 0xb8,
    0xbf, 0xc0, 0x9, 0xf6, 0x0, 0x9, 0xf5, 0xf,
    0xe0, 0x0, 0x1, 0x83, 0x2f, 0xb0, 0x0, 0x0,
    0x0, 0x3f, 0x90, 0x0, 0x0, 0x0, 0x2f, 0xb0,
    0x0, 0x0, 0x0, 0xf, 0xe0, 0x0, 0x1, 0xfa,
    0x9, 0xf6, 0x0, 0x8, 0xf6, 0x1, 0xdf, 0xa8,
    0xbf, 0xc0, 0x0, 0x19, 0xef, 0xd7, 0x0,

    /* U+0064 "d" */
    0x0, 0x0, 0x0, 0x0, 0xfb, 0x0, 0x0, 0x0,
    0x0, 0xfb, 0x0, 0x0, 0x0, 0x0, 0xfb, 0x0,
    0x0, 0x0, 0x0, 0xfb, 0x0, 0x2a, 0xef, 0xb2,
    0xfb, 0x2, 0xef, 0xa8, 0xce, 0xfb, 0xa, 0xf5,
    0x0, 0xb, 0xfb, 0xf, 0xd0, 0x0, 0x4, 0xfb,
    0x3f, 0x90, 0x0, 0x0, 0xfb, 0x4f, 0x80, 0x0,
    0x0, 0xeb, 0x3f, 0x90, 0x0, 0x0, 0xfb, 0xf,
    0xd0, 0x0, 0x3, 0xfb, 0x9, 0xf6, 0x0, 0xb,
    0xfb, 0x1, 0xdf, 0xb8, 0xdd, 0xfb, 0x0, 0x19,
    0xef, 0xb2, 0xeb,

    /* U+0065 "e" */
    0x0, 0x8, 0xdf, 0xe9, 0x10, 0x0, 0xd, 0xfc,
    0x8a, 0xfe, 0x10, 0x8, 0xf8, 0x0, 0x4, 0xfb,
    0x0, 0xee, 0x0, 0x0, 0xb, 0xf1, 0x2f, 0xd8,
    0x88, 0x88, 0xcf, 0x43, 0xff, 0xff, 0xff, 0xff,
    0xf5, 0x2f, 0xa0, 0x0, 0x0, 0x0, 0x0, 0xfe,
    0x0, 0x0, 0x6, 0x71, 0x9, 0xf8, 0x0, 0x3,
    0xfe, 0x0, 0x1d, 0xfc, 0x8a, 0xff, 0x40, 0x0,
    0x18, 0xdf, 0xea, 0x30, 0x0,

    /* U+0066 "f" */
    0x0, 0x5d, 0xfe, 0x10, 0x1f, 0xfc, 0xb0, 0x3,
    0xf9, 0x0, 0x0, 0x4f, 0x70, 0x0, 0xdf, 0xff,
    0xf7, 0x5, 0x9f, 0xb6, 0x30, 0x4, 0xf7, 0x0,
    0x0, 0x4f, 0x70, 0x0, 0x4, 0xf7, 0x0, 0x0,
    0x4f, 0x70, 0x0, 0x4, 0xf7, 0x0, 0x0, 0x4f,
    0x70, 0x0, 0x4, 0xf7, 0x0, 0x0, 0x4f, 0x70,
    0x0, 0x4, 0xf7, 0x0, 0x0,

    /* U+0067 "g" */
    0x0, 0x2a, 0xef, 0xb2, 0xcd, 0x1, 0xef, 0xa8,
    0xcf, 0xed, 0xa, 0xf5, 0x0, 0xb, 0xfd, 0xf,
    0xd0, 0x0, 0x2, 0xfd, 0x3f, 0x90, 0x0, 0x0,
    0xed, 0x4f, 0x80, 0x0, 0x0, 0xdd, 0x3f, 0x80,
    0x0, 0x0, 0xed, 0xf, 0xc0, 0x0, 0x1, 0xfd,
    0xa, 0xf5, 0x0, 0xa, 0xfd, 0x1, 0xef, 0xa8,
    0xde, 0xfd, 0x0, 0x1a, 0xef, 0xb2, 0xfc, 0x2,
    0x0, 0x0, 0x1, 0xfa, 0xe, 0xe0, 0x0, 0x8,
    0xf6, 0x7, 0xfd, 0x88, 0xbf, 0xc0, 0x0, 0x5c,
    0xef, 0xd8, 0x0,

    /* U+0068 "h" */
    0xaf, 0x10, 0x0, 0x0, 0xa, 0xf1, 0x0, 0x0,
    0x0, 0xaf, 0x10, 0x0, 0x0, 0xa, 0xf1, 0x0,
    0x0, 0x0, 0xaf, 0x29, 0xef, 0xc5, 0xa, 0xfe,
    0xea, 0xbf, 0xf4, 0xaf, 0xc1, 0x0, 0x6f, 0xaa,
    0xf4, 0x0, 0x0, 0xfc, 0xaf, 0x20, 0x0, 0xf,
    0xca, 0xf1, 0x0, 0x0, 0xfd, 0xaf, 0x10, 0x0,
    0xf, 0xda, 0xf1, 0x0, 0x0, 0xfd, 0xaf, 0x10,
    0x0, 0xf, 0xda, 0xf1, 0x0, 0x0, 0xfd, 0xaf,
    0x10, 0x0, 0xf, 0xd0,

    /* U+0069 "i" */
    0xaf, 0x1a, 0xf1, 0x1, 0x0, 0x0, 0xaf, 0x1a,
    0xf1, 0xaf, 0x1a, 0xf1, 0xaf, 0x1a, 0xf1, 0xaf,
    0x1a, 0xf1, 0xaf, 0x1a, 0xf1, 0xaf, 0x10,

    /* U+006A "j" */
    0x0, 0xaf, 0x10, 0xa, 0xf1, 0x0, 0x1, 0x0,
    0x0, 0x0, 0x0, 0xaf, 0x10, 0xa, 0xf1, 0x0,
    0xaf, 0x10, 0xa, 0xf1, 0x0, 0xaf, 0x10, 0xa,
    0xf1, 0x0, 0xaf, 0x10, 0xa, 0xf1, 0x0, 0xaf,
    0x10, 0xa, 0xf1, 0x0, 0xaf, 0x10, 0xa, 0xf1,
    0x0, 0xcf, 0x6, 0xaf, 0xc0, 0xbf, 0xc3, 0x0,

    /* U+006B "k" */
    0xbf, 0x10, 0x0, 0x0, 0xb, 0xf1, 0x0, 0x0,
    0x0, 0xbf, 0x10, 0x0, 0x0, 0xb, 0xf1, 0x0,
    0x0, 0x0, 0xbf, 0x10, 0x4, 0xfe, 0x2b, 0xf1,
    0x3, 0xfe, 0x20, 0xbf, 0x12, 0xee, 0x20, 0xb,
    0xf3, 0xee, 0x30, 0x0, 0xbf, 0xef, 0xd0, 0x0,
    0xb, 0xff, 0xbf, 0x70, 0x0, 0xbf, 0x41, 0xef,
    0x20, 0xb, 0xf1, 0x6, 0xfb, 0x0, 0xbf, 0x10,
    0xc, 0xf5, 0xb, 0xf1, 0x0, 0x2f, 0xe1, 0xbf,
    0x10, 0x0, 0x8f, 0x90,

    /* U+006C "l" */
    0xaf, 0x1a, 0xf1, 0xaf, 0x1a, 0xf1, 0xaf, 0x1a,
    0xf1, 0xaf, 0x1a, 0xf1, 0xaf, 0x1a, 0xf1, 0xaf,
    0x1a, 0xf1, 0xaf, 0x1a, 0xf1, 0xaf, 0x10,

    /* U+006D "m" */
    0xbe, 0x2b, 0xff, 0xb2, 0x19, 0xef, 0xb2, 0xb,
    0xfe, 0xa6, 0x9f, 0xdd, 0xb6, 0x7f, 0xd0, 0xbf,
    0x90, 0x0, 0xbf, 0xb0, 0x0, 0x9f, 0x3b, 0xf3,
    0x0, 0x9, 0xf5, 0x0, 0x6, 0xf5, 0xbf, 0x10,
    0x0, 0x8f, 0x30, 0x0, 0x6f, 0x6b, 0xf1, 0x0,
    0x8, 0xf3, 0x0, 0x6, 0xf6, 0xbf, 0x10, 0x0,
    0x8f, 0x30, 0x0, 0x6f, 0x6b, 0xf1, 0x0, 0x8,
    0xf3, 0x0, 0x6, 0xf6, 0xbf, 0x10, 0x0, 0x8f,
    0x30, 0x0, 0x6f, 0x6b, 0xf1, 0x0, 0x8, 0xf3,
    0x0, 0x6, 0xf6, 0xbf, 0x10, 0x0, 0x8f, 0x30,
    0x0, 0x6f, 0x60,

    /* U+006E "n" */
    0xaf, 0x1a, 0xef, 0xc5, 0xa, 0xfe, 0xb6, 0x7e,
    0xf4, 0xaf, 0xa0, 0x0, 0x4f, 0xaa, 0xf4, 0x0,
    0x0, 0xfc, 0xaf, 0x20, 0x0, 0xf, 0xca, 0xf1,
    0x0, 0x0, 0xfd, 0xaf, 0x10, 0x0, 0xf, 0xda,
    0xf1, 0x0, 0x0, 0xfd, 0xaf, 0x10, 0x0, 0xf,
    0xda, 0xf1, 0x0, 0x0, 0xfd, 0xaf, 0x10, 0x0,
    0xf, 0xd0,

    /* U+006F "o" */
    0x0, 0x18, 0xef, 0xe9, 0x10, 0x0, 0x1e, 0xfb,
    0x8b, 0xfe, 0x20, 0xa, 0xf6, 0x0, 0x5, 0xfc,
    0x0, 0xfd, 0x0, 0x0, 0xb, 0xf2, 0x3f, 0x90,
    0x0, 0x0, 0x7f, 0x54, 0xf8, 0x0, 0x0, 0x6,
    0xf6, 0x3f, 0xa0, 0x0, 0x0, 0x8f, 0x50, 0xfd,
    0x0, 0x0, 0xc, 0xf2, 0xb, 0xf7, 0x0, 0x4,
    0xfc, 0x0, 0x1e, 0xfc, 0x8a, 0xfe, 0x20, 0x0,
    0x18, 0xdf, 0xe9, 0x10, 0x0,

    /* U+0070 "p" */
    0xaf, 0x1a, 0xff, 0xb2, 0x0, 0xaf, 0xdd, 0x78,
    0xff, 0x20, 0xaf, 0xc0, 0x0, 0x4f, 0xb0, 0xaf,
    0x50, 0x0, 0xc, 0xf1, 0xaf, 0x10, 0x0, 0x8,
    0xf4, 0xaf, 0x0, 0x0, 0x7, 0xf5, 0xaf, 0x0,
    0x0, 0x8, 0xf4, 0xaf, 0x30, 0x0, 0xc, 0xf1,
    0xaf, 0xc0, 0x0, 0x4f, 0xa0, 0xaf, 0xed, 0x8a,
    0xfe, 0x10, 0xaf, 0x3b, 0xfe, 0xa1, 0x0, 0xaf,
    0x10, 0x0, 0x0, 0x0, 0xaf, 0x10, 0x0, 0x0,
    0x0, 0xaf, 0x10, 0x0, 0x0, 0x0, 0xaf, 0x10,
    0x0, 0x0, 0x0,

    /* U+0071 "q" */
    0x0, 0x2a, 0xef, 0xb2, 0xdc, 0x1, 0xef, 0x97,
    0xce, 0xec, 0xa, 0xf5, 0x0, 0xb, 0xfc, 0xf,
    0xd0, 0x0, 0x3, 0xfc, 0x2f, 0xa0, 0x0, 0x0,
    0xfc, 0x3f, 0x90, 0x0, 0x0, 0xdc, 0x2f, 0xa0,
    0x0, 0x0, 0xec, 0xf, 0xe0, 0x0, 0x2, 0xfc,
    0x8, 0xf6, 0x0, 0xa, 0xfc, 0x0, 0xdf, 0xb8,
    0xce, 0xfc, 0x0, 0x19, 0xef, 0xb2, 0xfc, 0x0,
    0x0, 0x0, 0x0, 0xfc, 0x0, 0x0, 0x0, 0x0,
    0xfc, 0x0, 0x0, 0x0, 0x0, 0xfc, 0x0, 0x0,
    0x0, 0x0, 0xfc,

    /* U+0072 "r" */
    0xbe, 0x3d, 0xf9, 0xbe, 0xec, 0xb8, 0xbf, 0xa0,
    0x0, 0xbf, 0x30, 0x0, 0xbf, 0x10, 0x0, 0xbf,
    0x0, 0x0, 0xbf, 0x0, 0x0, 0xbf, 0x0, 0x0,
    0xbf, 0x0, 0x0, 0xbf, 0x0, 0x0, 0xbf, 0x0,
    0x0,

    /* U+0073 "s" */
    0x0, 0x7d, 0xfe, 0xb4, 0x0, 0x9, 0xfc, 0x89,
    0xef, 0x40, 0xf, 0xb0, 0x0, 0x2f, 0xb0, 0xf,
    0xd1, 0x0, 0x1, 0x0, 0x9, 0xff, 0xc7, 0x30,
    0x0, 0x0, 0x6d, 0xff, 0xfd, 0x30, 0x0, 0x0,
    0x15, 0xbf, 0xe0, 0x28, 0x40, 0x0, 0xa, 0xf2,
    0x1f, 0xc0, 0x0, 0xc, 0xf1, 0x9, 0xfd, 0x98,
    0xdf, 0x80, 0x0, 0x6c, 0xef, 0xc5, 0x0,

    /* U+0074 "t" */
    0x0, 0x33, 0x0, 0x4, 0xf6, 0x0, 0x6, 0xf6,
    0x0, 0x6, 0xf6, 0x0, 0xaf, 0xff, 0xf2, 0x4a,
    0xfa, 0x60, 0x6, 0xf6, 0x0, 0x6, 0xf6, 0x0,
    0x6, 0xf6, 0x0, 0x6, 0xf6, 0x0, 0x6, 0xf6,
    0x0, 0x5, 0xf6, 0x0, 0x5, 0xf7, 0x0, 0x3,
    0xfe, 0xb2, 0x0, 0x9f, 0xf4,

    /* U+0075 "u" */
    0xbf, 0x10, 0x0, 0xf, 0xbb, 0xf1, 0x0, 0x0,
    0xfb, 0xbf, 0x10, 0x0, 0xf, 0xbb, 0xf1, 0x0,
    0x0, 0xfb, 0xbf, 0x10, 0x0, 0xf, 0xbb, 0xf1,
    0x0, 0x0, 0xfb, 0xaf, 0x10, 0x0, 0x1f, 0xba,
    0xf2, 0x0, 0x3, 0xfb, 0x7f, 0x70, 0x0, 0xbf,
    0xb2, 0xff, 0xba, 0xec, 0xdb, 0x3, 0xbf, 0xe9,
    0x1d, 0xb0,

    /* U+0076 "v" */
    0x8f, 0x40, 0x0, 0x3, 0xf9, 0x3f, 0xa0, 0x0,
    0x8, 0xf3, 0xd, 0xe0, 0x0, 0xe, 0xd0, 0x7,
    0xf4, 0x0, 0x3f, 0x80, 0x2, 0xfa, 0x0, 0x9f,
    0x20, 0x0, 0xcf, 0x0, 0xec, 0x0, 0x0, 0x6f,
    0x44, 0xf7, 0x0, 0x0, 0x1f, 0x99, 0xf1, 0x0,
    0x0, 0xb, 0xee, 0xb0, 0x0, 0x0, 0x5, 0xff,
    0x50, 0x0, 0x0, 0x0, 0xff, 0x0, 0x0,

    /* U+0077 "w" */
    0xcf, 0x10, 0x0, 0xcf, 0x40, 0x0, 0x8f, 0x37,
    0xf4, 0x0, 0xf, 0xf8, 0x0, 0xc, 0xe0, 0x2f,
    0x90, 0x4, 0xff, 0xc0, 0x1, 0xf9, 0x0, 0xed,
    0x0, 0x8f, 0xaf, 0x0, 0x5f, 0x40, 0x9, 0xf1,
    0xc, 0xb6, 0xf4, 0xa, 0xf0, 0x0, 0x5f, 0x50,
    0xf7, 0x2f, 0x80, 0xeb, 0x0, 0x0, 0xf9, 0x4f,
    0x30, 0xec, 0x3f, 0x60, 0x0, 0xb, 0xd8, 0xf0,
    0xa, 0xf7, 0xf1, 0x0, 0x0, 0x7f, 0xeb, 0x0,
    0x5f, 0xed, 0x0, 0x0, 0x2, 0xff, 0x70, 0x1,
    0xff, 0x80, 0x0, 0x0, 0xd, 0xf3, 0x0, 0xd,
    0xf3, 0x0, 0x0,

    /* U+0078 "x" */
    0x3f, 0xe0, 0x0, 0xd, 0xf3, 0x9, 0xf8, 0x0,
    0x8f, 0x80, 0x0, 0xdf, 0x23, 0xfd, 0x0, 0x0,
    0x3f, 0xcd, 0xf2, 0x0, 0x0, 0x9, 0xff, 0x70,
    0x0, 0x0, 0x4, 0xff, 0x30, 0x0, 0x0, 0xd,
    0xff, 0xd0, 0x0, 0x0, 0x8f, 0x77, 0xf8, 0x0,
    0x3, 0xfd, 0x0, 0xdf, 0x30, 0xd, 0xf3, 0x0,
    0x3f, 0xd0, 0x8f, 0x90, 0x0, 0x9, 0xf8,

    /* U+0079 "y" */
    0x7f, 0x60, 0x0, 0x1, 0xfa, 0x2f, 0xb0, 0x0,
    0x7, 0xf4, 0xc, 0xf1, 0x0, 0xd, 0xe0, 0x6,
    0xf7, 0x0, 0x2f, 0x90, 0x0, 0xfc, 0x0, 0x8f,
    0x30, 0x0, 0xaf, 0x20, 0xed, 0x0, 0x0, 0x4f,
    0x73, 0xf7, 0x0, 0x0, 0xe, 0xd8, 0xf1, 0x0,
    0x0, 0x8, 0xfd, 0xb0, 0x0, 0x0, 0x2, 0xff,
    0x50, 0x0, 0x0, 0x0, 0xdf, 0x0, 0x0, 0x0,
    0x1, 0xfa, 0x0, 0x0, 0x0, 0x8, 0xf4, 0x0,
    0x0, 0xc, 0xdf, 0xb0, 0x0, 0x0, 0xb, 0xfb,
    0x10, 0x0, 0x0,

    /* U+007A "z" */
    0x3f, 0xff, 0xff, 0xff, 0xf4, 0x17, 0x77, 0x77,
    0x9f, 0xe1, 0x0, 0x0, 0x0, 0xcf, 0x30, 0x0,
    0x0, 0xa, 0xf6, 0x0, 0x0, 0x0, 0x7f, 0xa0,
    0x0, 0x0, 0x4, 0xfc, 0x0, 0x0, 0x0, 0x2f,
    0xe1, 0x0, 0x0, 0x1, 0xdf, 0x40, 0x0, 0x0,
    0xb, 0xf7, 0x0, 0x0, 0x0, 0x7f, 0xe8, 0x88,
    0x88, 0x85, 0x9f, 0xff, 0xff, 0xff, 0xf9,

    /* U+007B "{" */
    0x0, 0x5, 0xdf, 0x30, 0x1, 0xfe, 0xa1, 0x0,
    0x5f, 0x50, 0x0, 0x6, 0xf3, 0x0, 0x0, 0x6f,
    0x30, 0x0, 0x7, 0xf2, 0x0, 0x0, 0x8f, 0x10,
    0x0, 0xd, 0xd0, 0x0, 0x4e, 0xe3, 0x0, 0x7,
    0xfa, 0x0, 0x0, 0x4, 0xf9, 0x0, 0x0, 0x9,
    0xf0, 0x0, 0x0, 0x7f, 0x20, 0x0, 0x6, 0xf3,
    0x0, 0x0, 0x6f, 0x30, 0x0, 0x6, 0xf3, 0x0,
    0x0, 0x4f, 0x50, 0x0, 0x1, 0xfe, 0x91, 0x0,
    0x5, 0xdf, 0x30,

    /* U+007C "|" */
    0x2f, 0x52, 0xf5, 0x2f, 0x52, 0xf5, 0x2f, 0x52,
    0xf5, 0x2f, 0x52, 0xf5, 0x2f, 0x52, 0xf5, 0x2f,
    0x52, 0xf5, 0x2f, 0x52, 0xf5, 0x2f, 0x52, 0xf5,
    0x2f, 0x52, 0xf5, 0x2f, 0x50,

    /* U+007D "}" */
    0x8f, 0xc2, 0x0, 0x4, 0xaf, 0xc0, 0x0, 0x0,
    0xaf, 0x0, 0x0, 0x8, 0xf1, 0x0, 0x0, 0x8f,
    0x10, 0x0, 0x8, 0xf2, 0x0, 0x0, 0x6f, 0x30,
    0x0, 0x2, 0xf9, 0x0, 0x0, 0x7, 0xfc, 0x10,
    0x0, 0x2d, 0xf2, 0x0, 0xe, 0xc2, 0x0, 0x5,
    0xf4, 0x0, 0x0, 0x7f, 0x20, 0x0, 0x8, 0xf1,
    0x0, 0x0, 0x8f, 0x10, 0x0, 0x8, 0xf0, 0x0,
    0x0, 0xaf, 0x0, 0x4, 0xbf, 0xb0, 0x0, 0x8f,
    0xc2, 0x0, 0x0,

    /* U+007E "~" */
    0x0, 0x0, 0x0, 0x0, 0x0, 0x0, 0x6d, 0xfe,
    0xa5, 0x0, 0x29, 0x2f, 0xff, 0xff, 0xff, 0xff,
    0xd2, 0x91, 0x1, 0x6b, 0xef, 0xb4, 0x0, 0x0,
    0x0, 0x0, 0x0, 0x0,

    /* U+00B0 "°" */
    0x6, 0xdd, 0x50, 0x4e, 0x44, 0xe3, 0x97, 0x0,
    0x79, 0xa6, 0x0, 0x6a, 0x5d, 0x11, 0xd5, 0x8,
    0xff, 0x80, 0x0, 0x0, 0x0,

    /* U+00B7 "·" */
    0x1, 0x3, 0xfc, 0x3f, 0xc0,

    /* U+00D7 "×" */
    0x6, 0x20, 0x0, 0x5, 0x30, 0x2f, 0xe1, 0x0,
    0x4f, 0xd0, 0x6, 0xfd, 0x14, 0xfe, 0x20, 0x0,
    0x7f, 0xdf, 0xf3, 0x0, 0x0, 0x9, 0xff, 0x40,
    0x0, 0x0, 0x3f, 0xff, 0xc0, 0x0, 0x3, 0xef,
    0x48, 0xfc, 0x0, 0x2e, 0xf4, 0x0, 0x9f, 0xb0,
    0xb, 0x50, 0x0, 0x9, 0x70, 0x0, 0x0, 0x0,
    0x0, 0x0,

    /* U+2014 "—" */
    0x2, 0x22, 0x22, 0x22, 0x22, 0x22, 0x22, 0x22,
    0x22, 0x22, 0x20, 0x2f, 0xff, 0xff, 0xff, 0xff,
    0xff, 0xff, 0xff, 0xff, 0xff, 0xf2, 0x5, 0x55,
    0x55, 0x55, 0x55, 0x55, 0x55, 0x55, 0x55, 0x55,
    0x50,

    /* U+2018 "‘" */
    0x9, 0x16, 0xa0, 0xa5, 0xb, 0xf2, 0xbf, 0x20,

    /* U+2019 "’" */
    0xbf, 0x2b, 0xf2, 0x1d, 0x13, 0xd0, 0x83, 0x0,

    /* U+201C "“" */
    0x3, 0x80, 0x28, 0xd, 0x30, 0xc3, 0x1e, 0x10,
    0xe1, 0x2f, 0xc1, 0xfc, 0x2f, 0xc1, 0xfc,

    /* U+201D "”" */
    0x2f, 0xc1, 0xfc, 0x2f, 0xc1, 0xfc, 0x5, 0xb0,
    0x4b, 0x9, 0x70, 0x88, 0x19, 0x0, 0x90,

    /* U+2026 "…" */
    0x1, 0x0, 0x0, 0x1, 0x10, 0x0, 0x0, 0x10,
    0xaf, 0x50, 0x0, 0xf, 0xf0, 0x0, 0x5, 0xfa,
    0xaf, 0x50, 0x0, 0xf, 0xf0, 0x0, 0x5, 0xfa,

    /* U+2103 "℃" */
    0x0, 0x37, 0x40, 0x0, 0x0, 0x3, 0x78, 0x85,
    0x0, 0x0, 0x7, 0xe9, 0xd9, 0x0, 0x2, 0xcf,
    0xff, 0xff, 0xe5, 0x0, 0xf, 0x20, 0x1e, 0x20,
    0x3f, 0xf9, 0x31, 0x27, 0xff, 0x50, 0x1f, 0x0,
    0xd, 0x30, 0xef, 0x50, 0x0, 0x0, 0x4f, 0xe0,
    0xb, 0x93, 0x8d, 0x6, 0xfa, 0x0, 0x0, 0x0,
    0xb, 0xd3, 0x1, 0xad, 0xb2, 0xb, 0xf4, 0x0,
    0x0, 0x0, 0x0, 0x0, 0x0, 0x0, 0x0, 0xe,
    0xf1, 0x0, 0x0, 0x0, 0x0, 0x0, 0x0, 0x0,
    0x0, 0xf, 0xf0, 0x0, 0x0, 0x0, 0x0, 0x0,
    0x0, 0x0, 0x0, 0xe, 0xf0, 0x0, 0x0, 0x0,
    0x0, 0x0, 0x0, 0x0, 0x0, 0xd, 0xf2, 0x0,
    0x0, 0x0, 0x0, 0x0, 0x0, 0x0, 0x0, 0x9,
    0xf6, 0x0, 0x0, 0x0, 0x6, 0xe6, 0x0, 0x0,
    0x0, 0x3, 0xfd, 0x0, 0x0, 0x0, 0xd, 0xf4,
    0x0, 0x0, 0x0, 0x0, 0xaf, 0xa0, 0x0, 0x0,
    0xaf, 0xc0, 0x0, 0x0, 0x0, 0x0, 0xc, 0xfe,
    0x98, 0x9e, 0xfd, 0x10, 0x0, 0x0, 0x0, 0x0,
    0x0, 0x7d, 0xff, 0xfe, 0x80, 0x0, 0x0, 0x0,
    0x0, 0x0, 0x0, 0x0, 0x1, 0x10, 0x0, 0x0,

    /* U+2192 "→" */
    0x0, 0x0, 0x0, 0x0, 0x5, 0x0, 0x0, 0x0,
    0x0, 0x0, 0x0, 0x7, 0x90, 0x0, 0x0, 0x0,
    0x0, 0x0, 0x0, 0xdb, 0x10, 0x1d, 0xdd, 0xdd,
    0xdd, 0xdd, 0xef, 0xf6, 0x2, 0x22, 0x22, 0x22,
    0x22, 0xbe, 0x60, 0x0, 0x0, 0x0, 0x0, 0x4,
    0xd1, 0x0, 0x0, 0x0, 0x0, 0x0, 0x8, 0x10,
    0x0,

    /* U+2587 "▇" */
    0x3f, 0xff, 0xff, 0xff, 0xff, 0xff, 0xf3, 0x3f,
    0xff, 0xff, 0xff, 0xff, 0xff, 0xf3, 0x3f, 0xff,
    0xff, 0xff, 0xff, 0xff, 0xf3, 0x3f, 0xff, 0xff,
    0xff, 0xff, 0xff, 0xf3, 0x3f, 0xff, 0xff, 0xff,
    0xff, 0xff, 0xf3, 0x3f, 0xff, 0xff, 0xff, 0xff,
    0xff, 0xf3, 0x3f, 0xff, 0xff, 0xff, 0xff, 0xff,
    0xf3, 0x3f, 0xff, 0xff, 0xff, 0xff, 0xff, 0xf3,
    0x3f, 0xff, 0xff, 0xff, 0xff, 0xff, 0xf3, 0x3f,
    0xff, 0xff, 0xff, 0xff, 0xff, 0xf3, 0x3f, 0xff,
    0xff, 0xff, 0xff, 0xff, 0xf3, 0x3f, 0xff, 0xff,
    0xff, 0xff, 0xff, 0xf3, 0x3f, 0xff, 0xff, 0xff,
    0xff, 0xff, 0xf3, 0x3f, 0xff, 0xff, 0xff, 0xff,
    0xff, 0xf3, 0x3f, 0xff, 0xff, 0xff, 0xff, 0xff,
    0xf3, 0x3f, 0xff, 0xff, 0xff, 0xff, 0xff, 0xf3,
    0x3f, 0xff, 0xff, 0xff, 0xff, 0xff, 0xf3, 0x3f,
    0xff, 0xff, 0xff, 0xff, 0xff, 0xf3, 0x3f, 0xff,
    0xff, 0xff, 0xff, 0xff, 0xf3, 0x3f, 0xff, 0xff,
    0xff, 0xff, 0xff, 0xf3, 0x3f, 0xff, 0xff, 0xff,
    0xff, 0xff, 0xf3, 0x4, 0x44, 0x44, 0x44, 0x44,
    0x44, 0x40,

    /* U+3001 "、" */
    0x1, 0x10, 0x0, 0xc, 0xe3, 0x0, 0x3, 0xff,
    0x40, 0x0, 0x4f, 0xf3, 0x0, 0xa, 0xf5, 0x0,
    0x2, 0x40,

    /* U+3002 "。" */
    0x1, 0x9c, 0xa1, 0x0, 0xcc, 0x6b, 0xe0, 0x2f,
    0x10, 0xe, 0x53, 0xf0, 0x0, 0xd5, 0xd, 0xa4,
    0x9f, 0x10, 0x2b, 0xfc, 0x30,

    /* U+3008 "〈" */
    0x0, 0x0, 0x0, 0x10, 0x0, 0x0, 0x7, 0xf1,
    0x0, 0x0, 0x1e, 0x80, 0x0, 0x0, 0x9e, 0x0,
    0x0, 0x2, 0xf5, 0x0, 0x0, 0xb, 0xc0, 0x0,
    0x0, 0x4f, 0x30, 0x0, 0x0, 0xda, 0x0, 0x0,
    0x6, 0xf2, 0x0, 0x0, 0x1e, 0x80, 0x0, 0x0,
    0xe, 0x80, 0x0, 0x0, 0x6, 0xf2, 0x0, 0x0,
    0x0, 0xdb, 0x0, 0x0, 0x0, 0x4f, 0x40, 0x0,
    0x0, 0xa, 0xd0, 0x0, 0x0, 0x2, 0xf6, 0x0,
    0x0, 0x0, 0x8e, 0x0, 0x0, 0x0, 0xe, 0x80,
    0x0, 0x0, 0x6, 0xf2,

    /* U+3009 "〉" */
    0x1, 0x0, 0x0, 0x0, 0x1f, 0x70, 0x0, 0x0,
    0x8, 0xe1, 0x0, 0x0, 0x0, 0xe9, 0x0, 0x0,
    0x0, 0x5f, 0x20, 0x0, 0x0, 0xc, 0xb0, 0x0,
    0x0, 0x3, 0xf4, 0x0, 0x0, 0x0, 0xad, 0x0,
    0x0, 0x0, 0x1f, 0x60, 0x0, 0x0, 0x8, 0xe1,
    0x0, 0x0, 0x8, 0xe0, 0x0, 0x0, 0x2f, 0x60,
    0x0, 0x0, 0xac, 0x0, 0x0, 0x3, 0xf4, 0x0,
    0x0, 0xc, 0xa0, 0x0, 0x0, 0x6f, 0x20, 0x0,
    0x0, 0xe8, 0x0, 0x0, 0x8, 0xe0, 0x0, 0x0,
    0x2f, 0x60, 0x0, 0x0,

    /* U+300A "《" */
    0x0, 0x0, 0x1, 0x0, 0x10, 0x0, 0x2, 0xe0,
    0x6a, 0x0, 0x0, 0xb5, 0x1e, 0x10, 0x0, 0x4c,
    0x9, 0x80, 0x0, 0xd, 0x32, 0xe0, 0x0, 0x6,
    0xa0, 0xb5, 0x0, 0x1, 0xe1, 0x4c, 0x0, 0x0,
    0x98, 0xd, 0x30, 0x0, 0x2e, 0x6, 0xa0, 0x0,
    0xb, 0x60, 0xe2, 0x0, 0x0, 0xa6, 0xe, 0x20,
    0x0, 0x2, 0xe1, 0x6b, 0x0, 0x0, 0x8, 0x90,
    0xc4, 0x0, 0x0, 0xd, 0x23, 0xd0, 0x0, 0x0,
    0x5b, 0xa, 0x60, 0x0, 0x0, 0xc5, 0x1e, 0x10,
    0x0, 0x3, 0xd0, 0x89, 0x0, 0x0, 0x9, 0x70,
    0xe2, 0x0, 0x0, 0x1e, 0x15, 0xb0,

    /* U+300B "》" */
    0x10, 0x1, 0x0, 0x0, 0xa, 0x60, 0xe2, 0x0,
    0x0, 0x1e, 0x15, 0xb0, 0x0, 0x0, 0x89, 0xc,
    0x40, 0x0, 0x0, 0xe2, 0x3d, 0x0, 0x0, 0x6,
    0xb0, 0xa7, 0x0, 0x0, 0xc, 0x41, 0xe1, 0x0,
    0x0, 0x3d, 0x8, 0x90, 0x0, 0x0, 0xa6, 0xe,
    0x20, 0x0, 0x2, 0xe0, 0x6b, 0x0, 0x0, 0x2e,
    0x6, 0xa0, 0x0, 0xb, 0x51, 0xe2, 0x0, 0x4,
    0xc0, 0x98, 0x0, 0x0, 0xd3, 0x2d, 0x0, 0x0,
    0x6a, 0xb, 0x50, 0x0, 0x1e, 0x15, 0xc0, 0x0,
    0x9, 0x80, 0xd3, 0x0, 0x2, 0xd0, 0x79, 0x0,
    0x0, 0xb5, 0x1e, 0x10, 0x0, 0x0,

    /* U+3010 "【" */
    0x11, 0x11, 0x11, 0xef, 0xff, 0xf8, 0xef, 0xff,
    0xe0, 0xef, 0xff, 0x70, 0xef, 0xff, 0x10, 0xef,
    0xfb, 0x0, 0xef, 0xf7, 0x0, 0xef, 0xf4, 0x0,
    0xef, 0xf3, 0x0, 0xef, 0xf1, 0x0, 0xef, 0xf2,
    0x0, 0xef, 0xf3, 0x0, 0xef, 0xf4, 0x0, 0xef,
    0xf7, 0x0, 0xef, 0xfb, 0x0, 0xef, 0xff, 0x10,
    0xef, 0xff, 0x70, 0xef, 0xff, 0xe0, 0xef, 0xff,
    0xf8,

    /* U+3011 "】" */
    0x11, 0x11, 0x11, 0x8f, 0xff, 0xfe, 0xe, 0xff,
    0xfe, 0x7, 0xff, 0xfe, 0x1, 0xff, 0xfe, 0x0,
    0xbf, 0xfe, 0x0, 0x7f, 0xfe, 0x0, 0x4f, 0xfe,
    0x0, 0x3f, 0xfe, 0x0, 0x2f, 0xfe, 0x0, 0x2f,
    0xfe, 0x0, 0x3f, 0xfe, 0x0, 0x4f, 0xfe, 0x0,
    0x8f, 0xfe, 0x0, 0xbf, 0xfe, 0x1, 0xff, 0xfe,
    0x7, 0xff, 0xfe, 0xe, 0xff, 0xfe, 0x8f, 0xff,
    0xfe,

    /* U+4E00 "一" */
    0x6b, 0xbb, 0xbb, 0xbb, 0xbb, 0xbb, 0xbb, 0xba,
    0x8f, 0xff, 0xff, 0xff, 0xff, 0xff, 0xff, 0xfe,

    /* U+4E07 "万" */
    0x28, 0x88, 0x88, 0x88, 0x88, 0x88, 0x88, 0x88,
    0x88, 0x14, 0xff, 0xff, 0xff, 0xff, 0xff, 0xff,
    0xff, 0xff, 0xf2, 0x0, 0x0, 0x0, 0xdc, 0x0,
    0x0, 0x0, 0x0, 0x0, 0x0, 0x0, 0x0, 0xe,
    0xc0, 0x0, 0x0, 0x0, 0x0, 0x0, 0x0, 0x0,
    0x0, 0xed, 0x77, 0x77, 0x77, 0x70, 0x0, 0x0,
    0x0, 0x0, 0xf, 0xff, 0xff, 0xff, 0xff, 0x0,
    0x0, 0x0, 0x0, 0x2, 0xf9, 0x0, 0x0, 0xa,
    0xf0, 0x0, 0x0, 0x0, 0x0, 0x4f, 0x60, 0x0,
    0x0, 0xcd, 0x0, 0x0, 0x0, 0x0, 0x8, 0xf2,
    0x0, 0x0, 0xd, 0xb0, 0x0, 0x0, 0x0, 0x0,
    0xde, 0x0, 0x0, 0x0, 0xf9, 0x0, 0x0, 0x0,
    0x0, 0x4f, 0x80, 0x0, 0x0, 0x3f, 0x60, 0x0,
    0x0, 0x0, 0xd, 0xf1, 0x0, 0x0, 0x6, 0xf3,
    0x0, 0x0, 0x0, 0x9, 0xf7, 0x0, 0x0, 0x0,
    0xbf, 0x0, 0x0, 0x0, 0x9, 0xfb, 0x0, 0x0,
    0x30, 0x1f, 0xc0, 0x0, 0x0, 0x2c, 0xfc, 0x0,
    0x0, 0xb, 0xdc, 0xf7, 0x0, 0x0, 0x4, 0xfa,
    0x0, 0x0, 0x0, 0x4c, 0xfa, 0x0, 0x0, 0x0,
    0x1, 0x0, 0x0, 0x0, 0x0, 0x0, 0x0, 0x0,
    0x0, 0x0,

    /* U+4E09 "三" */
    0x0, 0x0, 0x0, 0x0, 0x0, 0x0, 0x0, 0x0,
    0x0, 0x0, 0xff, 0xff, 0xff, 0xff, 0xff, 0xff,
    0xff, 0x10, 0x0, 0x88, 0x88, 0x88, 0x88, 0x88,
    0x88, 0x88, 0x0, 0x0, 0x0, 0x0, 0x0, 0x0,
    0x0, 0x0, 0x0, 0x0, 0x0, 0x0, 0x0, 0x0,
    0x0, 0x0, 0x0, 0x0, 0x0, 0x0, 0x0, 0x0,
    0x0, 0x0, 0x0, 0x0, 0x0, 0x0, 0x0, 0x5,
    0x77, 0x77, 0x77, 0x77, 0x77, 0x60, 0x0, 0x0,
    0xc, 0xff, 0xff, 0xff, 0xff, 0xff, 0xe0, 0x0,
    0x0, 0x0, 0x0, 0x0, 0x0, 0x0, 0x0, 0x0,
    0x0, 0x0, 0x0, 0x0, 0x0, 0x0, 0x0, 0x0,
    0x0, 0x0, 0x0, 0x0, 0x0, 0x0, 0x0, 0x0,
    0x0, 0x0, 0x0, 0x0, 0x0, 0x0, 0x0, 0x0,
    0x0, 0x0, 0x0, 0x0, 0x0, 0x0, 0x0, 0x0,
    0x0, 0x0, 0x0, 0x0, 0x0, 0xf, 0xff, 0xff,
    0xff, 0xff, 0xff, 0xff, 0xff, 0xf3, 0x7, 0x77,
    0x77, 0x77, 0x77, 0x77, 0x77, 0x77, 0x71,

    /* U+4E0A "上" */
    0x0, 0x0, 0x0, 0x1, 0x10, 0x0, 0x0, 0x0,
    0x0, 0x0, 0x0, 0x0, 0x8, 0xf0, 0x0, 0x0,
    0x0, 0x0, 0x0, 0x0, 0x0, 0x8, 0xf0, 0x0,
    0x0, 0x0, 0x0, 0x0, 0x0, 0x0, 0x8, 0xf0,
    0x0, 0x0, 0x0, 0x0, 0x0, 0x0, 0x0, 0x8,
    0xf0, 0x0, 0x0, 0x0, 0x0, 0x0, 0x0, 0x0,
    0x8, 0xf0, 0x0, 0x0, 0x0, 0x0, 0x0, 0x0,
    0x0, 0x8, 0xf7, 0x77, 0x77, 0x76, 0x0, 0x0,
    0x0, 0x0, 0x8, 0xff, 0xff, 0xff, 0xfc, 0x0,
    0x0, 0x0, 0x0, 0x8, 0xf0, 0x0, 0x0, 0x0,
    0x0, 0x0, 0x0, 0x0, 0x8, 0xf0, 0x0, 0x0,
    0x0, 0x0, 0x0, 0x0, 0x0, 0x8, 0xf0, 0x0,
    0x0, 0x0, 0x0, 0x0, 0x0, 0x0, 0x8, 0xf0,
    0x0, 0x0, 0x0, 0x0, 0x0, 0x0, 0x0, 0x8,
    0xf0, 0x0, 0x0, 0x0, 0x0, 0x0, 0x0, 0x0,
    0x8, 0xf0, 0x0, 0x0, 0x0, 0x0, 0x0, 0x0,
    0x0, 0x8, 0xf0, 0x0, 0x0, 0x0, 0x0, 0x8,
    0x88, 0x88, 0x8c, 0xf8, 0x88, 0x88, 0x88, 0x84,
    0x1f, 0xff, 0xff, 0xff, 0xff, 0xff, 0xff, 0xff,
    0xf9,

    /* U+4E0B "下" */
    0x7, 0x77, 0x77, 0x77, 0x77, 0x77, 0x77, 0x77,
    0x74, 0x1f, 0xff, 0xff, 0xff, 0xff, 0xff, 0xff,
    0xff, 0xf8, 0x0, 0x0, 0x0, 0x6, 0xf4, 0x0,
    0x0, 0x0, 0x0, 0x0, 0x0, 0x0, 0x5, 0xf3,
    0x0, 0x0, 0x0, 0x0, 0x0, 0x0, 0x0, 0x5,
    0xf3, 0x0, 0x0, 0x0, 0x0, 0x0, 0x0, 0x0,
    0x5, 0xf3, 0x0, 0x0, 0x0, 0x0, 0x0, 0x0,
    0x0, 0x5, 0xf3, 0x42, 0x0, 0x0, 0x0, 0x0,
    0x0, 0x0, 0x5, 0xf4, 0xdf, 0x91, 0x0, 0x0,
    0x0, 0x0, 0x0, 0x5, 0xf3, 0x8, 0xfe, 0x20,
    0x0, 0x0, 0x0, 0x0, 0x5, 0xf3, 0x0, 0x4e,
    0xf3, 0x0, 0x0, 0x0, 0x0, 0x5, 0xf3, 0x0,
    0x2, 0xed, 0x0, 0x0, 0x0, 0x0, 0x5, 0xf3,
    0x0, 0x0, 0x33, 0x0, 0x0, 0x0, 0x0, 0x5,
    0xf3, 0x0, 0x0, 0x0, 0x0, 0x0, 0x0, 0x0,
    0x5, 0xf3, 0x0, 0x0, 0x0, 0x0, 0x0, 0x0,
    0x0, 0x5, 0xf3, 0x0, 0x0, 0x0, 0x0, 0x0,
    0x0, 0x0, 0x5, 0xf3, 0x0, 0x0, 0x0, 0x0,
    0x0, 0x0, 0x0, 0x5, 0xf3, 0x0, 0x0, 0x0,
    0x0,

    /* U+4E0D "不" */
    0x7, 0x77, 0x77, 0x77, 0x77, 0x77, 0x77, 0x77,
    0x74, 0x1f, 0xff, 0xff, 0xff, 0xff, 0xff, 0xff,
    0xff, 0xfa, 0x0, 0x0, 0x0, 0x0, 0x2f, 0xd1,
    0x0, 0x0, 0x0, 0x0, 0x0, 0x0, 0x0, 0xbf,
    0x30, 0x0, 0x0, 0x0, 0x0, 0x0, 0x0, 0x7,
    0xfe, 0x0, 0x0, 0x0, 0x0, 0x0, 0x0, 0x0,
    0x5f, 0xfe, 0xa, 0x40, 0x0, 0x0, 0x0, 0x0,
    0x6, 0xfb, 0xbe, 0x2c, 0xfb, 0x10, 0x0, 0x0,
    0x0, 0x9f, 0xa0, 0xbe, 0x0, 0x6f, 0xe3, 0x0,
    0x0, 0x4d, 0xf8, 0x0, 0xbe, 0x0, 0x2, 0xdf,
    0x40, 0x1b, 0xfd, 0x30, 0x0, 0xbe, 0x0, 0x0,
    0x1d, 0xf4, 0xb, 0x70, 0x0, 0x0, 0xbe, 0x0,
    0x0, 0x1, 0xd4, 0x0, 0x0, 0x0, 0x0, 0xbe,
    0x0, 0x0, 0x0, 0x0, 0x0, 0x0, 0x0, 0x0,
    0xbe, 0x0, 0x0, 0x0, 0x0, 0x0, 0x0, 0x0,
    0x0, 0xbe, 0x0, 0x0, 0x0, 0x0, 0x0, 0x0,
    0x0, 0x0, 0xbe, 0x0, 0x0, 0x0, 0x0, 0x0,
    0x0, 0x0, 0x0, 0xbe, 0x0, 0x0, 0x0, 0x0,
    0x0, 0x0, 0x0, 0x0, 0xbe, 0x0, 0x0, 0x0,
    0x0,

    /* U+4E0E "与" */
    0x0, 0x4, 0x80, 0x0, 0x0, 0x0, 0x0, 0x0,
    0x0, 0x0, 0x9, 0xf0, 0x0, 0x0, 0x0, 0x0,
    0x0, 0x0, 0x0, 0xa, 0xe0, 0x0, 0x0, 0x0,
    0x0, 0x0, 0x0, 0x0, 0xc, 0xff, 0xff, 0xff,
    0xff, 0xff, 0xff, 0xf5, 0x0, 0xe, 0xea, 0xaa,
    0xaa, 0xaa, 0xaa, 0xaa, 0xa4, 0x0, 0xf, 0x90,
    0x0, 0x0, 0x0, 0x0, 0x0, 0x0, 0x0, 0x2f,
    0x70, 0x0, 0x0, 0x0, 0x0, 0x0, 0x0, 0x0,
    0x3f, 0xb9, 0x99, 0x99, 0x99, 0x99, 0x80, 0x0,
    0x0, 0x5f, 0xff, 0xff, 0xff, 0xff, 0xff, 0xd0,
    0x0, 0x0, 0x7f, 0x20, 0x0, 0x0, 0x0, 0xd,
    0xc0, 0x0, 0x0, 0x26, 0x0, 0x0, 0x0, 0x0,
    0xe, 0xb0, 0x0, 0x78, 0x88, 0x88, 0x88, 0x88,
    0x88, 0x8f, 0xd8, 0x82, 0xdf, 0xff, 0xff, 0xff,
    0xff, 0xff, 0xff, 0xff, 0xf4, 0x0, 0x0, 0x0,
    0x0, 0x0, 0x0, 0x2f, 0x80, 0x0, 0x0, 0x0,
    0x0, 0x0, 0x0, 0x0, 0x3f, 0x60, 0x0, 0x0,
    0x0, 0x0, 0x0, 0x0, 0x0, 0x6f, 0x40, 0x0,
    0x0, 0x0, 0x0, 0x0, 0x4f, 0xca, 0xef, 0x0,
    0x0, 0x0, 0x0, 0x0, 0x0, 0x1b, 0xdf, 0xd4,
    0x0, 0x0,

    /* U+4E2A "个" */
    0x0, 0x0, 0x0, 0x0, 0x0, 0x0, 0x0, 0x0,
    0x0, 0x0, 0x0, 0x0, 0x0, 0x0, 0x9, 0xa0,
    0x0, 0x0, 0x0, 0x0, 0x0, 0x0, 0x0, 0x0,
    0x3f, 0xe0, 0x0, 0x0, 0x0, 0x0, 0x0, 0x0,
    0x0, 0x0, 0xdf, 0xf9, 0x0, 0x0, 0x0, 0x0,
    0x0, 0x0, 0x0, 0xa, 0xf5, 0x7f, 0x50, 0x0,
    0x0, 0x0, 0x0, 0x0, 0x0, 0x8f, 0xa0, 0xb,
    0xf4, 0x0, 0x0, 0x0, 0x0, 0x0, 0x7, 0xfb,
    0x6, 0x40, 0xcf, 0x50, 0x0, 0x0, 0x0, 0x0,
    0xaf, 0xc0, 0xe, 0x90, 0x1c, 0xf9, 0x0, 0x0,
    0x0, 0x4d, 0xfa, 0x0, 0xe, 0x90, 0x0, 0x9f,
    0xc2, 0x0, 0x1b, 0xff, 0x60, 0x0, 0xe, 0x90,
    0x0, 0x6, 0xef, 0x80, 0x9, 0x91, 0x0, 0x0,
    0xe, 0x90, 0x0, 0x0, 0x19, 0x40, 0x0, 0x0,
    0x0, 0x0, 0xe, 0x90, 0x0, 0x0, 0x0, 0x0,
    0x0, 0x0, 0x0, 0x0, 0xe, 0x90, 0x0, 0x0,
    0x0, 0x0, 0x0, 0x0, 0x0, 0x0, 0xe, 0x90,
    0x0, 0x0, 0x0, 0x0, 0x0, 0x0, 0x0, 0x0,
    0xe, 0x90, 0x0, 0x0, 0x0, 0x0, 0x0, 0x0,
    0x0, 0x0, 0xe, 0x90, 0x0, 0x0, 0x0, 0x0,
    0x0, 0x0, 0x0, 0x0, 0xe, 0x90, 0x0, 0x0,
    0x0, 0x0, 0x0, 0x0, 0x0, 0x0, 0xe, 0x90,
    0x0, 0x0, 0x0, 0x0, 0x0, 0x0, 0x0, 0x0,
    0xe, 0x90, 0x0, 0x0, 0x0, 0x0,

    /* U+4E2D "中" */
    0x0, 0x0, 0x0, 0xd, 0x70, 0x0, 0x0, 0x0,
    0x0, 0x0, 0x0, 0xf, 0x90, 0x0, 0x0, 0x0,
    0x0, 0x0, 0x0, 0xf, 0x90, 0x0, 0x0, 0x0,
    0x0, 0x0, 0x0, 0xf, 0x90, 0x0, 0x0, 0x0,
    0x7f, 0xff, 0xff, 0xff, 0xff, 0xff, 0xff, 0xf1,
    0x8f, 0x88, 0x88, 0x8f, 0xc8, 0x88, 0x8c, 0xf1,
    0x8f, 0x10, 0x0, 0xf, 0x90, 0x0, 0x7, 0xf1,
    0x8f, 0x10, 0x0, 0xf, 0x90, 0x0, 0x7, 0xf1,
    0x8f, 0x10, 0x0, 0xf, 0x90, 0x0, 0x7, 0xf1,
    0x8f, 0x10, 0x0, 0xf, 0x90, 0x0, 0x7, 0xf1,
    0x8f, 0xff, 0xff, 0xff, 0xff, 0xff, 0xff, 0xf1,
    0x8f, 0x88, 0x88, 0x8f, 0xc8, 0x88, 0x8c, 0xf1,
    0x7e, 0x10, 0x0, 0xf, 0x90, 0x0, 0x6, 0xd1,
    0x0, 0x0, 0x0, 0xf, 0x90, 0x0, 0x0, 0x0,
    0x0, 0x0, 0x0, 0xf, 0x90, 0x0, 0x0, 0x0,
    0x0, 0x0, 0x0, 0xf, 0x90, 0x0, 0x0, 0x0,
    0x0, 0x0, 0x0, 0xf, 0x90, 0x0, 0x0, 0x0,
    0x0, 0x0, 0x0, 0xf, 0x90, 0x0, 0x0, 0x0,

    /* U+4E3A "为" */
    0x0, 0x0, 0x0, 0x5, 0x80, 0x0, 0x0, 0x0,
    0x0, 0x2a, 0x20, 0x9, 0xf0, 0x0, 0x0, 0x0,
    0x0, 0x4e, 0xe2, 0x9, 0xf0, 0x0, 0x0, 0x0,
    0x0, 0x2, 0xed, 0x9, 0xf0, 0x0, 0x0, 0x0,
    0x0, 0x0, 0x44, 0x9, 0xf0, 0x0, 0x0, 0x0,
    0x6f, 0xff, 0xff, 0xff, 0xff, 0xff, 0xff, 0xf9,
    0x38, 0x88, 0x88, 0x8c, 0xf8, 0x88, 0x88, 0xe9,
    0x0, 0x0, 0x0, 0xa, 0xe0, 0x0, 0x0, 0xe9,
    0x0, 0x0, 0x0, 0xb, 0xc0, 0x20, 0x0, 0xe8,
    0x0, 0x0, 0x0, 0xf, 0xaa, 0xe1, 0x0, 0xf7,
    0x0, 0x0, 0x0, 0x2f, 0x61, 0xec, 0x0, 0xf7,
    0x0, 0x0, 0x0, 0x7f, 0x10, 0x4f, 0x61, 0xf6,
    0x0, 0x0, 0x0, 0xeb, 0x0, 0xb, 0xc2, 0xf5,
    0x0, 0x0, 0x9, 0xf3, 0x0, 0x2, 0x4, 0xf3,
    0x0, 0x0, 0x7f, 0x90, 0x0, 0x0, 0x6, 0xf1,
    0x0, 0x1a, 0xfa, 0x0, 0x0, 0x0, 0x9, 0xf0,
    0x8, 0xff, 0x80, 0x0, 0x0, 0x8a, 0x8e, 0xb0,
    0x8, 0xc3, 0x0, 0x0, 0x0, 0x5d, 0xfd, 0x20,
    0x0, 0x0, 0x0, 0x0, 0x0, 0x0, 0x0, 0x0,

    /* U+4E45 "久" */
    0x0, 0x0, 0x0, 0x27, 0x0, 0x0, 0x0, 0x0,
    0x0, 0x0, 0x0, 0x0, 0x8, 0xf2, 0x0, 0x0,
    0x0, 0x0, 0x0, 0x0, 0x0, 0x0, 0xce, 0x0,
    0x0, 0x0, 0x0, 0x0, 0x0, 0x0, 0x0, 0x1f,
    0xd8, 0x88, 0x87, 0x0, 0x0, 0x0, 0x0, 0x0,
    0x8, 0xff, 0xff, 0xff, 0xf0, 0x0, 0x0, 0x0,
    0x0, 0x0, 0xfc, 0x0, 0x0, 0xeb, 0x0, 0x0,
    0x0, 0x0, 0x0, 0x9f, 0x40, 0x0, 0x5f, 0x60,
    0x0, 0x0, 0x0, 0x0, 0x3f, 0xc0, 0x0, 0xc,
    0xf1, 0x0, 0x0, 0x0, 0x0, 0x1e, 0xf2, 0x0,
    0x5, 0xf8, 0x0, 0x0, 0x0, 0x0, 0xc, 0xf6,
    0x0, 0x0, 0xef, 0x10, 0x0, 0x0, 0x0, 0x0,
    0x98, 0x0, 0x0, 0x9f, 0xf6, 0x0, 0x0, 0x0,
    0x0, 0x0, 0x0, 0x0, 0x6f, 0xbc, 0xe0, 0x0,
    0x0, 0x0, 0x0, 0x0, 0x0, 0x4f, 0xd0, 0x3f,
    0x90, 0x0, 0x0, 0x0, 0x0, 0x0, 0x5f, 0xe2,
    0x0, 0x8f, 0x70, 0x0, 0x0, 0x0, 0x0, 0x8f,
    0xe2, 0x0, 0x0, 0xbf, 0x60, 0x0, 0x0, 0x2,
    0xcf, 0xc1, 0x0, 0x0, 0x0, 0xcf, 0x90, 0x0,
    0x9, 0xff, 0x80, 0x0, 0x0, 0x0, 0x0, 0x9f,
    0xe7, 0x0, 0x8a, 0x20, 0x0, 0x0, 0x0, 0x0,
    0x0, 0x4c, 0x60, 0x0, 0x0, 0x0, 0x0, 0x0,
    0x0, 0x0, 0x0, 0x0, 0x0,

    /* U+4E5F "也" */
    0x0, 0x0, 0x0, 0x0, 0x4a, 0x0, 0x0, 0x0,
    0x0, 0x0, 0x0, 0x0, 0x0, 0x7f, 0x10, 0x0,
    0x0, 0x0, 0x0, 0x0, 0x0, 0x0, 0x7f, 0x10,
    0x0, 0x0, 0x0, 0x0, 0x5, 0xb0, 0x0, 0x7f,
    0x10, 0x0, 0x0, 0x0, 0x0, 0x7, 0xf1, 0x0,
    0x7f, 0x10, 0x3, 0x79, 0x0, 0x0, 0x7, 0xf1,
    0x0, 0x7f, 0x8b, 0xff, 0xfb, 0x0, 0x0, 0x7,
    0xf5, 0x8c, 0xff, 0xfc, 0x85, 0xea, 0x0, 0x4,
    0x9e, 0xff, 0xfc, 0xcf, 0x10, 0x0, 0xf9, 0x0,
    0x3f, 0xfe, 0xf5, 0x0, 0x7f, 0x10, 0x1, 0xf7,
    0x0, 0x3, 0x7, 0xf1, 0x0, 0x7f, 0x10, 0x4,
    0xf5, 0x0, 0x0, 0x7, 0xf1, 0x0, 0x7f, 0x10,
    0x8, 0xf3, 0x0, 0x0, 0x7, 0xf1, 0x0, 0x7f,
    0x5a, 0x5d, 0xf0, 0x0, 0x0, 0x7, 0xf1, 0x0,
    0x7f, 0x3d, 0xff, 0x70, 0x0, 0x0, 0x7, 0xf1,
    0x0, 0x7f, 0x10, 0x22, 0x4, 0xe3, 0x0, 0x7,
    0xf1, 0x0, 0x0, 0x0, 0x0, 0x7, 0xf1, 0x0,
    0x6, 0xf8, 0x44, 0x44, 0x44, 0x44, 0x4d, 0xc0,
    0x0, 0x1, 0xdf, 0xff, 0xff, 0xff, 0xff, 0xfe,
    0x40, 0x0, 0x0, 0x2, 0x22, 0x22, 0x22, 0x22,
    0x20, 0x0,

    /* U+4E86 "了" */
    0x27, 0x77, 0x77, 0x77, 0x77, 0x77, 0x75, 0x5f,
    0xff, 0xff, 0xff, 0xff, 0xff, 0xfc, 0x0, 0x0,
    0x0, 0x0, 0x0, 0x1d, 0xf4, 0x0, 0x0, 0x0,
    0x0, 0x3, 0xef, 0x40, 0x0, 0x0, 0x0, 0x0,
    0x7f, 0xe3, 0x0, 0x0, 0x0, 0x0, 0x2d, 0xfa,
    0x10, 0x0, 0x0, 0x0, 0x0, 0x4f, 0x60, 0x0,
    0x0, 0x0, 0x0, 0x0, 0x4f, 0x40, 0x0, 0x0,
    0x0, 0x0, 0x0, 0x4f, 0x40, 0x0, 0x0, 0x0,
    0x0, 0x0, 0x4f, 0x40, 0x0, 0x0, 0x0, 0x0,
    0x0, 0x4f, 0x40, 0x0, 0x0, 0x0, 0x0, 0x0,
    0x4f, 0x40, 0x0, 0x0, 0x0, 0x0, 0x0, 0x4f,
    0x40, 0x0, 0x0, 0x0, 0x0, 0x0, 0x4f, 0x40,
    0x0, 0x0, 0x0, 0x0, 0x0, 0x4f, 0x40, 0x0,
    0x0, 0x0, 0x6, 0x99, 0xbf, 0x40, 0x0, 0x0,
    0x0, 0x5, 0xff, 0xfb, 0x0, 0x0, 0x0, 0x0,
    0x0, 0x0, 0x0, 0x0, 0x0, 0x0,

    /* U+4E8B "事" */
    0x0, 0x0, 0x0, 0x0, 0xa9, 0x0, 0x0, 0x0,
    0x0, 0x34, 0x44, 0x44, 0x44, 0xdd, 0x44, 0x44,
    0x44, 0x42, 0xdf, 0xff, 0xff, 0xff, 0xff, 0xff,
    0xff, 0xff, 0xfa, 0x12, 0x22, 0x22, 0x22, 0xdc,
    0x22, 0x22, 0x22, 0x21, 0x0, 0x7f, 0xff, 0xff,
    0xff, 0xff, 0xff, 0xf5, 0x0, 0x0, 0x7f, 0x77,
    0x77, 0xed, 0x77, 0x78, 0xf5, 0x0, 0x0, 0x7f,
    0x55, 0x55, 0xdd, 0x55, 0x56, 0xf5, 0x0, 0x0,
    0x7f, 0xff, 0xff, 0xff, 0xff, 0xff, 0xf5, 0x0,
    0x0, 0x0, 0x1, 0x11, 0xdc, 0x11, 0x11, 0x10,
    0x0, 0x0, 0xef, 0xff, 0xff, 0xff, 0xff, 0xff,
    0xff, 0x0, 0x0, 0x67, 0x77, 0x77, 0xed, 0x77,
    0x77, 0xbf, 0x0, 0x56, 0x66, 0x66, 0x66, 0xed,
    0x66, 0x66, 0xbf, 0x65, 0xef, 0xff, 0xff, 0xff,
    0xff, 0xff, 0xff, 0xff, 0xfd, 0x0, 0x0, 0x0,
    0x0, 0xcb, 0x0, 0x0, 0x8f, 0x0, 0x0, 0xef,
    0xff, 0xff, 0xff, 0xff, 0xff, 0xff, 0x0, 0x0,
    0x66, 0x66, 0x66, 0xed, 0x66, 0x66, 0x66, 0x0,
    0x0, 0x0, 0x5, 0x65, 0xfb, 0x0, 0x0, 0x0,
    0x0, 0x0, 0x0, 0x7, 0xff, 0xd4, 0x0, 0x0,
    0x0, 0x0, 0x0, 0x0, 0x0, 0x0, 0x0, 0x0,
    0x0, 0x0, 0x0,

    /* U+4E8C "二" */
    0x0, 0x0, 0x0, 0x0, 0x0, 0x0, 0x0, 0x0,
    0x0, 0xaf, 0xff, 0xff, 0xff, 0xff, 0xff, 0xff,
    0x0, 0x5, 0x88, 0x88, 0x88, 0x88, 0x88, 0x88,
    0x80, 0x0, 0x0, 0x0, 0x0, 0x0, 0x0, 0x0,
    0x0, 0x0, 0x0, 0x0, 0x0, 0x0, 0x0, 0x0,
    0x0, 0x0, 0x0, 0x0, 0x0, 0x0, 0x0, 0x0,
    0x0, 0x0, 0x0, 0x0, 0x0, 0x0, 0x0, 0x0,
    0x0, 0x0, 0x0, 0x0, 0x0, 0x0, 0x0, 0x0,
    0x0, 0x0, 0x0, 0x0, 0x0, 0x0, 0x0, 0x0,
    0x0, 0x0, 0x0, 0x0, 0x0, 0x0, 0x0, 0x0,
    0x0, 0x0, 0x0, 0x0, 0x0, 0xaa, 0xaa, 0xaa,
    0xaa, 0xaa, 0xaa, 0xaa, 0xaa, 0x3f, 0xff, 0xff,
    0xff, 0xff, 0xff, 0xff, 0xff, 0xf5,

    /* U+4E91 "云" */
    0x0, 0x0, 0x0, 0x0, 0x0, 0x0, 0x0, 0x0,
    0x0, 0x0, 0x6f, 0xff, 0xff, 0xff, 0xff, 0xff,
    0xff, 0x20, 0x0, 0x27, 0x77, 0x77, 0x77, 0x77,
    0x77, 0x77, 0x10, 0x0, 0x0, 0x0, 0x0, 0x0,
    0x0, 0x0, 0x0, 0x0, 0x0, 0x0, 0x0, 0x0,
    0x0, 0x0, 0x0, 0x0, 0x0, 0x0, 0x0, 0x0,
    0x0, 0x0, 0x0, 0x0, 0x0, 0x0, 0x38, 0x88,
    0x88, 0x88, 0x88, 0x88, 0x88, 0x88, 0x87, 0x5f,
    0xff, 0xff, 0xff, 0xff, 0xff, 0xff, 0xff, 0xfd,
    0x0, 0x0, 0x0, 0x7f, 0x40, 0x0, 0x0, 0x0,
    0x0, 0x0, 0x0, 0x0, 0xdc, 0x0, 0x0, 0x10,
    0x0, 0x0, 0x0, 0x0, 0x5, 0xf5, 0x0, 0x5,
    0xf4, 0x0, 0x0, 0x0, 0x0, 0xd, 0xd0, 0x0,
    0x1, 0xcf, 0x50, 0x0, 0x0, 0x0, 0x6f, 0x40,
    0x0, 0x0, 0xc, 0xf4, 0x0, 0x0, 0x1, 0xea,
    0x0, 0x0, 0x12, 0x35, 0xfe, 0x10, 0x7, 0x8c,
    0xfd, 0xce, 0xff, 0xff, 0xff, 0xff, 0xc0, 0xb,
    0xff, 0xdc, 0xb9, 0x87, 0x54, 0x32, 0x7, 0xf5,
    0x0, 0x0, 0x0, 0x0, 0x0, 0x0, 0x0, 0x0,
    0xd6, 0x0, 0x0, 0x0, 0x0, 0x0, 0x0, 0x0,
    0x0, 0x0,

    /* U+4EAC "京" */
    0x0, 0x0, 0x0, 0x0, 0x47, 0x0, 0x0, 0x0,
    0x0, 0x0, 0x0, 0x0, 0x0, 0x9, 0xf0, 0x0,
    0x0, 0x0, 0x0, 0x28, 0x88, 0x88, 0x88, 0xcf,
    0x88, 0x88, 0x88, 0x86, 0x4, 0xff, 0xff, 0xff,
    0xff, 0xff, 0xff, 0xff, 0xff, 0xc0, 0x0, 0x0,
    0x0, 0x0, 0x0, 0x0, 0x0, 0x0, 0x0, 0x0,
    0x0, 0x26, 0x66, 0x66, 0x66, 0x66, 0x65, 0x0,
    0x0, 0x0, 0x5, 0xff, 0xff, 0xff, 0xff, 0xff,
    0xd0, 0x0, 0x0, 0x0, 0x5f, 0x31, 0x11, 0x11,
    0x11, 0xbd, 0x0, 0x0, 0x0, 0x5, 0xf2, 0x0,
    0x0, 0x0, 0xa, 0xd0, 0x0, 0x0, 0x0, 0x5f,
    0x20, 0x0, 0x0, 0x0, 0xad, 0x0, 0x0, 0x0,
    0x5, 0xff, 0xff, 0xff, 0xff, 0xff, 0xd0, 0x0,
    0x0, 0x0, 0x28, 0x88, 0x8b, 0xf8, 0x88, 0x87,
    0x0, 0x0, 0x0, 0x0, 0x5, 0x60, 0x7f, 0x10,
    0xb7, 0x10, 0x0, 0x0, 0x0, 0x8, 0xf9, 0x7,
    0xf1, 0x29, 0xff, 0x70, 0x0, 0x0, 0x5d, 0xf7,
    0x0, 0x7f, 0x10, 0x1, 0x9f, 0xc2, 0x6, 0xff,
    0xb3, 0x0, 0x7, 0xf1, 0x0, 0x0, 0x4e, 0xe0,
    0x19, 0x30, 0x0, 0x98, 0xdf, 0x0, 0x0, 0x0,
    0x24, 0x0, 0x0, 0x0, 0xb, 0xff, 0x90, 0x0,
    0x0, 0x0, 0x0,

    /* U+4EBA "人" */
    0x0, 0x0, 0x0, 0x0, 0x11, 0x0, 0x0, 0x0,
    0x0, 0x0, 0x0, 0x0, 0x0, 0x9f, 0x0, 0x0,
    0x0, 0x0, 0x0, 0x0, 0x0, 0x0, 0x9f, 0x0,
    0x0, 0x0, 0x0, 0x0, 0x0, 0x0, 0x0, 0xae,
    0x0, 0x0, 0x0, 0x0, 0x0, 0x0, 0x0, 0x0,
    0xbd, 0x0, 0x0, 0x0, 0x0, 0x0, 0x0, 0x0,
    0x0, 0xcc, 0x0, 0x0, 0x0, 0x0, 0x0, 0x0,
    0x0, 0x0, 0xdb, 0x0, 0x0, 0x0, 0x0, 0x0,
    0x0, 0x0, 0x0, 0xfb, 0x0, 0x0, 0x0, 0x0,
    0x0, 0x0, 0x0, 0x4, 0xff, 0x0, 0x0, 0x0,
    0x0, 0x0, 0x0, 0x0, 0xa, 0xff, 0x60, 0x0,
    0x0, 0x0, 0x0, 0x0, 0x0, 0x2f, 0xba, 0xe0,
    0x0, 0x0, 0x0, 0x0, 0x0, 0x0, 0xcf, 0x32,
    0xf9, 0x0, 0x0, 0x0, 0x0, 0x0, 0x8, 0xf9,
    0x0, 0x8f, 0x50, 0x0, 0x0, 0x0, 0x0, 0x7f,
    0xc0, 0x0, 0xc, 0xf3, 0x0, 0x0, 0x0, 0x8,
    0xfd, 0x10, 0x0, 0x1, 0xdf, 0x50, 0x0, 0x1,
    0xaf, 0xc1, 0x0, 0x0, 0x0, 0x1c, 0xf9, 0x10,
    0x3e, 0xf9, 0x0, 0x0, 0x0, 0x0, 0x0, 0x9f,
    0xf6, 0xa, 0x40, 0x0, 0x0, 0x0, 0x0, 0x0,
    0x3, 0xc2,

    /* U+4EBF "亿" */
    0x0, 0x0, 0x4, 0x40, 0x0, 0x0, 0x0, 0x0,
    0x0, 0x0, 0x0, 0x0, 0xac, 0x0, 0x0, 0x0,
    0x0, 0x0, 0x0, 0x0, 0x0, 0xe, 0x97, 0xff,
    0xff, 0xff, 0xff, 0xf6, 0x0, 0x0, 0x2, 0xf5,
    0x48, 0x88, 0x88, 0x88, 0xff, 0x40, 0x0, 0x0,
    0x8f, 0x0, 0x0, 0x0, 0x0, 0xaf, 0x80, 0x0,
    0x0, 0xe, 0xb0, 0x0, 0x0, 0x0, 0x7f, 0xa0,
    0x0, 0x0, 0x5, 0xf5, 0x0, 0x0, 0x0, 0x5f,
    0xb0, 0x0, 0x0, 0x0, 0xdf, 0x20, 0x0, 0x0,
    0x2f, 0xd1, 0x0, 0x0, 0x0, 0x8f, 0xf2, 0x0,
    0x0, 0xd, 0xf2, 0x0, 0x0, 0x0, 0x5f, 0xdf,
    0x20, 0x0, 0xa, 0xf4, 0x0, 0x0, 0x0, 0x1f,
    0xd5, 0xf2, 0x0, 0x7, 0xf8, 0x0, 0x0, 0x0,
    0x0, 0x61, 0x5f, 0x20, 0x4, 0xfb, 0x0, 0x0,
    0x0, 0x0, 0x0, 0x5, 0xf2, 0x1, 0xed, 0x10,
    0x0, 0x0, 0x0, 0x0, 0x0, 0x5f, 0x20, 0xbf,
    0x30, 0x0, 0x0, 0x0, 0x20, 0x0, 0x5, 0xf2,
    0x6f, 0x60, 0x0, 0x0, 0x0, 0xc, 0xb0, 0x0,
    0x5f, 0x28, 0xf5, 0x33, 0x33, 0x33, 0x34, 0xf8,
    0x0, 0x5, 0xf2, 0x2f, 0xff, 0xff, 0xff, 0xff,
    0xff, 0x20, 0x0, 0x5f, 0x20, 0x13, 0x33, 0x33,
    0x33, 0x33, 0x10,

    /* U+4ECA "今" */
    0x0, 0x0, 0x0, 0x0, 0x1, 0x81, 0x0, 0x0,
    0x0, 0x0, 0x0, 0x0, 0x0, 0x0, 0xa, 0xf4,
    0x0, 0x0, 0x0, 0x0, 0x0, 0x0, 0x0, 0x0,
    0x6f, 0xfa, 0x0, 0x0, 0x0, 0x0, 0x0, 0x0,
    0x0, 0x4, 0xfd, 0x9f, 0x80, 0x0, 0x0, 0x0,
    0x0, 0x0, 0x0, 0x5f, 0xd1, 0x9, 0xf8, 0x0,
    0x0, 0x0, 0x0, 0x0, 0x7, 0xfd, 0x10, 0x0,
    0x9f, 0xb0, 0x0, 0x0, 0x0, 0x2, 0xcf, 0xd3,
    0x22, 0x22, 0x2a, 0xfe, 0x50, 0x0, 0x1, 0x9f,
    0xf9, 0xff, 0xff, 0xff, 0xff, 0xcd, 0xfd, 0x61,
    0xd, 0xfb, 0x20, 0x44, 0x44, 0x44, 0x44, 0x20,
    0x6d, 0xf3, 0x2, 0x30, 0x0, 0x0, 0x0, 0x0,
    0x0, 0x0, 0x0, 0x20, 0x0, 0x0, 0x57, 0x77,
    0x77, 0x77, 0x77, 0x77, 0x0, 0x0, 0x0, 0x0,
    0xbf, 0xff, 0xff, 0xff, 0xff, 0xfe, 0x0, 0x0,
    0x0, 0x0, 0x0, 0x0, 0x0, 0x0, 0x6, 0xf8,
    0x0, 0x0, 0x0, 0x0, 0x0, 0x0, 0x0, 0x0,
    0x2e, 0xe1, 0x0, 0x0, 0x0, 0x0, 0x0, 0x0,
    0x0, 0x2, 0xef, 0x40, 0x0, 0x0, 0x0, 0x0,
    0x0, 0x0, 0x0, 0x5e, 0xf6, 0x0, 0x0, 0x0,
    0x0, 0x0, 0x0, 0x0, 0x3b, 0xfe, 0x40, 0x0,
    0x0, 0x0, 0x0, 0x0, 0x0, 0x2, 0xff, 0x80,
    0x0, 0x0, 0x0, 0x0, 0x0, 0x0, 0x0, 0x0,
    0x51, 0x0, 0x0, 0x0, 0x0, 0x0,

    /* U+4EF6 "件" */
    0x0, 0x0, 0x9, 0x70, 0x0, 0x1, 0xf7, 0x0,
    0x0, 0x0, 0x0, 0x0, 0xf, 0x90, 0x22, 0x1,
    0xf8, 0x0, 0x0, 0x0, 0x0, 0x0, 0x3f, 0x40,
    0x8f, 0x1, 0xf8, 0x0, 0x0, 0x0, 0x0, 0x0,
    0x9f, 0x0, 0xbd, 0x1, 0xf8, 0x0, 0x0, 0x0,
    0x0, 0x0, 0xfb, 0x1, 0xff, 0xff, 0xff, 0xff,
    0xfa, 0x0, 0x0, 0x7, 0xf9, 0x6, 0xf9, 0x99,
    0xfc, 0x99, 0x95, 0x0, 0x0, 0x1e, 0xf9, 0xe,
    0xc0, 0x1, 0xf8, 0x0, 0x0, 0x0, 0x0, 0x9f,
    0xf9, 0x8f, 0x30, 0x1, 0xf8, 0x0, 0x0, 0x0,
    0x4, 0xf9, 0xf9, 0x47, 0x0, 0x1, 0xf8, 0x0,
    0x0, 0x0, 0xd, 0xd0, 0xf9, 0x57, 0x77, 0x78,
    0xfb, 0x77, 0x77, 0x70, 0x1, 0x30, 0xf9, 0xaf,
    0xff, 0xff, 0xff, 0xff, 0xff, 0xf0, 0x0, 0x0,
    0xf9, 0x0, 0x0, 0x1, 0xf8, 0x0, 0x0, 0x0,
    0x0, 0x0, 0xf9, 0x0, 0x0, 0x1, 0xf8, 0x0,
    0x0, 0x0, 0x0, 0x0, 0xf9, 0x0, 0x0, 0x1,
    0xf8, 0x0, 0x0, 0x0, 0x0, 0x0, 0xf9, 0x0,
    0x0, 0x1, 0xf8, 0x0, 0x0, 0x0, 0x0, 0x0,
    0xf9, 0x0, 0x0, 0x1, 0xf8, 0x0, 0x0, 0x0,
    0x0, 0x0, 0xf9, 0x0, 0x0, 0x1, 0xf8, 0x0,
    0x0, 0x0, 0x0, 0x0, 0xf9, 0x0, 0x0, 0x1,
    0xf8, 0x0, 0x0, 0x0, 0x0, 0x0, 0x11, 0x0,
    0x0, 0x0, 0x0, 0x0, 0x0, 0x0,

    /* U+4EFB "任" */
    0x0, 0x0, 0x2, 0x40, 0x0, 0x0, 0x0, 0x0,
    0x0, 0x0, 0x0, 0x0, 0xbf, 0x20, 0x0, 0x0,
    0x0, 0x13, 0x0, 0x0, 0x0, 0x2f, 0xa1, 0x12,
    0x34, 0x69, 0xcf, 0xf3, 0x0, 0x0, 0xa, 0xf3,
    0xbf, 0xff, 0xff, 0xfb, 0x72, 0x0, 0x0, 0x3,
    0xfb, 0x2, 0x65, 0x49, 0xf3, 0x0, 0x0, 0x0,
    0x0, 0xcf, 0x80, 0x0, 0x0, 0x7f, 0x30, 0x0,
    0x0, 0x0, 0x7f, 0xf8, 0x0, 0x0, 0x7, 0xf3,
    0x0, 0x0, 0x0, 0x4f, 0xdf, 0x80, 0x0, 0x0,
    0x7f, 0x30, 0x0, 0x0, 0x2f, 0xf4, 0xf8, 0x0,
    0x0, 0x7, 0xf3, 0x0, 0x0, 0x0, 0x73, 0x1f,
    0x8e, 0xff, 0xff, 0xff, 0xff, 0xff, 0xfe, 0x0,
    0x1, 0xf8, 0x89, 0x99, 0x9c, 0xfa, 0x99, 0x99,
    0x80, 0x0, 0x1f, 0x80, 0x0, 0x0, 0x7f, 0x30,
    0x0, 0x0, 0x0, 0x1, 0xf8, 0x0, 0x0, 0x7,
    0xf3, 0x0, 0x0, 0x0, 0x0, 0x1f, 0x80, 0x0,
    0x0, 0x7f, 0x30, 0x0, 0x0, 0x0, 0x1, 0xf8,
    0x0, 0x0, 0x7, 0xf3, 0x0, 0x0, 0x0, 0x0,
    0x1f, 0x80, 0x0, 0x0, 0x7f, 0x30, 0x0, 0x0,
    0x0, 0x1, 0xf8, 0x6, 0x77, 0x7b, 0xf9, 0x77,
    0x74, 0x0, 0x0, 0x1f, 0x80, 0xef, 0xff, 0xff,
    0xff, 0xff, 0xa0,

    /* U+4F4E "低" */
    0x0, 0x0, 0x8, 0x30, 0x0, 0x0, 0x0, 0x0,
    0x63, 0x0, 0x0, 0x0, 0x2f, 0x80, 0x0, 0x0,
    0x26, 0xaf, 0xfb, 0x0, 0x0, 0x0, 0x8f, 0x24,
    0x8a, 0xcf, 0xff, 0xd8, 0x30, 0x0, 0x0, 0x0,
    0xed, 0xb, 0xfd, 0xa8, 0xdc, 0x0, 0x0, 0x0,
    0x0, 0x6, 0xf6, 0xb, 0xe0, 0x0, 0xac, 0x0,
    0x0, 0x0, 0x0, 0xd, 0xf1, 0xb, 0xe0, 0x0,
    0xac, 0x0, 0x0, 0x0, 0x0, 0x8f, 0xf1, 0xb,
    0xe6, 0x66, 0xce, 0x77, 0x77, 0x20, 0x3, 0xff,
    0xf1, 0xb, 0xff, 0xff, 0xff, 0xff, 0xff, 0x60,
    0x1e, 0xf9, 0xf1, 0xb, 0xe0, 0x0, 0x6f, 0x10,
    0x0, 0x0, 0xb, 0x47, 0xf1, 0xb, 0xe0, 0x0,
    0x4f, 0x30, 0x0, 0x0, 0x0, 0x7, 0xf1, 0xb,
    0xe0, 0x0, 0x1f, 0x60, 0x0, 0x0, 0x0, 0x7,
    0xf1, 0xb, 0xe0, 0x0, 0xe, 0x90, 0x0, 0x0,
    0x0, 0x7, 0xf1, 0xb, 0xe0, 0x0, 0xa, 0xe0,
    0x0, 0x0, 0x0, 0x7, 0xf1, 0xb, 0xe3, 0x6a,
    0x85, 0xf3, 0x1, 0x0, 0x0, 0x7, 0xf1, 0x9e,
    0xff, 0xff, 0x80, 0xf9, 0x5, 0xe1, 0x0, 0x7,
    0xf1, 0x9d, 0xa6, 0x30, 0x0, 0x8f, 0x48, 0xf0,
    0x0, 0x7, 0xf1, 0x27, 0x77, 0x77, 0x71, 0x1d,
    0xff, 0xc0, 0x0, 0x7, 0xf1, 0x4f, 0xff, 0xff,
    0xf3, 0x1, 0x9b, 0x20,

    /* U+4F59 "余" */
    0x0, 0x0, 0x0, 0x0, 0x0, 0x0, 0x0, 0x0,
    0x0, 0x0, 0x0, 0x0, 0x0, 0x5, 0xc1, 0x0,
    0x0, 0x0, 0x0, 0x0, 0x0, 0x0, 0x5, 0xff,
    0x50, 0x0, 0x0, 0x0, 0x0, 0x0, 0x0, 0x6,
    0xfd, 0xcf, 0x40, 0x0, 0x0, 0x0, 0x0, 0x0,
    0x9, 0xfd, 0x10, 0xcf, 0x70, 0x0, 0x0, 0x0,
    0x0, 0x3c, 0xfa, 0x0, 0x0, 0xbf, 0xc3, 0x0,
    0x0, 0x1, 0x9f, 0xe5, 0x0, 0x0, 0x0, 0x6f,
    0xfa, 0x30, 0x7, 0xff, 0x95, 0xff, 0xff, 0xff,
    0xff, 0xb9, 0xff, 0xa0, 0x39, 0x20, 0x28, 0x88,
    0xdf, 0x88, 0x85, 0x1, 0x83, 0x0, 0x0, 0x0,
    0x0, 0xa, 0xf0, 0x0, 0x0, 0x0, 0x0, 0x0,
    0x33, 0x33, 0x33, 0xbf, 0x33, 0x33, 0x33, 0x0,
    0x0, 0xf, 0xff, 0xff, 0xff, 0xff, 0xff, 0xff,
    0xf1, 0x0, 0x0, 0x34, 0x44, 0x44, 0xbf, 0x44,
    0x44, 0x44, 0x0, 0x0, 0x0, 0x1, 0xc5, 0xa,
    0xf0, 0x6e, 0x70, 0x0, 0x0, 0x0, 0x2, 0xde,
    0x30, 0xaf, 0x2, 0xaf, 0xd3, 0x0, 0x0, 0x7,
    0xfe, 0x30, 0xa, 0xf0, 0x0, 0x4d, 0xf6, 0x0,
    0x3d, 0xfb, 0x10, 0x0, 0xaf, 0x0, 0x0, 0x1b,
    0xf5, 0x0, 0xb4, 0x0, 0x18, 0x8e, 0xe0, 0x0,
    0x0, 0x9, 0x20, 0x0, 0x0, 0x0, 0xef, 0xe6,
    0x0, 0x0, 0x0, 0x0, 0x0, 0x0, 0x0, 0x0,
    0x0, 0x0, 0x0, 0x0, 0x0, 0x0,

    /* U+4FDD "保" */
    0x0, 0x0, 0x3, 0x0, 0x0, 0x0, 0x0, 0x0,
    0x0, 0x0, 0x0, 0x0, 0xd, 0xa3, 0x88, 0x88,
    0x88, 0x88, 0x40, 0x0, 0x0, 0x0, 0x1f, 0x77,
    0xff, 0xff, 0xff, 0xff, 0x90, 0x0, 0x0, 0x0,
    0x5f, 0x37, 0xf0, 0x0, 0x0, 0xe, 0x90, 0x0,
    0x0, 0x0, 0xce, 0x7, 0xf0, 0x0, 0x0, 0xe,
    0x90, 0x0, 0x0, 0x3, 0xf8, 0x7, 0xf0, 0x0,
    0x0, 0xe, 0x90, 0x0, 0x0, 0xc, 0xf7, 0x7,
    0xf8, 0x88, 0x88, 0x8f, 0x90, 0x0, 0x0, 0x6f,
    0xf7, 0x7, 0xff, 0xff, 0xff, 0xff, 0x90, 0x0,
    0x4, 0xfd, 0xf7, 0x0, 0x0, 0x8, 0xf0, 0x0,
    0x0, 0x0, 0xe, 0xe3, 0xf7, 0x78, 0x88, 0x8c,
    0xf8, 0x88, 0x88, 0x0, 0x4, 0x21, 0xf7, 0xdf,
    0xff, 0xff, 0xff, 0xff, 0xff, 0x0, 0x0, 0x1,
    0xf7, 0x0, 0x2, 0xff, 0xfd, 0x90, 0x0, 0x0,
    0x0, 0x1, 0xf7, 0x0, 0xc, 0xe9, 0xf5, 0xf3,
    0x0, 0x0, 0x0, 0x1, 0xf7, 0x0, 0x9f, 0x58,
    0xf0, 0xbe, 0x30, 0x0, 0x0, 0x1, 0xf7, 0xa,
    0xf8, 0x8, 0xf0, 0x1d, 0xf6, 0x0, 0x0, 0x1,
    0xf9, 0xef, 0x70, 0x8, 0xf0, 0x0, 0xbf, 0xc0,
    0x0, 0x1, 0xf7, 0x72, 0x0, 0x8, 0xf0, 0x0,
    0x4, 0x40, 0x0, 0x1, 0xf7, 0x0, 0x0, 0x7,
    0xe0, 0x0, 0x0, 0x0,

    /* U+4FE1 "信" */
    0x0, 0x0, 0x5, 0x2, 0x33, 0x33, 0x33, 0x33,
    0x31, 0x0, 0x0, 0x4, 0xf6, 0xcf, 0xff, 0xff,
    0xff, 0xff, 0x40, 0x0, 0x0, 0xaf, 0x12, 0x33,
    0x33, 0x33, 0x33, 0x30, 0x0, 0x0, 0x1f, 0xb7,
    0x88, 0x88, 0x88, 0x88, 0x88, 0x85, 0x0, 0x8,
    0xf4, 0xef, 0xff, 0xff, 0xff, 0xff, 0xff, 0x90,
    0x1, 0xff, 0x10, 0x0, 0x0, 0x0, 0x0, 0x0,
    0x0, 0x0, 0xaf, 0xf1, 0x6, 0x88, 0x88, 0x88,
    0x88, 0x82, 0x0, 0x4f, 0xff, 0x10, 0xcf, 0xff,
    0xff, 0xff, 0xff, 0x40, 0x1e, 0xf9, 0xf1, 0x0,
    0x0, 0x0, 0x0, 0x0, 0x0, 0x1, 0xb4, 0x7f,
    0x10, 0xcf, 0xff, 0xff, 0xff, 0xff, 0x40, 0x0,
    0x7, 0xf1, 0x6, 0x88, 0x88, 0x88, 0x88, 0x82,
    0x0, 0x0, 0x7f, 0x10, 0x0, 0x0, 0x0, 0x0,
    0x0, 0x0, 0x0, 0x7, 0xf1, 0x9, 0xff, 0xff,
    0xff, 0xff, 0xf0, 0x0, 0x0, 0x7f, 0x10, 0x9e,
    0x55, 0x55, 0x55, 0x9f, 0x0, 0x0, 0x7, 0xf1,
    0x9, 0xd0, 0x0, 0x0, 0x6, 0xf0, 0x0, 0x0,
    0x7f, 0x10, 0x9e, 0x22, 0x22, 0x22, 0x7f, 0x0,
    0x0, 0x7, 0xf1, 0x9, 0xff, 0xff, 0xff, 0xff,
    0xf0, 0x0, 0x0, 0x7f, 0x10, 0x9e, 0x22, 0x22,
    0x22, 0x8f, 0x0,

    /* U+4FEE "修" */
    0x0, 0x0, 0x7, 0x10, 0x0, 0xb, 0x40, 0x0,
    0x0, 0x0, 0x0, 0x0, 0x4f, 0x50, 0x0, 0x3f,
    0x70, 0x0, 0x0, 0x0, 0x0, 0x0, 0x9f, 0x0,
    0x0, 0xaf, 0xdd, 0xdd, 0xdd, 0x40, 0x0, 0x0,
    0xeb, 0x0, 0x1, 0xff, 0xba, 0xaf, 0xea, 0x30,
    0x0, 0x6, 0xf6, 0xf6, 0xa, 0xff, 0x80, 0x5f,
    0x50, 0x0, 0x0, 0xd, 0xf1, 0xf6, 0x5f, 0xaa,
    0xf4, 0xed, 0x0, 0x0, 0x0, 0x7f, 0xe1, 0xf7,
    0xfe, 0x11, 0xef, 0xe2, 0x0, 0x0, 0x2, 0xff,
    0xe1, 0xf6, 0x33, 0x18, 0xff, 0xe3, 0x0, 0x0,
    0xc, 0xfc, 0xe1, 0xf6, 0x39, 0xef, 0xa4, 0xdf,
    0xb4, 0x0, 0x7, 0x79, 0xe1, 0xf9, 0xff, 0xa3,
    0x6e, 0x26, 0xef, 0xe4, 0x0, 0x9, 0xe1, 0xf6,
    0x30, 0x2b, 0xfa, 0x38, 0x4, 0x70, 0x0, 0x9,
    0xe1, 0xf6, 0x3b, 0xfe, 0x63, 0xee, 0x20, 0x0,
    0x0, 0x9, 0xe1, 0xf6, 0x2b, 0x60, 0x6f, 0xe2,
    0x59, 0x0, 0x0, 0x9, 0xe1, 0xf6, 0x0, 0x5d,
    0xfb, 0x16, 0xf8, 0x0, 0x0, 0x9, 0xe1, 0xf6,
    0x2e, 0xfc, 0x41, 0xaf, 0x80, 0x0, 0x0, 0x9,
    0xe0, 0x10, 0x4, 0x21, 0x8e, 0xe4, 0x0, 0x0,
    0x0, 0x9, 0xe0, 0x0, 0x15, 0xaf, 0xf8, 0x10,
    0x0, 0x0, 0x0, 0x9, 0xe0, 0x0, 0x3e, 0xc7,
    0x10, 0x0, 0x0, 0x0, 0x0, 0x0, 0x0, 0x0,
    0x0, 0x0, 0x0, 0x0, 0x0, 0x0,

    /* U+505C "停" */
    0x0, 0x0, 0x8, 0x20, 0x0, 0x6, 0x80, 0x0,
    0x0, 0x0, 0x0, 0x3, 0xf6, 0x22, 0x22, 0xbe,
    0x22, 0x22, 0x21, 0x0, 0x0, 0x8f, 0xff, 0xff,
    0xff, 0xff, 0xff, 0xff, 0x60, 0x0, 0xe, 0xa3,
    0x33, 0x33, 0x33, 0x33, 0x33, 0x31, 0x0, 0x5,
    0xf4, 0x0, 0xff, 0xff, 0xff, 0xff, 0x30, 0x0,
    0x0, 0xdf, 0x10, 0xf, 0xc8, 0x88, 0x8a, 0xf3,
    0x0, 0x0, 0x6f, 0xf1, 0x0, 0xfa, 0x44, 0x44,
    0x8f, 0x30, 0x0, 0x1e, 0xff, 0x10, 0xf, 0xff,
    0xff, 0xff, 0xf3, 0x0, 0xc, 0xf9, 0xf1, 0x0,
    0x22, 0x22, 0x22, 0x22, 0x0, 0x1, 0xd5, 0x7f,
    0x4f, 0xff, 0xff, 0xff, 0xff, 0xff, 0xf6, 0x0,
    0x7, 0xf4, 0xfa, 0x88, 0x88, 0x88, 0x88, 0x8f,
    0x70, 0x0, 0x7f, 0x4f, 0x53, 0x33, 0x33, 0x33,
    0x33, 0xf7, 0x0, 0x7, 0xf1, 0x25, 0xff, 0xff,
    0xff, 0xff, 0x92, 0x10, 0x0, 0x7f, 0x10, 0x14,
    0x44, 0x9f, 0x44, 0x42, 0x0, 0x0, 0x7, 0xf1,
    0x0, 0x0, 0x7, 0xf1, 0x0, 0x0, 0x0, 0x0,
    0x7f, 0x10, 0x0, 0x0, 0x7f, 0x10, 0x0, 0x0,
    0x0, 0x7, 0xf1, 0x0, 0x6, 0x5b, 0xf0, 0x0,
    0x0, 0x0, 0x0, 0x7f, 0x10, 0x0, 0xcf, 0xfb,
    0x0, 0x0, 0x0, 0x0, 0x0, 0x0, 0x0, 0x0,
    0x10, 0x0, 0x0, 0x0, 0x0,

    /* U+50CF "像" */
    0x0, 0x0, 0x6, 0x30, 0x9, 0x40, 0x0, 0x0,
    0x0, 0x0, 0x0, 0x0, 0xe, 0x90, 0x4f, 0xb7,
    0x77, 0x75, 0x0, 0x0, 0x0, 0x0, 0x4f, 0x41,
    0xef, 0xff, 0xff, 0xfc, 0x0, 0x0, 0x0, 0x0,
    0xce, 0x1c, 0xf3, 0x0, 0x4, 0xf6, 0x0, 0x0,
    0x0, 0x4, 0xf7, 0xbf, 0xff, 0xff, 0xff, 0xff,
    0xf9, 0x0, 0x0, 0xd, 0xf7, 0xff, 0xb8, 0x8b,
    0xf8, 0x88, 0xf9, 0x0, 0x0, 0x8f, 0xf0, 0x2f,
    0x70, 0x7, 0xf0, 0x0, 0xe9, 0x0, 0x5, 0xff,
    0xf0, 0xf, 0xff, 0xff, 0xff, 0xff, 0xf9, 0x0,
    0xe, 0xd8, 0xf0, 0x8, 0x88, 0xcf, 0xc9, 0xfa,
    0x84, 0x0, 0x3, 0x18, 0xf0, 0x2, 0x7c, 0xff,
    0xb1, 0xf5, 0x3d, 0x20, 0x0, 0x8, 0xf0, 0xdf,
    0xf9, 0x3a, 0xf5, 0xed, 0xfc, 0x10, 0x0, 0x8,
    0xf0, 0x33, 0x16, 0xef, 0xeb, 0x9f, 0x70, 0x0,
    0x0, 0x8, 0xf1, 0x6a, 0xff, 0x93, 0xdf, 0x3f,
    0x40, 0x0, 0x0, 0x8, 0xf0, 0xdc, 0x71, 0x6f,
    0xff, 0x1b, 0xd1, 0x0, 0x0, 0x8, 0xf0, 0x2,
    0x8e, 0xf9, 0x5f, 0x22, 0xfc, 0x10, 0x0, 0x8,
    0xf8, 0xff, 0xe9, 0x20, 0x6f, 0x10, 0x4f, 0xd0,
    0x0, 0x8, 0xf1, 0x84, 0x3, 0x97, 0xde, 0x0,
    0x4, 0x50, 0x0, 0x8, 0xf0, 0x0, 0x0, 0xdf,
    0xd3, 0x0, 0x0, 0x0, 0x0, 0x0, 0x0, 0x0,
    0x0, 0x0, 0x0, 0x0, 0x0, 0x0,

    /* U+514D "免" */
    0x0, 0x0, 0x1, 0xb3, 0x0, 0x0, 0x0, 0x0,
    0x0, 0x0, 0x0, 0x0, 0xaf, 0x20, 0x0, 0x0,
    0x0, 0x0, 0x0, 0x0, 0x0, 0x3f, 0xff, 0xff,
    0xff, 0xfb, 0x0, 0x0, 0x0, 0x0, 0x1e, 0xe8,
    0x88, 0x88, 0xbf, 0xa0, 0x0, 0x0, 0x0, 0xa,
    0xf4, 0x0, 0x0, 0xd, 0xf2, 0x0, 0x0, 0x0,
    0x9, 0xfc, 0x44, 0x44, 0x49, 0xfb, 0x44, 0x40,
    0x0, 0x9, 0xff, 0xff, 0xff, 0xff, 0xff, 0xff,
    0xfe, 0x0, 0x8, 0xfb, 0xf8, 0x22, 0x29, 0xf3,
    0x22, 0x2a, 0xe0, 0x0, 0x4, 0x1f, 0x70, 0x0,
    0x8f, 0x10, 0x0, 0x9e, 0x0, 0x0, 0x1, 0xf7,
    0x0, 0x8, 0xf1, 0x0, 0x9, 0xe0, 0x0, 0x0,
    0x1f, 0xff, 0xff, 0xff, 0xff, 0xff, 0xfe, 0x0,
    0x0, 0x0, 0x88, 0x89, 0xfb, 0xaf, 0x98, 0x88,
    0x70, 0x0, 0x0, 0x0, 0x0, 0x5f, 0x45, 0xf3,
    0x0, 0x0, 0x0, 0x0, 0x0, 0x0, 0xd, 0xe0,
    0x5f, 0x30, 0x0, 0x1, 0x0, 0x0, 0x0, 0x1c,
    0xf4, 0x5, 0xf3, 0x0, 0x0, 0x9e, 0x0, 0x0,
    0x6e, 0xf6, 0x0, 0x5f, 0x30, 0x0, 0xe, 0xc0,
    0x38, 0xef, 0xd3, 0x0, 0x4, 0xfa, 0x77, 0x7a,
    0xf6, 0x8, 0xfb, 0x50, 0x0, 0x0, 0xb, 0xff,
    0xff, 0xf9, 0x0, 0x1, 0x0, 0x0, 0x0, 0x0,
    0x0, 0x0, 0x0, 0x0, 0x0,

    /* U+5165 "入" */
    0x0, 0x0, 0x4, 0x66, 0x66, 0x10, 0x0, 0x0,
    0x0, 0x0, 0x0, 0xc, 0xff, 0xff, 0x40, 0x0,
    0x0, 0x0, 0x0, 0x0, 0x0, 0x11, 0x4f, 0x40,
    0x0, 0x0, 0x0, 0x0, 0x0, 0x0, 0x0, 0x3f,
    0x50, 0x0, 0x0, 0x0, 0x0, 0x0, 0x0, 0x0,
    0x3f, 0x60, 0x0, 0x0, 0x0, 0x0, 0x0, 0x0,
    0x0, 0x2f, 0x90, 0x0, 0x0, 0x0, 0x0, 0x0,
    0x0, 0x0, 0x4f, 0xc0, 0x0, 0x0, 0x0, 0x0,
    0x0, 0x0, 0x0, 0xaf, 0xf1, 0x0, 0x0, 0x0,
    0x0, 0x0, 0x0, 0x3, 0xfb, 0xf7, 0x0, 0x0,
    0x0, 0x0, 0x0, 0x0, 0xc, 0xe0, 0xde, 0x0,
    0x0, 0x0, 0x0, 0x0, 0x0, 0x7f, 0x70, 0x5f,
    0x90, 0x0, 0x0, 0x0, 0x0, 0x4, 0xfc, 0x0,
    0xb, 0xf4, 0x0, 0x0, 0x0, 0x0, 0x3f, 0xe1,
    0x0, 0x1, 0xef, 0x30, 0x0, 0x0, 0x5, 0xfe,
    0x20, 0x0, 0x0, 0x3f, 0xf3, 0x0, 0x1, 0xaf,
    0xd1, 0x0, 0x0, 0x0, 0x3, 0xff, 0x60, 0x1e,
    0xf9, 0x0, 0x0, 0x0, 0x0, 0x0, 0x2d, 0xf6,
    0x7, 0x30, 0x0, 0x0, 0x0, 0x0, 0x0, 0x0,
    0x80,

    /* U+5168 "全" */
    0x0, 0x0, 0x0, 0x0, 0xa, 0x80, 0x0, 0x0,
    0x0, 0x0, 0x0, 0x0, 0x0, 0x6, 0xfe, 0x0,
    0x0, 0x0, 0x0, 0x0, 0x0, 0x0, 0x4, 0xfe,
    0xfa, 0x0, 0x0, 0x0, 0x0, 0x0, 0x0, 0x4,
    0xfe, 0x19, 0xfa, 0x0, 0x0, 0x0, 0x0, 0x0,
    0x7, 0xfe, 0x20, 0x9, 0xfc, 0x20, 0x0, 0x0,
    0x0, 0x2c, 0xfc, 0x10, 0x0, 0x6, 0xff, 0x91,
    0x0, 0x4, 0xbf, 0xfd, 0x77, 0x77, 0x77, 0x78,
    0xff, 0xfa, 0x30, 0xcf, 0x9c, 0xff, 0xff, 0xff,
    0xff, 0xff, 0x7a, 0xf4, 0x1, 0x0, 0x0, 0x0,
    0xf, 0x90, 0x0, 0x0, 0x1, 0x0, 0x0, 0x0,
    0x0, 0x0, 0xf9, 0x0, 0x0, 0x0, 0x0, 0x0,
    0x0, 0x6, 0x66, 0x6f, 0xb6, 0x66, 0x40, 0x0,
    0x0, 0x0, 0x1, 0xff, 0xff, 0xff, 0xff, 0xfb,
    0x0, 0x0, 0x0, 0x0, 0x1, 0x11, 0x1f, 0x91,
    0x11, 0x0, 0x0, 0x0, 0x0, 0x0, 0x0, 0x0,
    0xf9, 0x0, 0x0, 0x0, 0x0, 0x0, 0x0, 0x0,
    0x0, 0xf, 0x90, 0x0, 0x0, 0x0, 0x0, 0x1f,
    0xff, 0xff, 0xff, 0xff, 0xff, 0xff, 0xff, 0xc0,
    0x0, 0x77, 0x77, 0x77, 0x77, 0x77, 0x77, 0x77,
    0x75, 0x0,

    /* U+516D "六" */
    0x0, 0x0, 0x0, 0x0, 0x13, 0x0, 0x0, 0x0,
    0x0, 0x0, 0x0, 0x0, 0x0, 0x9, 0xf0, 0x0,
    0x0, 0x0, 0x0, 0x0, 0x0, 0x0, 0x0, 0x9f,
    0x0, 0x0, 0x0, 0x0, 0x0, 0x0, 0x0, 0x0,
    0x9, 0xf0, 0x0, 0x0, 0x0, 0x0, 0x0, 0x0,
    0x0, 0x0, 0x9f, 0x0, 0x0, 0x0, 0x0, 0x1,
    0x77, 0x77, 0x77, 0x7c, 0xf7, 0x77, 0x77, 0x77,
    0x40, 0x2f, 0xff, 0xff, 0xff, 0xff, 0xff, 0xff,
    0xff, 0xf9, 0x0, 0x0, 0x0, 0x0, 0x0, 0x0,
    0x0, 0x0, 0x0, 0x0, 0x0, 0x0, 0x0, 0x0,
    0x0, 0x0, 0x0, 0x0, 0x0, 0x0, 0x0, 0x0,
    0xd, 0xa0, 0x1, 0xda, 0x0, 0x0, 0x0, 0x0,
    0x0, 0x5, 0xf7, 0x0, 0x7, 0xfb, 0x0, 0x0,
    0x0, 0x0, 0x0, 0xde, 0x0, 0x0, 0x7, 0xfa,
    0x0, 0x0, 0x0, 0x0, 0xaf, 0x50, 0x0, 0x0,
    0x8, 0xf8, 0x0, 0x0, 0x0, 0x6f, 0xa0, 0x0,
    0x0, 0x0, 0xb, 0xf4, 0x0, 0x0, 0x6f, 0xd1,
    0x0, 0x0, 0x0, 0x0, 0x1e, 0xe1, 0x0, 0x8f,
    0xe1, 0x0, 0x0, 0x0, 0x0, 0x0, 0x5f, 0x90,
    0x4f, 0xd2, 0x0, 0x0, 0x0, 0x0, 0x0, 0x0,
    0xcd, 0x0, 0x41, 0x0, 0x0, 0x0, 0x0, 0x0,
    0x0, 0x2, 0x0,

    /* U+5173 "关" */
    0x0, 0x0, 0x6, 0x0, 0x0, 0x0, 0x44, 0x0,
    0x0, 0x0, 0x0, 0x3, 0xf8, 0x0, 0x0, 0xc,
    0xd0, 0x0, 0x0, 0x0, 0x0, 0x6, 0xf5, 0x0,
    0x4, 0xf5, 0x0, 0x0, 0x0, 0x0, 0x0, 0xc,
    0xd0, 0x0, 0xcc, 0x0, 0x0, 0x0, 0x0, 0x46,
    0x66, 0x9f, 0x96, 0x9f, 0x96, 0x66, 0x60, 0x0,
    0xc, 0xff, 0xff, 0xff, 0xff, 0xff, 0xff, 0xfe,
    0x0, 0x0, 0x0, 0x0, 0x0, 0x5f, 0x20, 0x0,
    0x0, 0x0, 0x0, 0x0, 0x0, 0x0, 0x5, 0xf1,
    0x0, 0x0, 0x0, 0x0, 0x0, 0x0, 0x0, 0x0,
    0x6f, 0x10, 0x0, 0x0, 0x0, 0x0, 0x78, 0x88,
    0x88, 0x8b, 0xf8, 0x88, 0x88, 0x88, 0x81, 0xe,
    0xff, 0xff, 0xff, 0xff, 0xff, 0xff, 0xff, 0xff,
    0x10, 0x0, 0x0, 0x0, 0x1f, 0x9b, 0xf1, 0x0,
    0x0, 0x0, 0x0, 0x0, 0x0, 0xa, 0xf2, 0x3f,
    0x90, 0x0, 0x0, 0x0, 0x0, 0x0, 0x7, 0xf7,
    0x0, 0xaf, 0x50, 0x0, 0x0, 0x0, 0x0, 0x8,
    0xfa, 0x0, 0x1, 0xef, 0x40, 0x0, 0x0, 0x0,
    0x3d, 0xfa, 0x0, 0x0, 0x3, 0xef, 0x70, 0x0,
    0x4, 0xbf, 0xf7, 0x0, 0x0, 0x0, 0x1, 0xcf,
    0xd4, 0x1, 0xdf, 0x92, 0x0, 0x0, 0x0, 0x0,
    0x0, 0x6e, 0xd1, 0x1, 0x0, 0x0, 0x0, 0x0,
    0x0, 0x0, 0x0, 0x1, 0x0,

    /* U+5176 "其" */
    0x0, 0x0, 0x55, 0x0, 0x0, 0x0, 0x37, 0x0,
    0x0, 0x0, 0x0, 0xcd, 0x0, 0x0, 0x0, 0x7f,
    0x20, 0x0, 0x1, 0x33, 0xdd, 0x33, 0x33, 0x33,
    0x9f, 0x53, 0x30, 0x8, 0xff, 0xff, 0xff, 0xff,
    0xff, 0xff, 0xff, 0xf0, 0x2, 0x33, 0xdd, 0x33,
    0x33, 0x33, 0x9f, 0x53, 0x30, 0x0, 0x0, 0xcd,
    0x22, 0x22, 0x22, 0x8f, 0x20, 0x0, 0x0, 0x0,
    0xcf, 0xff, 0xff, 0xff, 0xff, 0x20, 0x0, 0x0,
    0x0, 0xcd, 0x55, 0x55, 0x55, 0xaf, 0x20, 0x0,
    0x0, 0x0, 0xcd, 0x0, 0x0, 0x0, 0x7f, 0x20,
    0x0, 0x0, 0x0, 0xcf, 0xff, 0xff, 0xff, 0xff,
    0x20, 0x0, 0x0, 0x0, 0xce, 0x77, 0x77, 0x77,
    0xbf, 0x20, 0x0, 0x0, 0x0, 0xcd, 0x0, 0x0,
    0x0, 0x7f, 0x20, 0x0, 0x18, 0x88, 0xee, 0x88,
    0x88, 0x88, 0xbf, 0x98, 0x84, 0x1f, 0xff, 0xff,
    0xff, 0xff, 0xff, 0xff, 0xff, 0xf8, 0x0, 0x0,
    0x0, 0x76, 0x0, 0x1a, 0x72, 0x0, 0x0, 0x0,
    0x0, 0x4c, 0xfa, 0x0, 0x4c, 0xff, 0xc4, 0x0,
    0x2, 0x7d, 0xfe, 0x50, 0x0, 0x0, 0x16, 0xdf,
    0xb2, 0x3f, 0xfc, 0x60, 0x0, 0x0, 0x0, 0x0,
    0x7, 0xf9, 0x5, 0x20, 0x0, 0x0, 0x0, 0x0,
    0x0, 0x0, 0x20,

    /* U+5185 "内" */
    0x0, 0x0, 0x0, 0x5, 0x60, 0x0, 0x0, 0x0,
    0x0, 0x0, 0x0, 0xa, 0xc0, 0x0, 0x0, 0x0,
    0x0, 0x0, 0x0, 0xa, 0xc0, 0x0, 0x0, 0x0,
    0x1, 0x11, 0x11, 0x1b, 0xc1, 0x11, 0x11, 0x10,
    0x7f, 0xff, 0xff, 0xff, 0xff, 0xff, 0xff, 0xf5,
    0x7f, 0x65, 0x55, 0x5d, 0xc5, 0x55, 0x56, 0xf5,
    0x7f, 0x10, 0x0, 0xd, 0xa0, 0x0, 0x1, 0xf5,
    0x7f, 0x10, 0x0, 0xf, 0xa0, 0x0, 0x1, 0xf5,
    0x7f, 0x10, 0x0, 0x2f, 0xf7, 0x0, 0x1, 0xf5,
    0x7f, 0x10, 0x0, 0x9f, 0xcf, 0x80, 0x1, 0xf5,
    0x7f, 0x10, 0x4, 0xf8, 0xc, 0xf6, 0x1, 0xf5,
    0x7f, 0x10, 0x5f, 0xc0, 0x0, 0xcf, 0x31, 0xf5,
    0x7f, 0x29, 0xfc, 0x10, 0x0, 0x2f, 0xd1, 0xf5,
    0x7f, 0x3e, 0x90, 0x0, 0x0, 0x5, 0x51, 0xf5,
    0x7f, 0x11, 0x0, 0x0, 0x0, 0x0, 0x1, 0xf5,
    0x7f, 0x10, 0x0, 0x0, 0x0, 0x0, 0x1, 0xf5,
    0x7f, 0x10, 0x0, 0x0, 0x0, 0x3, 0x79, 0xf5,
    0x7f, 0x10, 0x0, 0x0, 0x0, 0x2, 0xff, 0xc1,
    0x13, 0x0, 0x0, 0x0, 0x0, 0x0, 0x0, 0x0,

    /* U+518C "册" */
    0x0, 0x8, 0xff, 0xff, 0xf1, 0x4f, 0xff, 0xff,
    0x90, 0x0, 0x0, 0x9, 0xf7, 0x7a, 0xf1, 0x5f,
    0x87, 0x7f, 0xa0, 0x0, 0x0, 0x9, 0xf0, 0x6,
    0xf1, 0x5f, 0x20, 0xe, 0xa0, 0x0, 0x0, 0x9,
    0xf0, 0x6, 0xf1, 0x5f, 0x20, 0xe, 0xa0, 0x0,
    0x0, 0x9, 0xf0, 0x6, 0xf1, 0x5f, 0x20, 0xe,
    0xa0, 0x0, 0x0, 0x9, 0xf0, 0x6, 0xf1, 0x5f,
    0x20, 0xe, 0xa0, 0x0, 0x4, 0x4b, 0xf4, 0x49,
    0xf5, 0x8f, 0x64, 0x4e, 0xb4, 0x40, 0xf, 0xff,
    0xff, 0xff, 0xff, 0xff, 0xff, 0xff, 0xff, 0xf2,
    0x1, 0x1a, 0xf1, 0x17, 0xf2, 0x5f, 0x31, 0x1e,
    0xa1, 0x10, 0x0, 0xa, 0xd0, 0x6, 0xf1, 0x5f,
    0x20, 0xe, 0xa0, 0x0, 0x0, 0xb, 0xc0, 0x6,
    0xf1, 0x5f, 0x20, 0xe, 0xa0, 0x0, 0x0, 0xe,
    0xa0, 0x6, 0xf1, 0x5f, 0x20, 0xe, 0xa0, 0x0,
    0x0, 0x2f, 0x60, 0x6, 0xf1, 0x6f, 0x10, 0xe,
    0xa0, 0x0, 0x0, 0x9f, 0x20, 0x6, 0xf1, 0x8f,
    0x0, 0xe, 0xa0, 0x0, 0x1, 0xfb, 0x0, 0x6,
    0xf1, 0xcb, 0x0, 0xe, 0xa0, 0x0, 0xc, 0xf3,
    0x6, 0xef, 0xf5, 0xf5, 0x7, 0x8f, 0x90, 0x0,
    0x5, 0x60, 0x1, 0x98, 0x4d, 0xa0, 0xb, 0xfc,
    0x20, 0x0, 0x0, 0x0, 0x0, 0x0, 0x0, 0x0,
    0x0, 0x0, 0x0, 0x0,

    /* U+51C0 "净" */
    0x0, 0x0, 0x0, 0x0, 0x34, 0x0, 0x0, 0x0,
    0x0, 0x1, 0x0, 0x0, 0x0, 0xbe, 0x0, 0x0,
    0x0, 0x0, 0x8f, 0x50, 0x0, 0x3, 0xfc, 0x88,
    0x87, 0x0, 0x0, 0xa, 0xf8, 0x0, 0xd, 0xff,
    0xff, 0xff, 0x0, 0x0, 0x0, 0xbf, 0x50, 0x9f,
    0x50, 0x4, 0xf8, 0x0, 0x0, 0x0, 0x9, 0x19,
    0xfe, 0x88, 0x8e, 0xf8, 0x87, 0x0, 0x0, 0x0,
    0x7f, 0xaf, 0xff, 0xff, 0xff, 0xfe, 0x0, 0x0,
    0x0, 0x3, 0x0, 0x0, 0xf8, 0x0, 0xae, 0x0,
    0x0, 0x0, 0x7, 0x77, 0x77, 0xfb, 0x77, 0xcf,
    0x73, 0x0, 0x0, 0x1f, 0xff, 0xff, 0xff, 0xff,
    0xff, 0xf7, 0x0, 0x6, 0x20, 0x0, 0x0, 0xf8,
    0x0, 0xae, 0x0, 0x0, 0xe, 0x90, 0x0, 0x0,
    0xf8, 0x0, 0xae, 0x0, 0x0, 0x4f, 0x40, 0xef,
    0xff, 0xff, 0xff, 0xfe, 0x0, 0x0, 0xce, 0x0,
    0x78, 0x88, 0xfc, 0x88, 0x87, 0x0, 0x4, 0xf8,
    0x0, 0x0, 0x0, 0xf8, 0x0, 0x0, 0x0, 0xc,
    0xe0, 0x0, 0x0, 0x0, 0xf8, 0x0, 0x0, 0x0,
    0x7f, 0x50, 0x0, 0x0, 0x66, 0xf8, 0x0, 0x0,
    0x0, 0x6, 0x0, 0x0, 0x0, 0xaf, 0xe2, 0x0,
    0x0, 0x0, 0x0, 0x0, 0x0, 0x0, 0x0, 0x0,
    0x0, 0x0, 0x0,

    /* U+51FA "出" */
    0x0, 0x0, 0x0, 0x9, 0xe0, 0x0, 0x0, 0x0,
    0x0, 0x0, 0x0, 0xa, 0xf0, 0x0, 0x0, 0x0,
    0x7, 0xc0, 0x0, 0xa, 0xf0, 0x0, 0x6, 0xc0,
    0x9, 0xf0, 0x0, 0xa, 0xf0, 0x0, 0x8, 0xf0,
    0x9, 0xf0, 0x0, 0xa, 0xf0, 0x0, 0x8, 0xf0,
    0x9, 0xf0, 0x0, 0xa, 0xf0, 0x0, 0x8, 0xf0,
    0x9, 0xf0, 0x0, 0xa, 0xf0, 0x0, 0x8, 0xf0,
    0x9, 0xf8, 0x88, 0x8d, 0xf8, 0x88, 0x8c, 0xf0,
    0x9, 0xff, 0xff, 0xff, 0xff, 0xff, 0xff, 0xf0,
    0x0, 0x0, 0x0, 0xa, 0xf0, 0x0, 0x0, 0x0,
    0x1e, 0x70, 0x0, 0xa, 0xf0, 0x0, 0x2, 0xd5,
    0x1f, 0x80, 0x0, 0xa, 0xf0, 0x0, 0x2, 0xf6,
    0x1f, 0x80, 0x0, 0xa, 0xf0, 0x0, 0x2, 0xf6,
    0x1f, 0x80, 0x0, 0xa, 0xf0, 0x0, 0x2, 0xf6,
    0x1f, 0x80, 0x0, 0xa, 0xf0, 0x0, 0x2, 0xf6,
    0x1f, 0xff, 0xff, 0xff, 0xff, 0xff, 0xff, 0xf6,
    0x1f, 0xc9, 0x99, 0x99, 0x99, 0x99, 0x9a, 0xf6,
    0x1f, 0x80, 0x0, 0x0, 0x0, 0x0, 0x2, 0xf6,

    /* U+5206 "分" */
    0x0, 0x0, 0x1, 0x10, 0x0, 0x4, 0x40, 0x0,
    0x0, 0x0, 0x0, 0xa, 0xe0, 0x0, 0xe, 0xb0,
    0x0, 0x0, 0x0, 0x0, 0x2f, 0x90, 0x0, 0x8,
    0xf1, 0x0, 0x0, 0x0, 0x0, 0xde, 0x10, 0x0,
    0x1, 0xea, 0x0, 0x0, 0x0, 0xb, 0xf5, 0x0,
    0x0, 0x0, 0x6f, 0x90, 0x0, 0x1, 0xcf, 0x70,
    0x0, 0x0, 0x0, 0x9, 0xfa, 0x10, 0x4e, 0xf7,
    0x22, 0x22, 0x22, 0x22, 0x22, 0x8f, 0xf5, 0x2d,
    0x42, 0xff, 0xff, 0xff, 0xff, 0xff, 0x23, 0xc2,
    0x0, 0x0, 0x44, 0x4e, 0xd4, 0x44, 0x9f, 0x20,
    0x0, 0x0, 0x0, 0x0, 0xf, 0x90, 0x0, 0x8f,
    0x10, 0x0, 0x0, 0x0, 0x0, 0x4f, 0x50, 0x0,
    0x9f, 0x0, 0x0, 0x0, 0x0, 0x0, 0xaf, 0x10,
    0x0, 0xbe, 0x0, 0x0, 0x0, 0x0, 0x2, 0xf9,
    0x0, 0x0, 0xcc, 0x0, 0x0, 0x0, 0x0, 0xc,
    0xe1, 0x0, 0x0, 0xea, 0x0, 0x0, 0x0, 0x0,
    0xbf, 0x50, 0x0, 0x2, 0xf7, 0x0, 0x0, 0x0,
    0x5d, 0xf5, 0x3, 0xfb, 0x8c, 0xf3, 0x0, 0x0,
    0x1e, 0xfc, 0x30, 0x0, 0xad, 0xfe, 0x80, 0x0,
    0x0, 0x6, 0x50, 0x0, 0x0, 0x0, 0x0, 0x0,
    0x0, 0x0,

    /* U+5217 "列" */
    0x0, 0x0, 0x0, 0x0, 0x0, 0x0, 0x0, 0x9,
    0xd0, 0xbc, 0xcc, 0xcc, 0xcc, 0xcc, 0x40, 0x0,
    0xae, 0xc, 0xdd, 0xff, 0xdd, 0xdd, 0xd5, 0x0,
    0xa, 0xe0, 0x0, 0xc, 0xe0, 0x0, 0x0, 0x4f,
    0x40, 0xae, 0x0, 0x0, 0xec, 0x0, 0x0, 0x4,
    0xf4, 0xa, 0xe0, 0x0, 0x2f, 0x90, 0x0, 0x0,
    0x4f, 0x40, 0xae, 0x0, 0x7, 0xfe, 0xcc, 0xcc,
    0x54, 0xf4, 0xa, 0xe0, 0x0, 0xdf, 0xaa, 0xab,
    0xf5, 0x4f, 0x40, 0xae, 0x0, 0x7f, 0x90, 0x0,
    0x5f, 0x34, 0xf4, 0xa, 0xe0, 0x2f, 0xe1, 0x0,
    0x9, 0xf0, 0x4f, 0x40, 0xae, 0x1d, 0xf5, 0xc9,
    0x0, 0xeb, 0x4, 0xf4, 0xa, 0xe1, 0xb6, 0x1a,
    0xf8, 0x6f, 0x40, 0x4f, 0x40, 0xae, 0x0, 0x0,
    0xa, 0xff, 0xc0, 0x4, 0xf4, 0xa, 0xe0, 0x0,
    0x0, 0xf, 0xf2, 0x0, 0x4f, 0x40, 0xae, 0x0,
    0x0, 0x1a, 0xf4, 0x0, 0x0, 0x10, 0xa, 0xe0,
    0x0, 0x7e, 0xe3, 0x0, 0x0, 0x0, 0x0, 0xae,
    0x18, 0xef, 0xb1, 0x0, 0x0, 0x0, 0x59, 0xaf,
    0xe0, 0xdc, 0x40, 0x0, 0x0, 0x0, 0x3, 0xff,
    0xd6, 0x1, 0x0, 0x0, 0x0, 0x0, 0x0, 0x0,
    0x0, 0x0,

    /* U+5219 "则" */
    0x0, 0x0, 0x0, 0x0, 0x0, 0x0, 0x0, 0x0,
    0xb6, 0x0, 0x59, 0x99, 0x99, 0x99, 0x30, 0x0,
    0x0, 0xe8, 0x0, 0x9f, 0xff, 0xff, 0xff, 0x70,
    0x0, 0x0, 0xe8, 0x0, 0x9e, 0x0, 0x0, 0x1f,
    0x70, 0x6f, 0x10, 0xe8, 0x0, 0x9e, 0x5, 0xb0,
    0x1f, 0x70, 0x7f, 0x10, 0xe8, 0x0, 0x9e, 0x7,
    0xf1, 0x1f, 0x70, 0x7f, 0x10, 0xe8, 0x0, 0x9e,
    0x7, 0xf1, 0x1f, 0x70, 0x7f, 0x10, 0xe8, 0x0,
    0x9e, 0x7, 0xf1, 0x1f, 0x70, 0x7f, 0x10, 0xe8,
    0x0, 0x9e, 0x7, 0xf1, 0x1f, 0x70, 0x7f, 0x10,
    0xe8, 0x0, 0x9e, 0x7, 0xf1, 0x1f, 0x70, 0x7f,
    0x10, 0xe8, 0x0, 0x9e, 0x7, 0xf1, 0x1f, 0x70,
    0x7f, 0x10, 0xe8, 0x0, 0x9e, 0x9, 0xf0, 0x1f,
    0x70, 0x7f, 0x10, 0xe8, 0x0, 0x9e, 0xe, 0xc0,
    0x1f, 0x70, 0x7f, 0x10, 0xe8, 0x0, 0x35, 0x5f,
    0x77, 0x65, 0x20, 0x4a, 0x0, 0xe8, 0x0, 0x2,
    0xee, 0x19, 0xfb, 0x10, 0x0, 0x0, 0xe8, 0x0,
    0x4e, 0xf4, 0x0, 0x4e, 0xd1, 0x0, 0x0, 0xe8,
    0x1b, 0xfe, 0x40, 0x0, 0x3, 0xfa, 0x2, 0x88,
    0xf7, 0xb, 0x91, 0x0, 0x0, 0x0, 0x53, 0x1,
    0xff, 0xe2,

    /* U+522B "别" */
    0x0, 0x0, 0x0, 0x0, 0x0, 0x0, 0x0, 0x6,
    0xa0, 0x1d, 0xdd, 0xdd, 0xdd, 0xc0, 0x0, 0x0,
    0x9e, 0x1, 0xfd, 0xbb, 0xbb, 0xef, 0x0, 0x95,
    0x9, 0xe0, 0x1f, 0x70, 0x0, 0x9, 0xf0, 0xf,
    0x90, 0x9e, 0x1, 0xf7, 0x0, 0x0, 0x9f, 0x0,
    0xf9, 0x9, 0xe0, 0x1f, 0x71, 0x11, 0x19, 0xf0,
    0xf, 0x90, 0x9e, 0x1, 0xff, 0xff, 0xff, 0xff,
    0x0, 0xf9, 0x9, 0xe0, 0x6, 0x69, 0xb6, 0x66,
    0x50, 0xf, 0x90, 0x9e, 0x0, 0x0, 0x7f, 0x0,
    0x0, 0x0, 0xf9, 0x9, 0xe1, 0x55, 0x5b, 0xf5,
    0x55, 0x52, 0xf, 0x90, 0x9e, 0x3f, 0xff, 0xff,
    0xff, 0xff, 0x70, 0xf9, 0x9, 0xe0, 0x22, 0x2e,
    0xc2, 0x25, 0xf6, 0xf, 0x90, 0x9e, 0x0, 0x1,
    0xf8, 0x0, 0x3f, 0x50, 0xf9, 0x9, 0xe0, 0x0,
    0x7f, 0x30, 0x5, 0xf3, 0xf, 0x90, 0x9e, 0x0,
    0xe, 0xd0, 0x0, 0x7f, 0x10, 0x0, 0x9, 0xe0,
    0xa, 0xf5, 0x0, 0xb, 0xf0, 0x0, 0x0, 0x9e,
    0x1a, 0xfa, 0xd, 0x99, 0xfa, 0x0, 0x58, 0x8e,
    0xe3, 0xd9, 0x0, 0x9e, 0xfb, 0x10, 0x4, 0xff,
    0xf6, 0x0, 0x0, 0x0, 0x0, 0x0, 0x0, 0x0,
    0x0, 0x0,

    /* U+5230 "到" */
    0x0, 0x0, 0x0, 0x0, 0x0, 0x0, 0x0, 0x1,
    0xd5, 0xb, 0xbb, 0xbb, 0xbb, 0xbb, 0xb9, 0x0,
    0x1, 0xf7, 0x1f, 0xff, 0xff, 0xff, 0xff, 0xfc,
    0x13, 0x1, 0xf7, 0x0, 0x0, 0x5f, 0x40, 0x0,
    0x0, 0x7f, 0x11, 0xf7, 0x0, 0x0, 0xcd, 0x2,
    0x70, 0x0, 0x7f, 0x11, 0xf7, 0x0, 0x4, 0xf6,
    0x4, 0xfa, 0x0, 0x7f, 0x11, 0xf7, 0x0, 0xd,
    0xd0, 0x0, 0x7f, 0x60, 0x7f, 0x11, 0xf7, 0xb,
    0xcf, 0xee, 0xff, 0xff, 0xe0, 0x7f, 0x11, 0xf7,
    0x9, 0xba, 0x98, 0x76, 0x57, 0xf5, 0x7f, 0x11,
    0xf7, 0x0, 0x0, 0x9, 0xd0, 0x0, 0x60, 0x7f,
    0x11, 0xf7, 0x0, 0x0, 0xa, 0xd0, 0x0, 0x0,
    0x7f, 0x11, 0xf7, 0x4, 0xaa, 0xad, 0xfa, 0xaa,
    0x50, 0x7f, 0x11, 0xf7, 0x5, 0xdd, 0xdf, 0xfd,
    0xdd, 0x70, 0x7f, 0x11, 0xf7, 0x0, 0x0, 0xa,
    0xd0, 0x0, 0x0, 0x7f, 0x11, 0xf7, 0x0, 0x0,
    0xa, 0xd0, 0x0, 0x0, 0x0, 0x1, 0xf7, 0x0,
    0x1, 0x3c, 0xfa, 0xce, 0xf5, 0x0, 0x1, 0xf7,
    0x4d, 0xff, 0xff, 0xdb, 0x86, 0x30, 0x8, 0x7a,
    0xf6, 0x9, 0x75, 0x20, 0x0, 0x0, 0x0, 0x8,
    0xff, 0xb0,

    /* U+523B "刻" */
    0x0, 0x0, 0x3, 0x70, 0x0, 0x0, 0x0, 0x4,
    0x90, 0x0, 0x0, 0x8, 0xf0, 0x0, 0x0, 0x0,
    0x7, 0xf0, 0x0, 0x0, 0x8, 0xf0, 0x0, 0x0,
    0x22, 0x7, 0xf0, 0x9f, 0xff, 0xff, 0xff, 0xff,
    0xfe, 0xcb, 0x7, 0xf0, 0x58, 0x88, 0xdf, 0x88,
    0x88, 0x87, 0xcb, 0x7, 0xf0, 0x0, 0x3, 0xf9,
    0x0, 0x82, 0x0, 0xcb, 0x7, 0xf0, 0x1, 0x1d,
    0xe1, 0x6, 0xf7, 0x0, 0xcb, 0x7, 0xf0, 0xb,
    0xff, 0x30, 0x1e, 0xd0, 0x0, 0xcb, 0x7, 0xf0,
    0x5, 0xdf, 0xe6, 0xbf, 0x30, 0x0, 0xcb, 0x7,
    0xf0, 0x0, 0x5, 0xdf, 0xf7, 0x9, 0xe0, 0xcb,
    0x7, 0xf0, 0x0, 0x0, 0x9f, 0xa0, 0x4f, 0xa0,
    0xcb, 0x7, 0xf0, 0x0, 0x2c, 0xf9, 0x1, 0xee,
    0x10, 0xcb, 0x7, 0xf0, 0x18, 0xff, 0x60, 0x1d,
    0xf3, 0x0, 0xcb, 0x7, 0xf0, 0x3f, 0xb2, 0x2,
    0xdf, 0x60, 0x0, 0xcb, 0x7, 0xf0, 0x1, 0x0,
    0x7f, 0xff, 0xe5, 0x0, 0x22, 0x7, 0xf0, 0x0,
    0x5c, 0xfc, 0x23, 0xcf, 0xb0, 0x0, 0x7, 0xf0,
    0x5d, 0xfe, 0x60, 0x0, 0x8, 0xfc, 0x17, 0x7c,
    0xf0, 0x5e, 0x70, 0x0, 0x0, 0x0, 0x79, 0xd,
    0xff, 0x80, 0x0, 0x0, 0x0, 0x0, 0x0, 0x0,
    0x0, 0x0, 0x0,

    /* U+524D "前" */
    0x0, 0x0, 0x0, 0x0, 0x0, 0x0, 0x0, 0x0,
    0x0, 0x0, 0x1, 0xa9, 0x0, 0x0, 0x0, 0xa9,
    0x0, 0x0, 0x0, 0x0, 0xaf, 0x80, 0x0, 0x2,
    0xf9, 0x0, 0x0, 0x0, 0x0, 0xc, 0xf3, 0x0,
    0xd, 0xe1, 0x0, 0x0, 0x3f, 0xff, 0xff, 0xff,
    0xff, 0xff, 0xff, 0xff, 0xfa, 0x17, 0x77, 0x77,
    0x77, 0x77, 0x77, 0x77, 0x77, 0x75, 0x0, 0x0,
    0x0, 0x0, 0x0, 0x0, 0x0, 0x6c, 0x0, 0x0,
    0x6d, 0xdd, 0xdd, 0xd3, 0x0, 0x0, 0x9f, 0x0,
    0x0, 0x7f, 0xcc, 0xcd, 0xf4, 0xe, 0x90, 0x9f,
    0x0, 0x0, 0x7f, 0x0, 0x4, 0xf4, 0xe, 0x90,
    0x9f, 0x0, 0x0, 0x7f, 0x99, 0x9b, 0xf4, 0xe,
    0x90, 0x9f, 0x0, 0x0, 0x7f, 0xcc, 0xcd, 0xf4,
    0xe, 0x90, 0x9f, 0x0, 0x0, 0x7f, 0x0, 0x4,
    0xf4, 0xe, 0x90, 0x9f, 0x0, 0x0, 0x7f, 0x87,
    0x7a, 0xf4, 0xe, 0x90, 0x9f, 0x0, 0x0, 0x7f,
    0xff, 0xff, 0xf4, 0xe, 0x90, 0x9f, 0x0, 0x0,
    0x7f, 0x0, 0x4, 0xf4, 0xb, 0x70, 0x9f, 0x0,
    0x0, 0x7f, 0x0, 0x4, 0xf4, 0x0, 0x0, 0x9f,
    0x0, 0x0, 0x7f, 0x4, 0x69, 0xf3, 0x0, 0x78,
    0xdf, 0x0, 0x0, 0x6d, 0x6, 0xff, 0xa0, 0x0,
    0xbf, 0xe7, 0x0, 0x0, 0x0, 0x0, 0x0, 0x0,
    0x0, 0x0, 0x0, 0x0,

    /* U+526F "副" */
    0x0, 0x0, 0x0, 0x0, 0x0, 0x0, 0x0, 0x0,
    0xd6, 0x3d, 0xdd, 0xdd, 0xdd, 0xdd, 0xdd, 0xb0,
    0x0, 0xf8, 0x3c, 0xcc, 0xcc, 0xcc, 0xcc, 0xcc,
    0xa0, 0x0, 0xf8, 0x0, 0x2, 0x22, 0x22, 0x22,
    0x20, 0x6, 0x40, 0xf8, 0x0, 0x5f, 0xff, 0xff,
    0xff, 0xd0, 0xe, 0xa0, 0xf8, 0x0, 0x5f, 0x74,
    0x44, 0x4c, 0xd0, 0xe, 0xa0, 0xf8, 0x0, 0x5f,
    0x86, 0x66, 0x6c, 0xd0, 0xe, 0xa0, 0xf8, 0x0,
    0x5f, 0xff, 0xff, 0xff, 0xd0, 0xe, 0xa0, 0xf8,
    0x0, 0x1, 0x11, 0x11, 0x11, 0x10, 0xe, 0xa0,
    0xf8, 0x0, 0xcc, 0xcc, 0xcc, 0xcc, 0xc8, 0xe,
    0xa0, 0xf8, 0x1, 0xfd, 0xaa, 0xfd, 0xaa, 0xfb,
    0xe, 0xa0, 0xf8, 0x1, 0xf7, 0x0, 0xe8, 0x0,
    0xeb, 0xe, 0xa0, 0xf8, 0x1, 0xfd, 0xbb, 0xfd,
    0xbb, 0xfb, 0xe, 0xa0, 0xf8, 0x1, 0xfe, 0xcc,
    0xfe, 0xcc, 0xfb, 0xe, 0xa0, 0xf8, 0x1, 0xf8,
    0x0, 0xe9, 0x0, 0xeb, 0x0, 0x0, 0xf8, 0x1,
    0xfa, 0x55, 0xfb, 0x55, 0xeb, 0x0, 0x0, 0xf8,
    0x1, 0xff, 0xff, 0xff, 0xff, 0xfb, 0x6, 0x89,
    0xf7, 0x1, 0xf8, 0x22, 0x22, 0x22, 0xdb, 0x7,
    0xff, 0xc1, 0x0, 0x20, 0x0, 0x0, 0x0, 0x0,
    0x0, 0x0, 0x0,

    /* U+52A1 "务" */
    0x0, 0x0, 0x0, 0x43, 0x0, 0x0, 0x0, 0x0,
    0x0, 0x0, 0x0, 0x0, 0xe, 0xc0, 0x0, 0x0,
    0x0, 0x0, 0x0, 0x0, 0x0, 0x8, 0xff, 0xff,
    0xff, 0xff, 0xf0, 0x0, 0x0, 0x0, 0x5, 0xff,
    0xa8, 0x88, 0x8a, 0xfd, 0x0, 0x0, 0x0, 0x8,
    0xfc, 0xde, 0x30, 0x3, 0xed, 0x10, 0x0, 0x0,
    0x5e, 0xfc, 0x11, 0xcf, 0x78, 0xfc, 0x10, 0x0,
    0x0, 0x3, 0xe8, 0x0, 0x0, 0xbf, 0xfc, 0x0,
    0x0, 0x0, 0x0, 0x0, 0x0, 0x4, 0xbf, 0xed,
    0xfc, 0x50, 0x0, 0x0, 0x0, 0x26, 0xae, 0xfe,
    0x80, 0x6, 0xdf, 0xfb, 0x63, 0x3, 0xff, 0xff,
    0xa5, 0x6, 0xd1, 0x0, 0x38, 0xdf, 0xfa, 0x9,
    0x76, 0x33, 0x33, 0x8f, 0x33, 0x33, 0x32, 0x15,
    0x10, 0x6, 0xff, 0xff, 0xff, 0xff, 0xff, 0xff,
    0xb0, 0x0, 0x0, 0x14, 0x44, 0x44, 0xec, 0x44,
    0x44, 0xea, 0x0, 0x0, 0x0, 0x0, 0x0, 0x4f,
    0x60, 0x0, 0xf, 0x80, 0x0, 0x0, 0x0, 0x0,
    0x4f, 0xc0, 0x0, 0x2, 0xf6, 0x0, 0x0, 0x0,
    0x3, 0xaf, 0xc1, 0x0, 0x0, 0x5f, 0x30, 0x0,
    0x6, 0xae, 0xff, 0x80, 0x0, 0x5a, 0x8d, 0xe0,
    0x0, 0x0, 0x6f, 0xb6, 0x0, 0x0, 0x2, 0xdf,
    0xe5, 0x0, 0x0, 0x0, 0x0, 0x0, 0x0, 0x0,
    0x0, 0x0, 0x0, 0x0, 0x0,

    /* U+52A8 "动" */
    0x0, 0x0, 0x0, 0x0, 0x0, 0x7, 0x40, 0x0,
    0x0, 0x0, 0x0, 0x0, 0x0, 0x0, 0xf9, 0x0,
    0x0, 0x6, 0x66, 0x66, 0x66, 0x0, 0xf, 0x90,
    0x0, 0x2, 0xff, 0xff, 0xff, 0xf0, 0x0, 0xf9,
    0x0, 0x0, 0x0, 0x0, 0x0, 0x0, 0x0, 0xf,
    0x90, 0x0, 0x0, 0x0, 0x0, 0x0, 0x0, 0xee,
    0xff, 0xee, 0xe9, 0x78, 0x88, 0x88, 0x88, 0x67,
    0x7f, 0xc7, 0x7f, 0xae, 0xff, 0xff, 0xff, 0xfc,
    0x0, 0xf8, 0x0, 0xf9, 0x0, 0x8, 0xf2, 0x0,
    0x0, 0xf, 0x80, 0xf, 0x70, 0x0, 0xeb, 0x0,
    0x0, 0x1, 0xf6, 0x2, 0xf6, 0x0, 0x6f, 0x30,
    0x20, 0x0, 0x3f, 0x40, 0x3f, 0x50, 0xd, 0xb0,
    0x1f, 0x90, 0x7, 0xf1, 0x5, 0xf3, 0x7, 0xf3,
    0x3, 0xcf, 0x70, 0xcd, 0x0, 0x7f, 0x23, 0xfd,
    0xaf, 0xff, 0xdf, 0x7f, 0x70, 0x9, 0xf0, 0x6f,
    0xfe, 0x94, 0x1, 0xef, 0xe0, 0x0, 0xbe, 0x0,
    0x73, 0x0, 0x0, 0x2e, 0xf4, 0x0, 0xe, 0xc0,
    0x0, 0x0, 0x0, 0x7f, 0xf6, 0x5, 0x89, 0xf8,
    0x0, 0x0, 0x0, 0xc, 0xe4, 0x0, 0x5f, 0xfb,
    0x10, 0x0, 0x0, 0x0, 0x10, 0x0, 0x0, 0x0,
    0x0, 0x0,

    /* U+5316 "化" */
    0x0, 0x0, 0x0, 0x81, 0x1, 0x30, 0x0, 0x0,
    0x0, 0x0, 0x0, 0x0, 0x5f, 0x30, 0x7f, 0x10,
    0x0, 0x0, 0x0, 0x0, 0x0, 0xb, 0xe0, 0x7,
    0xf1, 0x0, 0x0, 0x0, 0x0, 0x0, 0x2, 0xf8,
    0x0, 0x7f, 0x10, 0x0, 0x3d, 0x30, 0x0, 0x0,
    0xaf, 0x20, 0x7, 0xf1, 0x0, 0x2e, 0xe1, 0x0,
    0x0, 0x2f, 0xb0, 0x0, 0x7f, 0x10, 0x1d, 0xf3,
    0x0, 0x0, 0xc, 0xfa, 0x0, 0x7, 0xf1, 0x2d,
    0xf4, 0x0, 0x0, 0x8, 0xff, 0xa0, 0x0, 0x7f,
    0x5e, 0xe4, 0x0, 0x0, 0x6, 0xfb, 0xea, 0x0,
    0x7, 0xff, 0xd2, 0x0, 0x0, 0x0, 0xed, 0x1e,
    0xa0, 0x0, 0x7f, 0x90, 0x0, 0x0, 0x0, 0x2,
    0x10, 0xea, 0x0, 0x7, 0xf1, 0x0, 0x0, 0x0,
    0x0, 0x0, 0xe, 0xa0, 0x0, 0x7f, 0x10, 0x0,
    0x0, 0x0, 0x0, 0x0, 0xea, 0x0, 0x7, 0xf1,
    0x0, 0x0, 0x8, 0x30, 0x0, 0xe, 0xa0, 0x0,
    0x7f, 0x10, 0x0, 0x0, 0xea, 0x0, 0x0, 0xea,
    0x0, 0x7, 0xf1, 0x0, 0x0, 0x1f, 0x70, 0x0,
    0xe, 0xa0, 0x0, 0x6f, 0x30, 0x0, 0x8, 0xf4,
    0x0, 0x0, 0xea, 0x0, 0x2, 0xff, 0xff, 0xff,
    0xfc, 0x0, 0x0, 0xe, 0xa0, 0x0, 0x3, 0x78,
    0x88, 0x86, 0x10,

    /* U+5317 "北" */
    0x0, 0x0, 0x0, 0xc5, 0x0, 0x6d, 0x0, 0x0,
    0x0, 0x0, 0x0, 0x0, 0x1f, 0x70, 0x8, 0xf0,
    0x0, 0x0, 0x0, 0x0, 0x0, 0x1, 0xf7, 0x0,
    0x8f, 0x0, 0x0, 0x0, 0x0, 0x0, 0x0, 0x1f,
    0x70, 0x8, 0xf0, 0x0, 0x0, 0x0, 0x0, 0x0,
    0x1, 0xf7, 0x0, 0x8f, 0x0, 0x5, 0xa0, 0x0,
    0x77, 0x77, 0x8f, 0x70, 0x8, 0xf0, 0x2a, 0xfd,
    0x10, 0xf, 0xff, 0xff, 0xf7, 0x0, 0x8f, 0xcf,
    0xf9, 0x10, 0x0, 0x0, 0x0, 0x1f, 0x70, 0x8,
    0xfd, 0x82, 0x0, 0x0, 0x0, 0x0, 0x1, 0xf7,
    0x0, 0x8f, 0x0, 0x0, 0x0, 0x0, 0x0, 0x0,
    0x1f, 0x70, 0x8, 0xf0, 0x0, 0x0, 0x0, 0x0,
    0x0, 0x1, 0xf7, 0x0, 0x8f, 0x0, 0x0, 0x0,
    0x0, 0x0, 0x0, 0x1f, 0x70, 0x8, 0xf0, 0x0,
    0x2, 0x0, 0x0, 0x0, 0x1, 0xf7, 0x0, 0x8f,
    0x0, 0x0, 0x8e, 0x0, 0x2, 0x58, 0xcf, 0x70,
    0x8, 0xf0, 0x0, 0xa, 0xe0, 0x9e, 0xff, 0xfd,
    0xf7, 0x0, 0x8f, 0x20, 0x1, 0xea, 0x6, 0xb8,
    0x41, 0x1f, 0x70, 0x4, 0xff, 0xff, 0xff, 0x40,
    0x0, 0x0, 0x1, 0xf7, 0x0, 0x4, 0x78, 0x87,
    0x30, 0x0,

    /* U+5355 "单" */
    0x0, 0x0, 0x75, 0x0, 0x0, 0x6, 0x30, 0x0,
    0x0, 0x0, 0x0, 0xbf, 0x40, 0x0, 0x1f, 0xa0,
    0x0, 0x0, 0x0, 0x0, 0xd, 0xe1, 0x0, 0x9f,
    0x20, 0x0, 0x0, 0x0, 0x2, 0x26, 0xf7, 0x26,
    0xf9, 0x22, 0x10, 0x0, 0x0, 0x2f, 0xff, 0xff,
    0xff, 0xff, 0xff, 0x90, 0x0, 0x0, 0x2f, 0x84,
    0x45, 0xfa, 0x44, 0x4f, 0x90, 0x0, 0x0, 0x2f,
    0x95, 0x56, 0xfa, 0x55, 0x5f, 0x90, 0x0, 0x0,
    0x2f, 0xff, 0xff, 0xff, 0xff, 0xff, 0x90, 0x0,
    0x0, 0x2f, 0x71, 0x12, 0xf8, 0x11, 0x1f, 0x90,
    0x0, 0x0, 0x2f, 0x96, 0x66, 0xfa, 0x66, 0x6f,
    0x90, 0x0, 0x0, 0x2f, 0xff, 0xff, 0xff, 0xff,
    0xff, 0x90, 0x0, 0x0, 0x0, 0x0, 0x0, 0xf7,
    0x0, 0x0, 0x0, 0x0, 0x55, 0x55, 0x55, 0x55,
    0xfa, 0x55, 0x55, 0x55, 0x52, 0xef, 0xff, 0xff,
    0xff, 0xff, 0xff, 0xff, 0xff, 0xf8, 0x0, 0x0,
    0x0, 0x1, 0xf7, 0x0, 0x0, 0x0, 0x0, 0x0,
    0x0, 0x0, 0x0, 0xf7, 0x0, 0x0, 0x0, 0x0,
    0x0, 0x0, 0x0, 0x0, 0xf7, 0x0, 0x0, 0x0,
    0x0, 0x0, 0x0, 0x0, 0x0, 0xf7, 0x0, 0x0,
    0x0, 0x0,

    /* U+5361 "卡" */
    0x0, 0x0, 0x0, 0x7, 0xe0, 0x0, 0x0, 0x0,
    0x0, 0x0, 0x0, 0x0, 0x8, 0xf0, 0x0, 0x0,
    0x0, 0x0, 0x0, 0x0, 0x0, 0x8, 0xf0, 0x0,
    0x0, 0x0, 0x0, 0x0, 0x0, 0x0, 0x8, 0xf8,
    0x88, 0x88, 0x88, 0x0, 0x0, 0x0, 0x0, 0x8,
    0xff, 0xff, 0xff, 0xff, 0x10, 0x0, 0x0, 0x0,
    0x8, 0xf0, 0x0, 0x0, 0x0, 0x0, 0x0, 0x0,
    0x0, 0x8, 0xf0, 0x0, 0x0, 0x0, 0x0, 0x1,
    0x11, 0x11, 0x19, 0xf1, 0x11, 0x11, 0x11, 0x11,
    0x3f, 0xff, 0xff, 0xff, 0xff, 0xff, 0xff, 0xff,
    0xfc, 0x15, 0x55, 0x55, 0x5b, 0xf5, 0x55, 0x55,
    0x55, 0x54, 0x0, 0x0, 0x0, 0x8, 0xf0, 0x85,
    0x0, 0x0, 0x0, 0x0, 0x0, 0x0, 0x8, 0xf2,
    0xbf, 0xe6, 0x0, 0x0, 0x0, 0x0, 0x0, 0x8,
    0xf0, 0x2, 0xaf, 0xb1, 0x0, 0x0, 0x0, 0x0,
    0x8, 0xf0, 0x0, 0x5, 0xf5, 0x0, 0x0, 0x0,
    0x0, 0x8, 0xf0, 0x0, 0x0, 0x0, 0x0, 0x0,
    0x0, 0x0, 0x8, 0xf0, 0x0, 0x0, 0x0, 0x0,
    0x0, 0x0, 0x0, 0x8, 0xf0, 0x0, 0x0, 0x0,
    0x0, 0x0, 0x0, 0x0, 0x8, 0xf0, 0x0, 0x0,
    0x0, 0x0,

    /* U+53D1 "发" */
    0x0, 0x0, 0x0, 0x0, 0x12, 0x0, 0x0, 0x0,
    0x0, 0x0, 0x0, 0x6, 0x90, 0x7, 0xf0, 0x37,
    0x0, 0x0, 0x0, 0x0, 0x0, 0xdc, 0x0, 0x9e,
    0x8, 0xfc, 0x10, 0x0, 0x0, 0x0, 0x3f, 0x60,
    0xb, 0xc0, 0x4, 0xfc, 0x0, 0x0, 0x0, 0xa,
    0xf0, 0x0, 0xe9, 0x0, 0x4, 0xd2, 0x0, 0x0,
    0x0, 0xfd, 0x88, 0x8f, 0xb8, 0x88, 0x88, 0x88,
    0x80, 0x0, 0x1f, 0xff, 0xff, 0xff, 0xff, 0xff,
    0xff, 0xff, 0x0, 0x0, 0x0, 0x0, 0xad, 0x0,
    0x0, 0x0, 0x0, 0x0, 0x0, 0x0, 0x0, 0xf,
    0xd8, 0x88, 0x88, 0x83, 0x0, 0x0, 0x0, 0x0,
    0x5, 0xff, 0xff, 0xff, 0xff, 0x50, 0x0, 0x0,
    0x0, 0x0, 0xcd, 0xf9, 0x0, 0xa, 0xe0, 0x0,
    0x0, 0x0, 0x0, 0x5f, 0x57, 0xf3, 0x3, 0xf7,
    0x0, 0x0, 0x0, 0x0, 0x1e, 0xd0, 0xd, 0xd2,
    0xdd, 0x0, 0x0, 0x0, 0x0, 0xb, 0xf3, 0x0,
    0x2e, 0xff, 0x20, 0x0, 0x0, 0x0, 0xa, 0xf7,
    0x0, 0x0, 0xbf, 0xd2, 0x0, 0x0, 0x0, 0x1b,
    0xf9, 0x0, 0x5, 0xdf, 0x7d, 0xf7, 0x0, 0x0,
    0xe, 0xf8, 0x3, 0x7d, 0xfd, 0x30, 0x8, 0xfe,
    0x93, 0x0, 0x75, 0x4, 0xff, 0xb5, 0x0, 0x0,
    0x3, 0xaf, 0xf7, 0x0, 0x0, 0x3, 0x0, 0x0,
    0x0, 0x0, 0x0, 0x4, 0x0,

    /* U+53D6 "取" */
    0x7, 0x88, 0x88, 0x88, 0x88, 0x85, 0x0, 0x0,
    0x0, 0x0, 0xe, 0xff, 0xff, 0xff, 0xff, 0xfa,
    0x0, 0x0, 0x0, 0x0, 0x0, 0xf, 0x80, 0x0,
    0x9f, 0x3b, 0xbb, 0xbb, 0xba, 0x0, 0x0, 0xf,
    0x80, 0x0, 0x9f, 0x3e, 0xfc, 0xcc, 0xec, 0x0,
    0x0, 0xf, 0xc8, 0x88, 0xcf, 0xa, 0xd0, 0x0,
    0xcb, 0x0, 0x0, 0xf, 0xff, 0xff, 0xff, 0x8,
    0xf0, 0x0, 0xe9, 0x0, 0x0, 0xf, 0x80, 0x0,
    0x9f, 0x5, 0xf2, 0x0, 0xf6, 0x0, 0x0, 0xf,
    0x80, 0x0, 0x9f, 0x2, 0xf5, 0x4, 0xf2, 0x0,
    0x0, 0xf, 0xc8, 0x88, 0xcf, 0x0, 0xea, 0x8,
    0xe0, 0x0, 0x0, 0xf, 0xff, 0xff, 0xff, 0x0,
    0x8f, 0xe, 0x90, 0x0, 0x0, 0xf, 0x80, 0x0,
    0x9f, 0x0, 0x2f, 0xbf, 0x30, 0x0, 0x0, 0xf,
    0x80, 0x0, 0x9f, 0x0, 0xa, 0xfb, 0x0, 0x0,
    0x0, 0xf, 0x82, 0x58, 0xdf, 0x0, 0x9, 0xfa,
    0x0, 0x0, 0x5, 0x8f, 0xff, 0xfd, 0xdf, 0x0,
    0x5f, 0xbf, 0x90, 0x0, 0xa, 0xea, 0x74, 0x0,
    0x9f, 0x6, 0xfa, 0x6, 0xfb, 0x10, 0x0, 0x0,
    0x0, 0x0, 0x9f, 0x7f, 0x90, 0x0, 0x5e, 0xd0,
    0x0, 0x0, 0x0, 0x0, 0x9f, 0x4, 0x0, 0x0,
    0x1, 0x20,

    /* U+53D8 "变" */
    0x0, 0x0, 0x0, 0x0, 0x70, 0x0, 0x0, 0x0,
    0x0, 0x0, 0x0, 0x0, 0x0, 0x3f, 0xd1, 0x0,
    0x0, 0x0, 0x0, 0x0, 0x0, 0x0, 0x0, 0x3f,
    0xa0, 0x0, 0x0, 0x0, 0x0, 0xef, 0xff, 0xff,
    0xff, 0xff, 0xff, 0xff, 0xff, 0xf1, 0x5, 0x55,
    0x55, 0x5f, 0x95, 0x7f, 0x75, 0x55, 0x55, 0x0,
    0x0, 0x5, 0x60, 0xf6, 0x3, 0xf3, 0x18, 0x0,
    0x0, 0x0, 0x2, 0xfa, 0xf, 0x60, 0x3f, 0x33,
    0xec, 0x10, 0x0, 0x1, 0xde, 0x10, 0xf6, 0x3,
    0xf3, 0x2, 0xed, 0x0, 0x0, 0xcf, 0x30, 0xf,
    0x60, 0x3f, 0x30, 0x3, 0xfb, 0x0, 0x8f, 0x50,
    0x0, 0xb5, 0x3, 0xb3, 0x0, 0x8, 0xa0, 0x0,
    0x40, 0xdf, 0xff, 0xff, 0xff, 0xff, 0x50, 0x0,
    0x0, 0x0, 0x5, 0x8f, 0xc6, 0x66, 0x6e, 0xf2,
    0x0, 0x0, 0x0, 0x0, 0x0, 0x9f, 0x60, 0xa,
    0xf6, 0x0, 0x0, 0x0, 0x0, 0x0, 0x0, 0xbf,
    0x8b, 0xf6, 0x0, 0x0, 0x0, 0x0, 0x0, 0x0,
    0x0, 0xdf, 0xf9, 0x0, 0x0, 0x0, 0x0, 0x0,
    0x0, 0x28, 0xef, 0xbc, 0xfc, 0x61, 0x0, 0x0,
    0x5, 0x7a, 0xef, 0xfa, 0x30, 0x4, 0xcf, 0xfd,
    0x96, 0x20, 0xdf, 0xd9, 0x50, 0x0, 0x0, 0x0,
    0x27, 0xbe, 0xf2, 0x1, 0x0, 0x0, 0x0, 0x0,
    0x0, 0x0, 0x0, 0x1, 0x0,

    /* U+53E3 "口" */
    0x6f, 0xff, 0xff, 0xff, 0xff, 0xff, 0xf1, 0x7f,
    0x88, 0x88, 0x88, 0x88, 0x8b, 0xf1, 0x7f, 0x10,
    0x0, 0x0, 0x0, 0x7, 0xf1, 0x7f, 0x10, 0x0,
    0x0, 0x0, 0x7, 0xf1, 0x7f, 0x10, 0x0, 0x0,
    0x0, 0x7, 0xf1, 0x7f, 0x10, 0x0, 0x0, 0x0,
    0x7, 0xf1, 0x7f, 0x10, 0x0, 0x0, 0x0, 0x7,
    0xf1, 0x7f, 0x10, 0x0, 0x0, 0x0, 0x7, 0xf1,
    0x7f, 0x10, 0x0, 0x0, 0x0, 0x7, 0xf1, 0x7f,
    0x10, 0x0, 0x0, 0x0, 0x7, 0xf1, 0x7f, 0x43,
    0x33, 0x33, 0x33, 0x38, 0xf1, 0x7f, 0xff, 0xff,
    0xff, 0xff, 0xff, 0xf1, 0x7f, 0x43, 0x33, 0x33,
    0x33, 0x39, 0xf1, 0x5d, 0x10, 0x0, 0x0, 0x0,
    0x5, 0xd1,

    /* U+53EA "只" */
    0x0, 0x4, 0x77, 0x77, 0x77, 0x77, 0x77, 0x70,
    0x0, 0x0, 0xa, 0xff, 0xff, 0xff, 0xff, 0xff,
    0xf0, 0x0, 0x0, 0xa, 0xe0, 0x0, 0x0, 0x0,
    0x9, 0xf0, 0x0, 0x0, 0xa, 0xe0, 0x0, 0x0,
    0x0, 0x9, 0xf0, 0x0, 0x0, 0xa, 0xe0, 0x0,
    0x0, 0x0, 0x9, 0xf0, 0x0, 0x0, 0xa, 0xe0,
    0x0, 0x0, 0x0, 0x9, 0xf0, 0x0, 0x0, 0xa,
    0xe0, 0x0, 0x0, 0x0, 0x9, 0xf0, 0x0, 0x0,
    0xa, 0xe0, 0x0, 0x0, 0x0, 0x9, 0xf0, 0x0,
    0x0, 0xa, 0xff, 0xff, 0xff, 0xff, 0xff, 0xf0,
    0x0, 0x0, 0x5, 0x88, 0x88, 0x88, 0x88, 0x88,
    0x80, 0x0, 0x0, 0x0, 0x0, 0xa4, 0x0, 0xa,
    0x40, 0x0, 0x0, 0x0, 0x0, 0x8, 0xf8, 0x0,
    0x3e, 0xf9, 0x0, 0x0, 0x0, 0x0, 0x8f, 0xb0,
    0x0, 0x0, 0x9f, 0xc1, 0x0, 0x0, 0x1b, 0xfb,
    0x0, 0x0, 0x0, 0x6, 0xfc, 0x10, 0x6, 0xef,
    0x90, 0x0, 0x0, 0x0, 0x0, 0x6f, 0xb0, 0x7f,
    0xe5, 0x0, 0x0, 0x0, 0x0, 0x0, 0x8, 0xf6,
    0x7, 0x0, 0x0, 0x0, 0x0, 0x0, 0x0, 0x0,
    0x80,

    /* U+53EF "可" */
    0x7, 0x77, 0x77, 0x77, 0x77, 0x77, 0x77, 0x77,
    0x73, 0xf, 0xff, 0xff, 0xff, 0xff, 0xff, 0xff,
    0xff, 0xf8, 0x0, 0x0, 0x0, 0x0, 0x0, 0x0,
    0x9, 0xf0, 0x0, 0x0, 0x0, 0x0, 0x0, 0x0,
    0x0, 0x9, 0xf0, 0x0, 0x0, 0x4, 0x88, 0x88,
    0x88, 0x50, 0x9, 0xf0, 0x0, 0x0, 0x8, 0xff,
    0xff, 0xff, 0xb0, 0x9, 0xf0, 0x0, 0x0, 0x8,
    0xf0, 0x0, 0xd, 0xb0, 0x9, 0xf0, 0x0, 0x0,
    0x8, 0xf0, 0x0, 0xd, 0xb0, 0x9, 0xf0, 0x0,
    0x0, 0x8, 0xf0, 0x0, 0xd, 0xb0, 0x9, 0xf0,
    0x0, 0x0, 0x8, 0xf0, 0x0, 0xd, 0xb0, 0x9,
    0xf0, 0x0, 0x0, 0x8, 0xf8, 0x88, 0x8e, 0xb0,
    0x9, 0xf0, 0x0, 0x0, 0x8, 0xff, 0xff, 0xff,
    0xb0, 0x9, 0xf0, 0x0, 0x0, 0x8, 0xf0, 0x0,
    0xd, 0xb0, 0x9, 0xf0, 0x0, 0x0, 0x3, 0x70,
    0x0, 0x6, 0x50, 0x9, 0xf0, 0x0, 0x0, 0x0,
    0x0, 0x0, 0x0, 0x0, 0x9, 0xf0, 0x0, 0x0,
    0x0, 0x0, 0x0, 0x0, 0x99, 0xae, 0xe0, 0x0,
    0x0, 0x0, 0x0, 0x0, 0x0, 0x9f, 0xff, 0x70,
    0x0,

    /* U+542F "启" */
    0x0, 0x0, 0x0, 0x0, 0x0, 0x0, 0x0, 0x0,
    0x0, 0x0, 0x0, 0x0, 0xb, 0xd4, 0x0, 0x0,
    0x0, 0x0, 0x0, 0x0, 0x0, 0x3d, 0xf6, 0x0,
    0x0, 0x0, 0x0, 0x26, 0x66, 0x66, 0x7f, 0xa6,
    0x66, 0x65, 0x0, 0x7, 0xff, 0xff, 0xff, 0xff,
    0xff, 0xff, 0xd0, 0x0, 0x7f, 0x11, 0x11, 0x11,
    0x11, 0x11, 0xbd, 0x0, 0x7, 0xf1, 0x0, 0x0,
    0x0, 0x0, 0xb, 0xd0, 0x0, 0x7f, 0x54, 0x44,
    0x44, 0x44, 0x44, 0xcd, 0x0, 0x7, 0xff, 0xff,
    0xff, 0xff, 0xff, 0xff, 0xd0, 0x0, 0x7f, 0x33,
    0x33, 0x33, 0x33, 0x33, 0x32, 0x0, 0x7, 0xf0,
    0x0, 0x0, 0x0, 0x0, 0x0, 0x0, 0x0, 0x7f,
    0x2f, 0xff, 0xff, 0xff, 0xff, 0xf7, 0x0, 0x8,
    0xf2, 0xfa, 0x88, 0x88, 0x88, 0x8f, 0x70, 0x0,
    0xad, 0x2f, 0x50, 0x0, 0x0, 0x1, 0xf7, 0x0,
    0xe, 0xa2, 0xf5, 0x0, 0x0, 0x0, 0x1f, 0x70,
    0x6, 0xf5, 0x2f, 0x50, 0x0, 0x0, 0x1, 0xf7,
    0x1, 0xed, 0x2, 0xff, 0xff, 0xff, 0xff, 0xff,
    0x70, 0xdf, 0x40, 0x2f, 0xa8, 0x88, 0x88, 0x88,
    0xf7, 0x9, 0x70, 0x2, 0xf5, 0x0, 0x0, 0x0,
    0x1f, 0x70, 0x0, 0x0, 0x0, 0x0, 0x0, 0x0,
    0x0, 0x0,

    /* U+552E "售" */
    0x0, 0x0, 0x8, 0x10, 0x0, 0xa, 0x90, 0x0,
    0x0, 0x0, 0x0, 0x6, 0xf3, 0x0, 0x0, 0xf9,
    0x0, 0x0, 0x0, 0x0, 0x0, 0xde, 0x88, 0x88,
    0xaf, 0xa8, 0x88, 0x88, 0x10, 0x0, 0x7f, 0xff,
    0xff, 0xff, 0xff, 0xff, 0xff, 0xf1, 0x0, 0x3f,
    0xf1, 0x0, 0x0, 0xe9, 0x0, 0x0, 0x0, 0x0,
    0x2e, 0xff, 0xff, 0xff, 0xff, 0xff, 0xff, 0xff,
    0x0, 0xe, 0xfa, 0xf6, 0x55, 0x55, 0xfb, 0x55,
    0x55, 0x50, 0x0, 0x45, 0x7f, 0x65, 0x55, 0x5f,
    0xb5, 0x55, 0x55, 0x0, 0x0, 0x7, 0xff, 0xff,
    0xff, 0xff, 0xff, 0xff, 0xf0, 0x0, 0x0, 0x7f,
    0x21, 0x11, 0x1e, 0xa1, 0x11, 0x11, 0x10, 0x0,
    0x7, 0xff, 0xff, 0xff, 0xff, 0xff, 0xff, 0xff,
    0xc0, 0x0, 0x7f, 0x66, 0x66, 0x66, 0x66, 0x66,
    0x66, 0x64, 0x0, 0x1, 0xb8, 0x88, 0x88, 0x88,
    0x88, 0x88, 0x70, 0x0, 0x0, 0xf, 0xff, 0xff,
    0xff, 0xff, 0xff, 0xfe, 0x0, 0x0, 0x0, 0xf8,
    0x0, 0x0, 0x0, 0x0, 0xa, 0xe0, 0x0, 0x0,
    0xf, 0xa4, 0x44, 0x44, 0x44, 0x44, 0xbe, 0x0,
    0x0, 0x0, 0xff, 0xff, 0xff, 0xff, 0xff, 0xff,
    0xe0, 0x0, 0x0, 0xf, 0x92, 0x22, 0x22, 0x22,
    0x22, 0xbe, 0x0, 0x0, 0x0, 0x10, 0x0, 0x0,
    0x0, 0x0, 0x0, 0x0, 0x0,

    /* U+5546 "商" */
    0x0, 0x0, 0x0, 0x0, 0x98, 0x0, 0x0, 0x0,
    0x0, 0x0, 0x0, 0x0, 0x0, 0xcb, 0x0, 0x0,
    0x0, 0x0, 0xef, 0xff, 0xff, 0xff, 0xff, 0xff,
    0xff, 0xff, 0xfd, 0x78, 0x88, 0x8b, 0x88, 0x88,
    0x88, 0xa8, 0x88, 0x86, 0x0, 0x0, 0x6f, 0xa0,
    0x0, 0x8, 0xf4, 0x0, 0x0, 0x0, 0x0, 0x7,
    0xf5, 0x0, 0x4f, 0xb0, 0x0, 0x0, 0x7, 0xff,
    0xff, 0xff, 0xff, 0xff, 0xff, 0xff, 0x50, 0x7,
    0xf8, 0x88, 0xfd, 0x88, 0xfb, 0x88, 0x9f, 0x50,
    0x7, 0xf1, 0x6, 0xf5, 0x1, 0xf7, 0x5, 0x8f,
    0x50, 0x7, 0xf2, 0x8f, 0x90, 0x0, 0xef, 0xff,
    0xef, 0x50, 0x7, 0xf7, 0xf7, 0x0, 0x0, 0x15,
    0x54, 0x3f, 0x50, 0x7, 0xf1, 0x17, 0xff, 0xff,
    0xff, 0x60, 0x2f, 0x50, 0x7, 0xf1, 0x7, 0xf8,
    0x88, 0x8f, 0x60, 0x2f, 0x50, 0x7, 0xf1, 0x7,
    0xf0, 0x0, 0xf, 0x60, 0x2f, 0x50, 0x7, 0xf1,
    0x7, 0xf8, 0x88, 0x8f, 0x60, 0x2f, 0x50, 0x7,
    0xf1, 0x7, 0xff, 0xff, 0xff, 0x60, 0x2f, 0x50,
    0x7, 0xf1, 0x0, 0x0, 0x0, 0x0, 0x35, 0x7f,
    0x50, 0x7, 0xf1, 0x0, 0x0, 0x0, 0x0, 0x3f,
    0xfb, 0x0,

    /* U+5668 "器" */
    0x0, 0x7e, 0xee, 0xee, 0xe2, 0x3f, 0xff, 0xff,
    0xf7, 0x0, 0x0, 0x8f, 0x99, 0x9b, 0xf3, 0x3f,
    0xb9, 0x99, 0xf7, 0x0, 0x0, 0x8f, 0x0, 0x6,
    0xf3, 0x3f, 0x50, 0x1, 0xf7, 0x0, 0x0, 0x8f,
    0x55, 0x59, 0xf3, 0x3f, 0x85, 0x56, 0xf7, 0x0,
    0x0, 0x8f, 0xff, 0xff, 0xf7, 0x5f, 0xff, 0xff,
    0xf7, 0x0, 0x0, 0x12, 0x22, 0x22, 0x2e, 0xa2,
    0x22, 0x22, 0x20, 0x0, 0x1, 0x88, 0x88, 0x88,
    0x8f, 0xb8, 0x88, 0x88, 0x88, 0x10, 0x2, 0xff,
    0xff, 0xff, 0xff, 0xff, 0xff, 0xff, 0xff, 0x20,
    0x0, 0x0, 0x1, 0x6e, 0xe3, 0x6f, 0xc4, 0x0,
    0x0, 0x0, 0x8, 0xab, 0xef, 0xfa, 0x10, 0x3,
    0xcf, 0xfc, 0xa9, 0x80, 0x9, 0xdc, 0x96, 0x21,
    0x10, 0x1, 0x13, 0x7b, 0xde, 0x90, 0x0, 0x5f,
    0xff, 0xff, 0xf3, 0x2f, 0xff, 0xff, 0xf4, 0x0,
    0x0, 0x5f, 0x86, 0x69, 0xf3, 0x2f, 0x96, 0x68,
    0xf4, 0x0, 0x0, 0x5f, 0x40, 0x6, 0xf3, 0x2f,
    0x50, 0x4, 0xf4, 0x0, 0x0, 0x5f, 0x97, 0x7a,
    0xf3, 0x2f, 0xa7, 0x79, 0xf4, 0x0, 0x0, 0x5f,
    0xff, 0xff, 0xf3, 0x2f, 0xff, 0xff, 0xf4, 0x0,
    0x0, 0x5f, 0x51, 0x16, 0xf3, 0x2f, 0x50, 0x4,
    0xf4, 0x0,

    /* U+56DE "回" */
    0x1, 0x11, 0x11, 0x11, 0x11, 0x11, 0x11, 0x10,
    0x7f, 0xff, 0xff, 0xff, 0xff, 0xff, 0xff, 0xf7,
    0x7f, 0x65, 0x55, 0x55, 0x55, 0x55, 0x56, 0xf7,
    0x7f, 0x10, 0x0, 0x0, 0x0, 0x0, 0x1, 0xf7,
    0x7f, 0x10, 0x66, 0x66, 0x66, 0x64, 0x1, 0xf7,
    0x7f, 0x10, 0xef, 0xff, 0xff, 0xf9, 0x1, 0xf7,
    0x7f, 0x10, 0xe9, 0x0, 0x0, 0xe9, 0x1, 0xf7,
    0x7f, 0x10, 0xe9, 0x0, 0x0, 0xe9, 0x1, 0xf7,
    0x7f, 0x10, 0xe9, 0x0, 0x0, 0xe9, 0x1, 0xf7,
    0x7f, 0x10, 0xea, 0x22, 0x22, 0xe9, 0x1, 0xf7,
    0x7f, 0x10, 0xef, 0xff, 0xff, 0xf9, 0x1, 0xf7,
    0x7f, 0x10, 0x44, 0x44, 0x44, 0x42, 0x1, 0xf7,
    0x7f, 0x10, 0x0, 0x0, 0x0, 0x0, 0x1, 0xf7,
    0x7f, 0x87, 0x77, 0x77, 0x77, 0x77, 0x78, 0xf7,
    0x7f, 0xff, 0xff, 0xff, 0xff, 0xff, 0xff, 0xf7,
    0x7f, 0x10, 0x0, 0x0, 0x0, 0x0, 0x1, 0xf7,
    0x49, 0x0, 0x0, 0x0, 0x0, 0x0, 0x0, 0x72,

    /* U+56E0 "因" */
    0x6f, 0xff, 0xff, 0xff, 0xff, 0xff, 0xff, 0xf6,
    0x7f, 0x99, 0x99, 0x99, 0x99, 0x99, 0x99, 0xf6,
    0x7f, 0x10, 0x0, 0xd, 0xb0, 0x0, 0x1, 0xf6,
    0x7f, 0x10, 0x0, 0xd, 0xb0, 0x0, 0x1, 0xf6,
    0x7f, 0x10, 0x0, 0xd, 0xb0, 0x0, 0x1, 0xf6,
    0x7f, 0x28, 0x88, 0x8e, 0xd8, 0x88, 0x81, 0xf6,
    0x7f, 0x4f, 0xff, 0xff, 0xff, 0xff, 0xf2, 0xf6,
    0x7f, 0x10, 0x0, 0xf, 0xf2, 0x0, 0x1, 0xf6,
    0x7f, 0x10, 0x0, 0x2f, 0xf8, 0x0, 0x1, 0xf6,
    0x7f, 0x10, 0x0, 0x8f, 0x9f, 0x20, 0x1, 0xf6,
    0x7f, 0x10, 0x3, 0xfa, 0x1f, 0xb0, 0x1, 0xf6,
    0x7f, 0x10, 0x3e, 0xe1, 0x6, 0xfa, 0x1, 0xf6,
    0x7f, 0x28, 0xfd, 0x20, 0x0, 0x8f, 0xc3, 0xf6,
    0x7f, 0x6f, 0x91, 0x0, 0x0, 0x6, 0xf6, 0xf6,
    0x7f, 0x67, 0x55, 0x55, 0x55, 0x55, 0x66, 0xf6,
    0x7f, 0xff, 0xff, 0xff, 0xff, 0xff, 0xff, 0xf6,
    0x7f, 0x21, 0x11, 0x11, 0x11, 0x11, 0x12, 0xf6,
    0x2, 0x0, 0x0, 0x0, 0x0, 0x0, 0x0, 0x0,

    /* U+56FD "国" */
    0x8f, 0xff, 0xff, 0xff, 0xff, 0xff, 0xff, 0xf7,
    0x9f, 0x88, 0x88, 0x88, 0x88, 0x88, 0x88, 0xf8,
    0x9f, 0x1, 0x11, 0x11, 0x11, 0x11, 0x10, 0xe8,
    0x9f, 0x6f, 0xff, 0xff, 0xff, 0xff, 0xf7, 0xe8,
    0x9f, 0x14, 0x44, 0x4c, 0xc4, 0x44, 0x41, 0xe8,
    0x9f, 0x0, 0x0, 0xb, 0xb0, 0x0, 0x0, 0xe8,
    0x9f, 0x2, 0x33, 0x3c, 0xc3, 0x33, 0x20, 0xe8,
    0x9f, 0xa, 0xff, 0xff, 0xff, 0xff, 0xe0, 0xe8,
    0x9f, 0x1, 0x22, 0x2b, 0xc3, 0xa3, 0x20, 0xe8,
    0x9f, 0x0, 0x0, 0xb, 0xb3, 0xed, 0x10, 0xe8,
    0x9f, 0x0, 0x0, 0xb, 0xb0, 0x1d, 0xb0, 0xe8,
    0x9f, 0x46, 0x66, 0x6d, 0xd6, 0x68, 0x84, 0xe8,
    0x9f, 0x9f, 0xff, 0xff, 0xff, 0xff, 0xfa, 0xe8,
    0x9f, 0x0, 0x0, 0x0, 0x0, 0x0, 0x0, 0xe8,
    0x9f, 0x77, 0x77, 0x77, 0x77, 0x77, 0x77, 0xf8,
    0x9f, 0xff, 0xff, 0xff, 0xff, 0xff, 0xff, 0xf8,
    0x9f, 0x0, 0x0, 0x0, 0x0, 0x0, 0x0, 0xe8,

    /* U+5728 "在" */
    0x0, 0x0, 0x0, 0x2, 0x50, 0x0, 0x0, 0x0,
    0x0, 0x0, 0x0, 0x0, 0x0, 0x8f, 0x20, 0x0,
    0x0, 0x0, 0x0, 0x0, 0x0, 0x0, 0xd, 0xc0,
    0x0, 0x0, 0x0, 0x0, 0x0, 0x8, 0x88, 0x89,
    0xfc, 0x88, 0x88, 0x88, 0x88, 0x70, 0x0, 0xff,
    0xff, 0xff, 0xff, 0xff, 0xff, 0xff, 0xfe, 0x0,
    0x0, 0x0, 0x3f, 0x90, 0x0, 0x0, 0x0, 0x0,
    0x0, 0x0, 0x0, 0xb, 0xf1, 0x0, 0x8, 0xf0,
    0x0, 0x0, 0x0, 0x0, 0x6, 0xf7, 0x0, 0x0,
    0x8f, 0x0, 0x0, 0x0, 0x0, 0x3, 0xff, 0x60,
    0x0, 0x8, 0xf0, 0x0, 0x0, 0x0, 0x2, 0xef,
    0xf6, 0x38, 0x88, 0xcf, 0x88, 0x88, 0x30, 0x2,
    0xef, 0x5f, 0x66, 0xff, 0xff, 0xff, 0xff, 0xf5,
    0x0, 0xbf, 0x32, 0xf6, 0x0, 0x0, 0x8f, 0x0,
    0x0, 0x0, 0x0, 0x20, 0x2f, 0x60, 0x0, 0x8,
    0xf0, 0x0, 0x0, 0x0, 0x0, 0x2, 0xf6, 0x0,
    0x0, 0x8f, 0x0, 0x0, 0x0, 0x0, 0x0, 0x2f,
    0x60, 0x0, 0x8, 0xf0, 0x0, 0x0, 0x0, 0x0,
    0x2, 0xf6, 0x55, 0x55, 0xaf, 0x55, 0x55, 0x52,
    0x0, 0x0, 0x2f, 0x6f, 0xff, 0xff, 0xff, 0xff,
    0xff, 0x60, 0x0, 0x2, 0xf6, 0x22, 0x22, 0x22,
    0x22, 0x22, 0x21,

    /* U+5733 "圳" */
    0x0, 0x0, 0x0, 0x0, 0x10, 0x0, 0x0, 0x0,
    0x10, 0x0, 0x8, 0x70, 0x3, 0xf5, 0x0, 0x0,
    0x7, 0xf1, 0x0, 0xd, 0xb0, 0x3, 0xf5, 0x0,
    0x0, 0x7, 0xf1, 0x0, 0xd, 0xb0, 0x3, 0xf5,
    0x3, 0xf3, 0x7, 0xf1, 0x0, 0xd, 0xb0, 0x3,
    0xf5, 0x4, 0xf3, 0x7, 0xf1, 0x0, 0xd, 0xb0,
    0x3, 0xf5, 0x4, 0xf3, 0x7, 0xf1, 0x5f, 0xff,
    0xff, 0xf4, 0xf5, 0x4, 0xf3, 0x7, 0xf1, 0x38,
    0x8e, 0xd8, 0x84, 0xf5, 0x4, 0xf3, 0x7, 0xf1,
    0x0, 0xd, 0xb0, 0x3, 0xf5, 0x4, 0xf3, 0x7,
    0xf1, 0x0, 0xd, 0xb0, 0x3, 0xf4, 0x4, 0xf3,
    0x7, 0xf1, 0x0, 0xd, 0xb1, 0x87, 0xf4, 0x4,
    0xf3, 0x7, 0xf1, 0x0, 0xd, 0xff, 0xf9, 0xf2,
    0x4, 0xf3, 0x7, 0xf1, 0x27, 0xdf, 0xd7, 0x18,
    0xf0, 0x4, 0xf3, 0x7, 0xf1, 0x8f, 0xa4, 0x0,
    0xe, 0xb0, 0x4, 0xf3, 0x7, 0xf1, 0x1, 0x0,
    0x0, 0x7f, 0x50, 0x4, 0xf3, 0x7, 0xf1, 0x0,
    0x0, 0x3, 0xfc, 0x0, 0x1, 0x71, 0x7, 0xf1,
    0x0, 0x0, 0x4f, 0xe1, 0x0, 0x0, 0x0, 0x7,
    0xf1, 0x0, 0x0, 0x5d, 0x20, 0x0, 0x0, 0x0,
    0x7, 0xf1, 0x0, 0x0, 0x0, 0x0, 0x0, 0x0,
    0x0, 0x0, 0x0,

    /* U+5757 "块" */
    0x0, 0x0, 0x0, 0x0, 0x0, 0x1b, 0x40, 0x0,
    0x0, 0x0, 0x0, 0x6f, 0x20, 0x0, 0x1, 0xf7,
    0x0, 0x0, 0x0, 0x0, 0x6, 0xf2, 0x0, 0x0,
    0x1f, 0x70, 0x0, 0x0, 0x0, 0x0, 0x6f, 0x20,
    0x24, 0x45, 0xf9, 0x44, 0x42, 0x0, 0x0, 0x6,
    0xf2, 0x9, 0xff, 0xff, 0xff, 0xff, 0x80, 0x0,
    0x22, 0x7f, 0x42, 0x23, 0x34, 0xf8, 0x33, 0xf8,
    0x0, 0xe, 0xff, 0xff, 0xf5, 0x0, 0x1f, 0x60,
    0xf, 0x80, 0x0, 0x45, 0x9f, 0x65, 0x10, 0x2,
    0xf6, 0x0, 0xf8, 0x0, 0x0, 0x6, 0xf2, 0x0,
    0x0, 0x3f, 0x40, 0xf, 0x80, 0x0, 0x0, 0x6f,
    0x2a, 0xff, 0xff, 0xff, 0xff, 0xff, 0xf1, 0x0,
    0x6, 0xf2, 0x58, 0x88, 0xdf, 0xed, 0x88, 0x88,
    0x10, 0x0, 0x6f, 0x47, 0xc0, 0xe, 0xb9, 0xf0,
    0x0, 0x0, 0x0, 0x7, 0xff, 0xf9, 0x4, 0xf6,
    0x4f, 0x50, 0x0, 0x1, 0x7d, 0xfe, 0x81, 0x0,
    0xce, 0x0, 0xdd, 0x0, 0x0, 0x1e, 0xc6, 0x0,
    0x0, 0x7f, 0x70, 0x4, 0xf8, 0x0, 0x0, 0x10,
    0x0, 0x0, 0x7f, 0xc0, 0x0, 0x9, 0xf7, 0x0,
    0x0, 0x0, 0x1, 0xaf, 0xc0, 0x0, 0x0, 0xb,
    0xfa, 0x10, 0x0, 0x0, 0x2e, 0x90, 0x0, 0x0,
    0x0, 0x9, 0xf7, 0x0, 0x0, 0x0, 0x0, 0x0,
    0x0, 0x0, 0x0, 0x1, 0x0,

    /* U+5883 "境" */
    0x0, 0x1, 0x40, 0x0, 0x0, 0x5, 0xa0, 0x0,
    0x0, 0x0, 0x0, 0x7, 0xf1, 0x0, 0x0, 0x8,
    0xf0, 0x0, 0x0, 0x0, 0x0, 0x7, 0xf1, 0xb,
    0xff, 0xff, 0xff, 0xff, 0xf7, 0x0, 0x0, 0x7,
    0xf1, 0x6, 0x8d, 0xc8, 0x88, 0xdb, 0x83, 0x0,
    0x0, 0x7, 0xf1, 0x0, 0xc, 0xf1, 0x2, 0xf9,
    0x0, 0x0, 0x6, 0xff, 0xff, 0xda, 0xbc, 0xfd,
    0xbd, 0xfb, 0xbb, 0x20, 0x3, 0x8b, 0xf8, 0x6b,
    0xdd, 0xdd, 0xdd, 0xdd, 0xdd, 0x30, 0x0, 0x7,
    0xf1, 0x0, 0x56, 0x66, 0x66, 0x66, 0x40, 0x0,
    0x0, 0x7, 0xf1, 0x0, 0xff, 0xff, 0xff, 0xff,
    0xc0, 0x0, 0x0, 0x7, 0xf1, 0x0, 0xf9, 0x22,
    0x22, 0x2c, 0xc0, 0x0, 0x0, 0x7, 0xf4, 0x91,
    0xff, 0xff, 0xff, 0xff, 0xc0, 0x0, 0x0, 0x9,
    0xff, 0xe0, 0xfa, 0x44, 0x44, 0x4d, 0xc0, 0x0,
    0x1a, 0xff, 0xc5, 0x0, 0xff, 0xff, 0xff, 0xff,
    0xc0, 0x0, 0xb, 0xa3, 0x0, 0x0, 0x78, 0xfc,
    0x8f, 0xb8, 0x60, 0x0, 0x0, 0x0, 0x0, 0x0,
    0x5, 0xf5, 0x1f, 0x70, 0x1, 0x0, 0x0, 0x0,
    0x0, 0x0, 0x4e, 0xd0, 0x1f, 0x70, 0x8, 0xd0,
    0x0, 0x0, 0x25, 0x7c, 0xfe, 0x20, 0xf, 0xb6,
    0x6e, 0xb0, 0x0, 0x0, 0x2f, 0xfd, 0x70, 0x0,
    0x9, 0xff, 0xfe, 0x30, 0x0, 0x0, 0x1, 0x10,
    0x0, 0x0, 0x0, 0x0, 0x0, 0x0,

    /* U+5904 "处" */
    0x0, 0x0, 0x0, 0x0, 0x0, 0x0, 0x0, 0x0,
    0x0, 0x0, 0x0, 0x9, 0xa0, 0x0, 0x0, 0x1f,
    0x60, 0x0, 0x0, 0x0, 0x0, 0xca, 0x0, 0x0,
    0x1, 0xf7, 0x0, 0x0, 0x0, 0x0, 0xe, 0x70,
    0x0, 0x0, 0x1f, 0x70, 0x0, 0x0, 0x0, 0x2,
    0xff, 0xff, 0xf8, 0x1, 0xf7, 0x0, 0x0, 0x0,
    0x0, 0x7f, 0x66, 0x6f, 0x60, 0x1f, 0x70, 0x0,
    0x0, 0x0, 0xc, 0xb0, 0x2, 0xf3, 0x1, 0xf8,
    0xd7, 0x0, 0x0, 0x3, 0xfa, 0x0, 0x5f, 0x0,
    0x1f, 0x78, 0xf9, 0x0, 0x0, 0xbf, 0xe0, 0x9,
    0xc0, 0x1, 0xf7, 0x8, 0xf6, 0x0, 0x4f, 0x9f,
    0x30, 0xe8, 0x0, 0x1f, 0x70, 0xb, 0xf2, 0x1e,
    0xe0, 0xca, 0x4f, 0x30, 0x1, 0xf7, 0x0, 0x2d,
    0x22, 0xd4, 0x6, 0xfc, 0xd0, 0x0, 0x1f, 0x70,
    0x0, 0x0, 0x0, 0x0, 0xd, 0xf5, 0x0, 0x1,
    0xf7, 0x0, 0x0, 0x0, 0x0, 0x1, 0xef, 0x50,
    0x0, 0x1f, 0x70, 0x0, 0x0, 0x0, 0x0, 0xbf,
    0xbf, 0x40, 0x1, 0xf7, 0x0, 0x0, 0x0, 0x0,
    0xbf, 0x40, 0xbf, 0x91, 0x1f, 0x70, 0x0, 0x0,
    0x2, 0xdf, 0x50, 0x0, 0x6f, 0xfc, 0xa8, 0x76,
    0x77, 0x62, 0xfe, 0x30, 0x0, 0x0, 0x16, 0xad,
    0xff, 0xff, 0xf7, 0x5, 0x10, 0x0, 0x0, 0x0,
    0x0, 0x0, 0x0, 0x0, 0x0,

    /* U+5916 "外" */
    0x0, 0x0, 0x0, 0x0, 0x0, 0x0, 0x0, 0x0,
    0x0, 0x0, 0x0, 0x0, 0xd, 0x70, 0x0, 0x0,
    0x6e, 0x10, 0x0, 0x0, 0x0, 0x0, 0x1f, 0x90,
    0x0, 0x0, 0x7f, 0x10, 0x0, 0x0, 0x0, 0x0,
    0x4f, 0x60, 0x0, 0x0, 0x7f, 0x10, 0x0, 0x0,
    0x0, 0x0, 0x9f, 0x85, 0x55, 0x40, 0x7f, 0x10,
    0x0, 0x0, 0x0, 0x0, 0xef, 0xff, 0xff, 0xb0,
    0x7f, 0x10, 0x0, 0x0, 0x0, 0x6, 0xf7, 0x11,
    0x2f, 0x94, 0xaf, 0x10, 0x0, 0x0, 0x0, 0xe,
    0xd0, 0x0, 0x3f, 0x6e, 0xff, 0x10, 0x0, 0x0,
    0x0, 0x9f, 0x50, 0x0, 0x7f, 0x25, 0xff, 0x10,
    0x0, 0x0, 0x6, 0xf9, 0x21, 0x0, 0xcd, 0x0,
    0xbf, 0x40, 0x0, 0x0, 0x4, 0xa1, 0xef, 0x53,
    0xf7, 0x0, 0x7f, 0xe1, 0x0, 0x0, 0x0, 0x0,
    0x3d, 0xfd, 0xe1, 0x0, 0x7f, 0xfd, 0x10, 0x0,
    0x0, 0x0, 0x1, 0xdf, 0x60, 0x0, 0x7f, 0x6f,
    0xd1, 0x0, 0x0, 0x0, 0x3, 0xfc, 0x0, 0x0,
    0x7f, 0x16, 0xfd, 0x20, 0x0, 0x0, 0x3e, 0xe1,
    0x0, 0x0, 0x7f, 0x10, 0x5f, 0xd0, 0x0, 0x5,
    0xfe, 0x20, 0x0, 0x0, 0x7f, 0x10, 0x3, 0x30,
    0x1, 0x9f, 0xd2, 0x0, 0x0, 0x0, 0x7f, 0x10,
    0x0, 0x0, 0x1e, 0xfa, 0x0, 0x0, 0x0, 0x0,
    0x7f, 0x10, 0x0, 0x0, 0x7, 0x40, 0x0, 0x0,
    0x0, 0x0, 0x7f, 0x10, 0x0, 0x0,

    /* U+591A "多" */
    0x0, 0x0, 0x0, 0x0, 0x79, 0x10, 0x0, 0x0,
    0x0, 0x0, 0x0, 0x0, 0x7, 0xfb, 0x0, 0x0,
    0x0, 0x0, 0x0, 0x0, 0x1, 0xaf, 0xf9, 0x99,
    0x99, 0x40, 0x0, 0x0, 0x0, 0x7e, 0xff, 0xff,
    0xff, 0xff, 0x70, 0x0, 0x2, 0x9e, 0xfc, 0x40,
    0x0, 0x5, 0xfc, 0x0, 0x0, 0x3, 0xeb, 0x4b,
    0xe4, 0x0, 0x8f, 0xc1, 0x0, 0x0, 0x0, 0x0,
    0x1, 0xbf, 0x8e, 0xfe, 0x20, 0x0, 0x0, 0x0,
    0x0, 0x2, 0x8f, 0xfc, 0x9f, 0x90, 0x0, 0x0,
    0x2, 0x59, 0xef, 0xfa, 0x34, 0xff, 0x87, 0x77,
    0x71, 0xd, 0xff, 0xb5, 0x10, 0x8f, 0xff, 0xff,
    0xff, 0xf3, 0x2, 0x20, 0x0, 0x4d, 0xfa, 0x10,
    0x0, 0x1e, 0xd0, 0x0, 0x0, 0x5c, 0xfe, 0x60,
    0x0, 0x0, 0xbf, 0x30, 0x0, 0xd, 0xfe, 0x72,
    0xec, 0x10, 0x1b, 0xf5, 0x0, 0x0, 0x3, 0x60,
    0x0, 0x4f, 0xc6, 0xef, 0x50, 0x0, 0x0, 0x0,
    0x0, 0x0, 0x9, 0xff, 0xc2, 0x0, 0x0, 0x0,
    0x0, 0x1, 0x5a, 0xff, 0xd5, 0x0, 0x0, 0x0,
    0x3, 0x6a, 0xdf, 0xfe, 0x94, 0x0, 0x0, 0x0,
    0x0, 0xc, 0xff, 0xb8, 0x30, 0x0, 0x0, 0x0,
    0x0, 0x0, 0x1, 0x20, 0x0, 0x0, 0x0, 0x0,
    0x0, 0x0, 0x0,

    /* U+5927 "大" */
    0x0, 0x0, 0x0, 0x0, 0x65, 0x0, 0x0, 0x0,
    0x0, 0x0, 0x0, 0x0, 0x0, 0xcd, 0x0, 0x0,
    0x0, 0x0, 0x0, 0x0, 0x0, 0x0, 0xcd, 0x0,
    0x0, 0x0, 0x0, 0x0, 0x0, 0x0, 0x0, 0xcd,
    0x0, 0x0, 0x0, 0x0, 0x0, 0x0, 0x0, 0x0,
    0xdc, 0x0, 0x0, 0x0, 0x0, 0x1, 0x99, 0x99,
    0x99, 0xfe, 0x99, 0x99, 0x99, 0x80, 0x2, 0xff,
    0xff, 0xff, 0xff, 0xff, 0xff, 0xff, 0xe0, 0x0,
    0x0, 0x0, 0x3, 0xfc, 0xf2, 0x0, 0x0, 0x0,
    0x0, 0x0, 0x0, 0x7, 0xf5, 0xf6, 0x0, 0x0,
    0x0, 0x0, 0x0, 0x0, 0xc, 0xe0, 0xeb, 0x0,
    0x0, 0x0, 0x0, 0x0, 0x0, 0x2f, 0x90, 0x9f,
    0x10, 0x0, 0x0, 0x0, 0x0, 0x0, 0xaf, 0x20,
    0x3f, 0x80, 0x0, 0x0, 0x0, 0x0, 0x5, 0xfa,
    0x0, 0xc, 0xf2, 0x0, 0x0, 0x0, 0x0, 0x2f,
    0xe1, 0x0, 0x3, 0xfc, 0x0, 0x0, 0x0, 0x3,
    0xef, 0x40, 0x0, 0x0, 0x7f, 0xb0, 0x0, 0x0,
    0x6f, 0xf5, 0x0, 0x0, 0x0, 0x8, 0xfc, 0x10,
    0xc, 0xfe, 0x30, 0x0, 0x0, 0x0, 0x0, 0x6f,
    0xf5, 0x5, 0x91, 0x0, 0x0, 0x0, 0x0, 0x0,
    0x3, 0xc3,

    /* U+5929 "天" */
    0x7, 0x99, 0x99, 0x99, 0x99, 0x99, 0x99, 0x99,
    0x90, 0xc, 0xff, 0xff, 0xff, 0xff, 0xff, 0xff,
    0xff, 0xf1, 0x0, 0x0, 0x0, 0x0, 0xaf, 0x0,
    0x0, 0x0, 0x0, 0x0, 0x0, 0x0, 0x0, 0xbf,
    0x0, 0x0, 0x0, 0x0, 0x0, 0x0, 0x0, 0x0,
    0xbe, 0x0, 0x0, 0x0, 0x0, 0x0, 0x0, 0x0,
    0x0, 0xde, 0x0, 0x0, 0x0, 0x0, 0x1, 0x88,
    0x88, 0x88, 0xfe, 0x88, 0x88, 0x88, 0x40, 0x3,
    0xff, 0xff, 0xff, 0xff, 0xff, 0xff, 0xff, 0x70,
    0x0, 0x0, 0x0, 0x5, 0xfd, 0xf1, 0x0, 0x0,
    0x0, 0x0, 0x0, 0x0, 0xb, 0xf5, 0xf5, 0x0,
    0x0, 0x0, 0x0, 0x0, 0x0, 0x2f, 0xa0, 0xec,
    0x0, 0x0, 0x0, 0x0, 0x0, 0x0, 0xcf, 0x20,
    0x7f, 0x60, 0x0, 0x0, 0x0, 0x0, 0xa, 0xf7,
    0x0, 0xd, 0xf3, 0x0, 0x0, 0x0, 0x0, 0xaf,
    0x90, 0x0, 0x3, 0xfe, 0x30, 0x0, 0x0, 0x4d,
    0xf9, 0x0, 0x0, 0x0, 0x4f, 0xf7, 0x0, 0x4c,
    0xff, 0x60, 0x0, 0x0, 0x0, 0x2, 0xdf, 0xc4,
    0x3e, 0xa1, 0x0, 0x0, 0x0, 0x0, 0x0, 0x7,
    0xe5, 0x0, 0x0, 0x0, 0x0, 0x0, 0x0, 0x0,
    0x0, 0x0,

    /* U+5931 "失" */
    0x0, 0x0, 0x0, 0x0, 0x19, 0x30, 0x0, 0x0,
    0x0, 0x0, 0x0, 0x10, 0x0, 0x1f, 0x60, 0x0,
    0x0, 0x0, 0x0, 0x0, 0x8d, 0x0, 0x1f, 0x60,
    0x0, 0x0, 0x0, 0x0, 0x0, 0xdc, 0x0, 0x1f,
    0x60, 0x0, 0x0, 0x0, 0x0, 0x3, 0xff, 0xff,
    0xff, 0xff, 0xff, 0xf9, 0x0, 0x0, 0xb, 0xf7,
    0x77, 0x8f, 0xa7, 0x77, 0x73, 0x0, 0x0, 0x5f,
    0x80, 0x0, 0x3f, 0x50, 0x0, 0x0, 0x0, 0x1,
    0xfd, 0x0, 0x0, 0x4f, 0x40, 0x0, 0x0, 0x0,
    0x0, 0x32, 0x0, 0x0, 0x6f, 0x30, 0x0, 0x0,
    0x0, 0x9, 0xff, 0xff, 0xff, 0xff, 0xff, 0xff,
    0xff, 0xf0, 0x4, 0x77, 0x77, 0x77, 0xff, 0xfa,
    0x77, 0x77, 0x70, 0x0, 0x0, 0x0, 0x7, 0xf6,
    0xf9, 0x0, 0x0, 0x0, 0x0, 0x0, 0x0, 0x2f,
    0xd0, 0xaf, 0x20, 0x0, 0x0, 0x0, 0x0, 0x1,
    0xdf, 0x30, 0x2f, 0xd1, 0x0, 0x0, 0x0, 0x0,
    0x2d, 0xf5, 0x0, 0x5, 0xfd, 0x20, 0x0, 0x0,
    0x6, 0xff, 0x50, 0x0, 0x0, 0x7f, 0xf5, 0x0,
    0x6, 0xdf, 0xd3, 0x0, 0x0, 0x0, 0x5, 0xff,
    0xc3, 0xd, 0xf8, 0x0, 0x0, 0x0, 0x0, 0x0,
    0x1a, 0xf6, 0x2, 0x10, 0x0, 0x0, 0x0, 0x0,
    0x0, 0x0, 0x10,

    /* U+5B50 "子" */
    0x0, 0x8, 0xff, 0xff, 0xff, 0xff, 0xff, 0xe0,
    0x0, 0x0, 0x4, 0x88, 0x88, 0x88, 0x88, 0xbf,
    0xa0, 0x0, 0x0, 0x0, 0x0, 0x0, 0x0, 0x4,
    0xfb, 0x0, 0x0, 0x0, 0x0, 0x0, 0x0, 0x0,
    0x5f, 0xc0, 0x0, 0x0, 0x0, 0x0, 0x0, 0x0,
    0x9, 0xfa, 0x0, 0x0, 0x0, 0x0, 0x0, 0x0,
    0x0, 0x5f, 0x80, 0x0, 0x0, 0x0, 0x0, 0x0,
    0x0, 0x0, 0x6f, 0x20, 0x0, 0x0, 0x0, 0xf,
    0xff, 0xff, 0xff, 0xff, 0xff, 0xff, 0xff, 0xf6,
    0x8, 0x88, 0x88, 0x88, 0xbf, 0x98, 0x88, 0x88,
    0x83, 0x0, 0x0, 0x0, 0x0, 0x6f, 0x20, 0x0,
    0x0, 0x0, 0x0, 0x0, 0x0, 0x0, 0x6f, 0x20,
    0x0, 0x0, 0x0, 0x0, 0x0, 0x0, 0x0, 0x6f,
    0x20, 0x0, 0x0, 0x0, 0x0, 0x0, 0x0, 0x0,
    0x6f, 0x20, 0x0, 0x0, 0x0, 0x0, 0x0, 0x0,
    0x0, 0x6f, 0x20, 0x0, 0x0, 0x0, 0x0, 0x0,
    0x0, 0x0, 0x6f, 0x20, 0x0, 0x0, 0x0, 0x0,
    0x0, 0x4, 0x87, 0xcf, 0x10, 0x0, 0x0, 0x0,
    0x0, 0x0, 0x3, 0xff, 0xfa, 0x0, 0x0, 0x0,
    0x0,

    /* U+5B57 "字" */
    0x0, 0x0, 0x0, 0x0, 0x79, 0x0, 0x0, 0x0,
    0x0, 0x0, 0x0, 0x0, 0x0, 0xbf, 0x0, 0x0,
    0x0, 0x0, 0x3, 0x88, 0x88, 0x88, 0xdf, 0x88,
    0x88, 0x88, 0x70, 0x7, 0xff, 0xff, 0xff, 0xff,
    0xff, 0xff, 0xff, 0xf0, 0x7, 0xf0, 0x0, 0x0,
    0x0, 0x0, 0x0, 0x9, 0xf0, 0x7, 0xf0, 0x0,
    0x0, 0x0, 0x0, 0x0, 0x9, 0xf0, 0x7, 0xf0,
    0xff, 0xff, 0xff, 0xff, 0xff, 0x37, 0xd0, 0x0,
    0x0, 0x77, 0x77, 0x77, 0x79, 0xfe, 0x10, 0x0,
    0x0, 0x0, 0x0, 0x0, 0x0, 0x5e, 0xe2, 0x0,
    0x0, 0x0, 0x0, 0x0, 0x0, 0x2b, 0xfb, 0x10,
    0x0, 0x0, 0x0, 0x0, 0x0, 0x0, 0x9f, 0x80,
    0x0, 0x0, 0x0, 0x1f, 0xff, 0xff, 0xff, 0xff,
    0xff, 0xff, 0xff, 0xf8, 0x7, 0x77, 0x77, 0x77,
    0xcf, 0x87, 0x77, 0x77, 0x74, 0x0, 0x0, 0x0,
    0x0, 0x8f, 0x10, 0x0, 0x0, 0x0, 0x0, 0x0,
    0x0, 0x0, 0x8f, 0x10, 0x0, 0x0, 0x0, 0x0,
    0x0, 0x0, 0x0, 0x8f, 0x10, 0x0, 0x0, 0x0,
    0x0, 0x0, 0x3, 0x99, 0xef, 0x0, 0x0, 0x0,
    0x0, 0x0, 0x0, 0x1, 0xff, 0xf7, 0x0, 0x0,
    0x0, 0x0,

    /* U+5B58 "存" */
    0x0, 0x0, 0x0, 0x9, 0x30, 0x0, 0x0, 0x0,
    0x0, 0x0, 0x0, 0x0, 0x3, 0xf5, 0x0, 0x0,
    0x0, 0x0, 0x0, 0x0, 0x0, 0x0, 0x8f, 0x10,
    0x0, 0x0, 0x0, 0x0, 0x0, 0xd, 0xff, 0xff,
    0xff, 0xff, 0xff, 0xff, 0xff, 0xf1, 0x0, 0x67,
    0x7b, 0xf9, 0x77, 0x77, 0x77, 0x77, 0x77, 0x0,
    0x0, 0x0, 0xec, 0x0, 0x0, 0x0, 0x0, 0x0,
    0x0, 0x0, 0x0, 0x7f, 0x40, 0xcf, 0xff, 0xff,
    0xff, 0xb0, 0x0, 0x0, 0x2f, 0xf2, 0x6, 0x88,
    0x88, 0x8e, 0xf9, 0x0, 0x0, 0xd, 0xff, 0x20,
    0x0, 0x0, 0x1a, 0xf9, 0x0, 0x0, 0xb, 0xfc,
    0xf2, 0x0, 0x0, 0x2e, 0xf6, 0x0, 0x0, 0xb,
    0xf9, 0x6f, 0x21, 0x11, 0x14, 0xf7, 0x11, 0x11,
    0x0, 0x9a, 0x6, 0xf4, 0xff, 0xff, 0xff, 0xff,
    0xff, 0xfa, 0x0, 0x0, 0x6f, 0x36, 0x66, 0x68,
    0xfa, 0x66, 0x66, 0x40, 0x0, 0x6, 0xf2, 0x0,
    0x0, 0x3f, 0x60, 0x0, 0x0, 0x0, 0x0, 0x6f,
    0x20, 0x0, 0x3, 0xf6, 0x0, 0x0, 0x0, 0x0,
    0x6, 0xf2, 0x0, 0x0, 0x3f, 0x60, 0x0, 0x0,
    0x0, 0x0, 0x6f, 0x20, 0x8, 0xce, 0xf5, 0x0,
    0x0, 0x0, 0x0, 0x6, 0xf2, 0x0, 0x4c, 0xc8,
    0x0, 0x0, 0x0,

    /* U+5B83 "它" */
    0x0, 0x0, 0x0, 0x2, 0x30, 0x0, 0x0, 0x0,
    0x0, 0x0, 0x0, 0xa, 0xf0, 0x0, 0x0, 0x0,
    0x0, 0x0, 0x0, 0xa, 0xf0, 0x0, 0x0, 0x0,
    0x89, 0x99, 0x99, 0x9d, 0xf9, 0x99, 0x99, 0x98,
    0xef, 0xff, 0xff, 0xff, 0xff, 0xff, 0xff, 0xff,
    0xeb, 0x0, 0x0, 0x0, 0x0, 0x0, 0x0, 0xbf,
    0xeb, 0x3, 0x20, 0x0, 0x0, 0x0, 0x0, 0xbf,
    0xda, 0xe, 0xb0, 0x0, 0x0, 0x0, 0x50, 0x8b,
    0x0, 0xe, 0xb0, 0x0, 0x0, 0x3d, 0xf5, 0x0,
    0x0, 0xe, 0xb0, 0x0, 0x3b, 0xfe, 0x40, 0x0,
    0x0, 0xe, 0xb3, 0x7c, 0xff, 0x81, 0x0, 0x0,
    0x0, 0xe, 0xff, 0xfe, 0x81, 0x0, 0x0, 0x0,
    0x0, 0xe, 0xd6, 0x30, 0x0, 0x0, 0x1, 0x51,
    0x0, 0xe, 0xb0, 0x0, 0x0, 0x0, 0x6, 0xf3,
    0x0, 0xe, 0xb0, 0x0, 0x0, 0x0, 0xc, 0xe0,
    0x0, 0xe, 0xd0, 0x0, 0x0, 0x0, 0x4f, 0x80,
    0x0, 0x9, 0xff, 0xff, 0xff, 0xff, 0xfe, 0x10,
    0x0, 0x0, 0x58, 0x99, 0x99, 0x99, 0x82, 0x0,

    /* U+5B9A "定" */
    0x0, 0x0, 0x0, 0x0, 0x7, 0x50, 0x0, 0x0,
    0x0, 0x0, 0x0, 0x0, 0x0, 0x0, 0xe, 0x90,
    0x0, 0x0, 0x0, 0x0, 0x0, 0x67, 0x77, 0x77,
    0x7f, 0xc7, 0x77, 0x77, 0x76, 0x0, 0x0, 0xff,
    0xff, 0xff, 0xff, 0xff, 0xff, 0xff, 0xff, 0x0,
    0x0, 0xf9, 0x0, 0x0, 0x0, 0x0, 0x0, 0x0,
    0x9f, 0x0, 0x0, 0xf9, 0x0, 0x0, 0x0, 0x0,
    0x0, 0x0, 0x9f, 0x0, 0x0, 0x63, 0x78, 0x88,
    0x88, 0x88, 0x88, 0x87, 0x57, 0x0, 0x0, 0x0,
    0xdf, 0xff, 0xff, 0xff, 0xff, 0xfe, 0x0, 0x0,
    0x0, 0x0, 0x0, 0x0, 0xc, 0xc0, 0x0, 0x0,
    0x0, 0x0, 0x0, 0x0, 0x78, 0x0, 0xc, 0xc0,
    0x0, 0x0, 0x0, 0x0, 0x0, 0x0, 0xad, 0x0,
    0xc, 0xc3, 0x33, 0x33, 0x20, 0x0, 0x0, 0x0,
    0xbc, 0x0, 0xc, 0xff, 0xff, 0xff, 0xc0, 0x0,
    0x0, 0x0, 0xea, 0x0, 0xc, 0xd4, 0x44, 0x44,
    0x30, 0x0, 0x0, 0x3, 0xfe, 0x10, 0xc, 0xc0,
    0x0, 0x0, 0x0, 0x0, 0x0, 0x9, 0xff, 0xd2,
    0xc, 0xc0, 0x0, 0x0, 0x0, 0x0, 0x0, 0x4f,
    0xa3, 0xef, 0x9d, 0xc1, 0x10, 0x0, 0x11, 0x10,
    0x4, 0xee, 0x10, 0x19, 0xff, 0xff, 0xff, 0xff,
    0xff, 0xc0, 0xd, 0xf3, 0x0, 0x0, 0x3, 0x56,
    0x78, 0x88, 0x88, 0x30, 0x1, 0x30, 0x0, 0x0,
    0x0, 0x0, 0x0, 0x0, 0x0, 0x0,

    /* U+5BA1 "审" */
    0x0, 0x0, 0x0, 0x8, 0x70, 0x0, 0x0, 0x0,
    0x0, 0x0, 0x0, 0x0, 0x7, 0xfa, 0x0, 0x0,
    0x0, 0x0, 0x3, 0x33, 0x33, 0x33, 0x9f, 0x53,
    0x33, 0x33, 0x30, 0x1f, 0xff, 0xff, 0xff, 0xff,
    0xff, 0xff, 0xff, 0xf3, 0x1f, 0x83, 0x33, 0x33,
    0x79, 0x33, 0x33, 0x37, 0xf3, 0x1f, 0x70, 0x0,
    0x0, 0x9e, 0x0, 0x0, 0x4, 0xf3, 0x1, 0xb,
    0xff, 0xff, 0xff, 0xff, 0xff, 0xe0, 0x10, 0x0,
    0xc, 0xe8, 0x88, 0xcf, 0x88, 0x8c, 0xf0, 0x0,
    0x0, 0xc, 0xc0, 0x0, 0x9e, 0x0, 0x9, 0xf0,
    0x0, 0x0, 0xc, 0xe8, 0x88, 0xcf, 0x88, 0x8c,
    0xf0, 0x0, 0x0, 0xc, 0xff, 0xff, 0xff, 0xff,
    0xff, 0xf0, 0x0, 0x0, 0xc, 0xc0, 0x0, 0x9e,
    0x0, 0x9, 0xf0, 0x0, 0x0, 0xc, 0xe7, 0x77,
    0xcf, 0x77, 0x7c, 0xf0, 0x0, 0x0, 0xc, 0xff,
    0xff, 0xff, 0xff, 0xff, 0xf0, 0x0, 0x0, 0x6,
    0x60, 0x0, 0x9e, 0x0, 0x5, 0x80, 0x0, 0x0,
    0x0, 0x0, 0x0, 0x9e, 0x0, 0x0, 0x0, 0x0,
    0x0, 0x0, 0x0, 0x0, 0x9e, 0x0, 0x0, 0x0,
    0x0, 0x0, 0x0, 0x0, 0x0, 0x9e, 0x0, 0x0,
    0x0, 0x0,

    /* U+5BA4 "室" */
    0x0, 0x0, 0x0, 0x0, 0xa8, 0x0, 0x0, 0x0,
    0x0, 0x0, 0x0, 0x0, 0x0, 0xeb, 0x0, 0x0,
    0x0, 0x0, 0xd, 0xff, 0xff, 0xff, 0xff, 0xff,
    0xff, 0xff, 0xd0, 0xe, 0xd8, 0x88, 0x88, 0x88,
    0x88, 0x88, 0x8d, 0xe0, 0xe, 0xa0, 0x11, 0x11,
    0x11, 0x11, 0x11, 0xa, 0xe0, 0xe, 0xa9, 0xff,
    0xff, 0xff, 0xff, 0xff, 0x9a, 0xe0, 0xb, 0x83,
    0x66, 0x7f, 0xb6, 0x66, 0x66, 0x37, 0x90, 0x0,
    0x0, 0x0, 0x9f, 0x20, 0x9, 0xb1, 0x0, 0x0,
    0x0, 0x0, 0x2, 0xf9, 0x0, 0x7, 0xfd, 0x20,
    0x0, 0x0, 0x25, 0x5c, 0xf8, 0x78, 0x89, 0xef,
    0xe1, 0x0, 0x0, 0x6f, 0xff, 0xfe, 0xdc, 0xcb,
    0xa9, 0xfc, 0x0, 0x0, 0x2, 0x10, 0x0, 0x89,
    0x0, 0x0, 0x53, 0x0, 0x0, 0x25, 0x55, 0x55,
    0xdd, 0x55, 0x55, 0x53, 0x0, 0x0, 0x9f, 0xff,
    0xff, 0xff, 0xff, 0xff, 0xfa, 0x0, 0x0, 0x12,
    0x22, 0x22, 0xcc, 0x22, 0x22, 0x21, 0x0, 0x0,
    0x0, 0x0, 0x0, 0xbc, 0x0, 0x0, 0x0, 0x0,
    0x17, 0x77, 0x77, 0x77, 0xde, 0x77, 0x77, 0x77,
    0x71, 0x2f, 0xff, 0xff, 0xff, 0xff, 0xff, 0xff,
    0xff, 0xf2,

    /* U+5BBD "宽" */
    0x0, 0x0, 0x0, 0x7, 0x50, 0x0, 0x0, 0x0,
    0x0, 0x0, 0x0, 0x0, 0x9, 0xf4, 0x0, 0x0,
    0x0, 0x0, 0x6f, 0xff, 0xff, 0xff, 0xff, 0xff,
    0xff, 0xff, 0xe0, 0x7f, 0x88, 0x8a, 0xb8, 0x88,
    0xab, 0x88, 0x8c, 0xe0, 0x7f, 0x44, 0x4b, 0xf4,
    0x44, 0xbf, 0x44, 0x4a, 0xe0, 0x0, 0xbf, 0xff,
    0xff, 0xff, 0xff, 0xff, 0xf1, 0x0, 0x0, 0x23,
    0x3a, 0xf3, 0x33, 0xaf, 0x33, 0x30, 0x0, 0x0,
    0x3, 0x79, 0xa7, 0x77, 0x9b, 0x76, 0x0, 0x0,
    0x0, 0x7, 0xff, 0xff, 0xff, 0xff, 0xfe, 0x0,
    0x0, 0x0, 0x7, 0xf0, 0x0, 0x30, 0x0, 0x9e,
    0x0, 0x0, 0x0, 0x7, 0xf0, 0x0, 0xf6, 0x0,
    0x9e, 0x0, 0x0, 0x0, 0x7, 0xf0, 0x4, 0xf4,
    0x10, 0x9e, 0x0, 0x0, 0x0, 0x7, 0xf0, 0x9,
    0xfa, 0xe0, 0x9e, 0x0, 0x0, 0x0, 0x7, 0xf0,
    0x2f, 0x99, 0xe0, 0x9e, 0x0, 0x0, 0x0, 0x6,
    0xd3, 0xde, 0x19, 0xe0, 0x9e, 0x0, 0x81, 0x0,
    0x0, 0x7f, 0xe3, 0x9, 0xe0, 0x0, 0x2, 0xf5,
    0x15, 0xaf, 0xfa, 0x10, 0x7, 0xff, 0xff, 0xff,
    0xd0, 0x1f, 0xd8, 0x20, 0x0, 0x0, 0x56, 0x66,
    0x66, 0x10, 0x1, 0x0, 0x0, 0x0, 0x0, 0x0,
    0x0, 0x0, 0x0,

    /* U+5BC6 "密" */
    0x0, 0x0, 0x0, 0x0, 0x54, 0x0, 0x0, 0x0,
    0x0, 0x0, 0x0, 0x0, 0x0, 0xea, 0x0, 0x0,
    0x0, 0x0, 0x7, 0x88, 0x88, 0x88, 0xfd, 0x88,
    0x88, 0x88, 0x80, 0xe, 0xff, 0xff, 0xff, 0xff,
    0xff, 0xff, 0xff, 0xf0, 0xe, 0x90, 0x0, 0x9,
    0x50, 0x0, 0x1, 0x7, 0xf0, 0xe, 0x91, 0x0,
    0x19, 0xf9, 0x0, 0x5f, 0x57, 0xf0, 0x9, 0x6a,
    0xa6, 0xc0, 0x6f, 0x28, 0xfa, 0x5, 0xa0, 0x0,
    0x4f, 0x68, 0xf0, 0x4, 0xbf, 0x62, 0xb3, 0x0,
    0x4, 0xfb, 0x8, 0xf0, 0x7f, 0xc3, 0x32, 0xbf,
    0x40, 0x1f, 0xb0, 0x8, 0xfe, 0xe6, 0x0, 0xe8,
    0xb, 0xe1, 0x2, 0x3, 0x9f, 0xfc, 0x43, 0x37,
    0xf2, 0x1, 0xe9, 0x39, 0xef, 0xd8, 0xdf, 0xff,
    0xff, 0x90, 0x0, 0x40, 0x2b, 0x84, 0x0, 0x2,
    0xca, 0x21, 0x0, 0x10, 0x0, 0x0, 0x9f, 0x0,
    0x0, 0xea, 0x0, 0x0, 0xf9, 0x0, 0x0, 0x9f,
    0x0, 0x0, 0xea, 0x0, 0x0, 0xf9, 0x0, 0x0,
    0x9f, 0x88, 0x88, 0xfd, 0x88, 0x88, 0xf9, 0x0,
    0x0, 0x9f, 0xee, 0xee, 0xee, 0xee, 0xee, 0xf9,
    0x0, 0x0, 0x9f, 0x0, 0x0, 0x0, 0x0, 0x0,
    0xf9, 0x0, 0x0, 0x0, 0x0, 0x0, 0x0, 0x0,
    0x0, 0x0, 0x0,

    /* U+5BF9 "对" */
    0x0, 0x0, 0x0, 0x0, 0x0, 0x0, 0x0, 0xc,
    0x50, 0x0, 0x0, 0x0, 0x0, 0x0, 0x0, 0x0,
    0x1, 0xf6, 0x0, 0x6, 0x77, 0x77, 0x77, 0x60,
    0x0, 0x0, 0x1f, 0x60, 0x0, 0xdf, 0xff, 0xff,
    0xfe, 0x0, 0x0, 0x1, 0xf6, 0x0, 0x0, 0x0,
    0x0, 0xa, 0xda, 0xff, 0xff, 0xff, 0xff, 0x50,
    0x0, 0x0, 0x0, 0xca, 0x58, 0x88, 0x88, 0xfb,
    0x82, 0x0, 0xbd, 0x10, 0xf, 0x70, 0x0, 0x0,
    0x1f, 0x60, 0x0, 0x3, 0xed, 0x14, 0xf3, 0x2,
    0x0, 0x1, 0xf6, 0x0, 0x0, 0x2, 0xed, 0x9f,
    0x1, 0xf8, 0x0, 0x1f, 0x60, 0x0, 0x0, 0x4,
    0xff, 0x90, 0x8, 0xf5, 0x1, 0xf6, 0x0, 0x0,
    0x0, 0x8, 0xf6, 0x0, 0xc, 0xe0, 0x1f, 0x60,
    0x0, 0x0, 0x0, 0xcf, 0xd0, 0x0, 0x4f, 0x71,
    0xf6, 0x0, 0x0, 0x0, 0x4f, 0x7f, 0x70, 0x0,
    0xc7, 0x1f, 0x60, 0x0, 0x0, 0x1e, 0xc0, 0xae,
    0x0, 0x0, 0x1, 0xf6, 0x0, 0x0, 0xc, 0xf2,
    0x3, 0xf6, 0x0, 0x0, 0x1f, 0x60, 0x0, 0x1b,
    0xf6, 0x0, 0xd, 0xb0, 0x0, 0x1, 0xf6, 0x0,
    0x2d, 0xf7, 0x0, 0x0, 0x10, 0x0, 0x47, 0x7f,
    0x60, 0x0, 0xb5, 0x0, 0x0, 0x0, 0x0, 0x5,
    0xff, 0xc1, 0x0,

    /* U+5C0F "小" */
    0x0, 0x0, 0x0, 0x0, 0x12, 0x0, 0x0, 0x0,
    0x0, 0x0, 0x0, 0x0, 0x0, 0xae, 0x0, 0x0,
    0x0, 0x0, 0x0, 0x0, 0x0, 0x0, 0xae, 0x0,
    0x0, 0x0, 0x0, 0x0, 0x0, 0x0, 0x0, 0xae,
    0x0, 0x0, 0x0, 0x0, 0x0, 0x0, 0x0, 0x0,
    0xae, 0x0, 0x0, 0x0, 0x0, 0x0, 0x0, 0xa8,
    0x0, 0xae, 0x1, 0xc9, 0x0, 0x0, 0x0, 0x1,
    0xf8, 0x0, 0xae, 0x0, 0x9f, 0x90, 0x0, 0x0,
    0x8, 0xf2, 0x0, 0xae, 0x0, 0xa, 0xf5, 0x0,
    0x0, 0x1f, 0xb0, 0x0, 0xae, 0x0, 0x0, 0xdf,
    0x10, 0x0, 0xcf, 0x20, 0x0, 0xae, 0x0, 0x0,
    0x3f, 0x90, 0x8, 0xf7, 0x0, 0x0, 0xae, 0x0,
    0x0, 0xb, 0xf1, 0x4f, 0xb0, 0x0, 0x0, 0xae,
    0x0, 0x0, 0x4, 0xf6, 0x6, 0x0, 0x0, 0x0,
    0xae, 0x0, 0x0, 0x0, 0x50, 0x0, 0x0, 0x0,
    0x0, 0xae, 0x0, 0x0, 0x0, 0x0, 0x0, 0x0,
    0x0, 0x0, 0xae, 0x0, 0x0, 0x0, 0x0, 0x0,
    0x0, 0x0, 0x0, 0xae, 0x0, 0x0, 0x0, 0x0,
    0x0, 0x0, 0x9, 0x89, 0xec, 0x0, 0x0, 0x0,
    0x0, 0x0, 0x0, 0xa, 0xff, 0xd4, 0x0, 0x0,
    0x0, 0x0, 0x0, 0x0, 0x0, 0x0, 0x0, 0x0,
    0x0, 0x0, 0x0,

    /* U+5C40 "局" */
    0x0, 0x38, 0x88, 0x88, 0x88, 0x88, 0x88, 0x84,
    0x0, 0x6, 0xff, 0xff, 0xff, 0xff, 0xff, 0xff,
    0x80, 0x0, 0x6f, 0x20, 0x0, 0x0, 0x0, 0x0,
    0xf8, 0x0, 0x6, 0xf4, 0x22, 0x22, 0x22, 0x22,
    0x2f, 0x80, 0x0, 0x6f, 0xff, 0xff, 0xff, 0xff,
    0xff, 0xf8, 0x0, 0x6, 0xf6, 0x55, 0x55, 0x55,
    0x55, 0x55, 0x20, 0x0, 0x6f, 0x98, 0x88, 0x88,
    0x88, 0x88, 0x88, 0x70, 0x6, 0xff, 0xff, 0xff,
    0xff, 0xff, 0xff, 0xfe, 0x0, 0x6f, 0x20, 0x0,
    0x0, 0x0, 0x0, 0x9, 0xe0, 0x7, 0xf1, 0x7f,
    0xff, 0xff, 0xff, 0x10, 0xad, 0x0, 0x8f, 0x7,
    0xf8, 0x88, 0x8b, 0xf1, 0xb, 0xc0, 0xb, 0xe0,
    0x7f, 0x0, 0x0, 0x7f, 0x10, 0xda, 0x0, 0xeb,
    0x7, 0xf4, 0x44, 0x49, 0xf1, 0xf, 0x80, 0x3f,
    0x70, 0x7f, 0xff, 0xff, 0xff, 0x12, 0xf6, 0xa,
    0xf1, 0x7, 0xf3, 0x33, 0x37, 0xc0, 0x7f, 0x33,
    0xfa, 0x0, 0x0, 0x0, 0x0, 0xac, 0xae, 0xf0,
    0x4e, 0x10, 0x0, 0x0, 0x0, 0x6, 0xef, 0xe5,
    0x0, 0x10, 0x0, 0x0, 0x0, 0x0, 0x0, 0x0,
    0x0,

    /* U+5C42 "层" */
    0x0, 0xf, 0xff, 0xff, 0xff, 0xff, 0xff, 0xff,
    0xe0, 0x0, 0x0, 0xfb, 0x88, 0x88, 0x88, 0x88,
    0x88, 0xbf, 0x0, 0x0, 0xf, 0x60, 0x0, 0x0,
    0x0, 0x0, 0x7, 0xf0, 0x0, 0x0, 0xfe, 0xee,
    0xee, 0xee, 0xee, 0xee, 0xff, 0x0, 0x0, 0xf,
    0xca, 0xaa, 0xaa, 0xaa, 0xaa, 0xaa, 0x90, 0x0,
    0x0, 0xf6, 0x6, 0x77, 0x77, 0x77, 0x77, 0x70,
    0x0, 0x0, 0xf, 0x60, 0xdf, 0xff, 0xff, 0xff,
    0xff, 0x0, 0x0, 0x0, 0xf6, 0x0, 0x0, 0x0,
    0x0, 0x0, 0x0, 0x0, 0x0, 0xf, 0x76, 0x66,
    0x66, 0x66, 0x66, 0x66, 0x66, 0x20, 0x1, 0xf8,
    0xff, 0xff, 0xff, 0xff, 0xff, 0xff, 0xf5, 0x0,
    0x2f, 0x40, 0x0, 0x1e, 0xa0, 0x0, 0x0, 0x0,
    0x0, 0x6, 0xf2, 0x0, 0x9, 0xf4, 0x1, 0x40,
    0x0, 0x0, 0x0, 0x9e, 0x0, 0x5, 0xf8, 0x0,
    0x9f, 0x40, 0x0, 0x0, 0xf, 0xa0, 0x2, 0xfb,
    0x0, 0x0, 0xbf, 0x30, 0x0, 0x7, 0xf4, 0x2,
    0xee, 0x67, 0x9b, 0xdf, 0xfe, 0x10, 0x1, 0xfc,
    0x0, 0x6f, 0xff, 0xfe, 0xca, 0x76, 0xfa, 0x0,
    0x1d, 0x20, 0x0, 0x75, 0x30, 0x0, 0x0, 0x9,
    0xd0, 0x0, 0x0, 0x0, 0x0, 0x0, 0x0, 0x0,
    0x0, 0x0, 0x0,

    /* U+5C4F "屏" */
    0x0, 0x88, 0x88, 0x88, 0x88, 0x88, 0x88, 0x88,
    0x40, 0x0, 0xff, 0xff, 0xff, 0xff, 0xff, 0xff,
    0xff, 0x90, 0x0, 0xf8, 0x0, 0x0, 0x0, 0x0,
    0x0, 0xf, 0x90, 0x0, 0xfb, 0x77, 0x77, 0x77,
    0x77, 0x77, 0x7f, 0x90, 0x0, 0xff, 0xff, 0xff,
    0xff, 0xff, 0xff, 0xff, 0x90, 0x0, 0xf8, 0x0,
    0x7e, 0x30, 0x0, 0x4, 0xe2, 0x0, 0x0, 0xf8,
    0x0, 0x2c, 0xf3, 0x0, 0x1d, 0xd0, 0x0, 0x0,
    0xf8, 0x4, 0x45, 0xec, 0x44, 0xcf, 0x74, 0x40,
    0x0, 0xf8, 0x1f, 0xff, 0xff, 0xff, 0xff, 0xff,
    0xe0, 0x0, 0xf8, 0x2, 0x22, 0xf9, 0x22, 0xbe,
    0x22, 0x20, 0x0, 0xf8, 0x0, 0x0, 0xf7, 0x0,
    0xad, 0x0, 0x0, 0x0, 0xf8, 0x68, 0x88, 0xfc,
    0x88, 0xde, 0x77, 0x75, 0x2, 0xf6, 0xcf, 0xff,
    0xff, 0xff, 0xff, 0xff, 0xfa, 0x7, 0xf2, 0x0,
    0x6, 0xf3, 0x0, 0xae, 0x0, 0x0, 0xd, 0xd0,
    0x0, 0x3e, 0xc0, 0x0, 0xae, 0x0, 0x0, 0x7f,
    0x53, 0x6b, 0xfd, 0x20, 0x0, 0xae, 0x0, 0x0,
    0x7b, 0x6, 0xfc, 0x60, 0x0, 0x0, 0xae, 0x0,
    0x0, 0x0, 0x0, 0x0, 0x0, 0x0, 0x0, 0x0,
    0x0, 0x0,

    /* U+5C55 "展" */
    0x0, 0x88, 0x88, 0x88, 0x88, 0x88, 0x88, 0x88,
    0x0, 0x1, 0xff, 0xff, 0xff, 0xff, 0xff, 0xff,
    0xff, 0x0, 0x1, 0xf7, 0x0, 0x0, 0x0, 0x0,
    0x0, 0x7f, 0x0, 0x1, 0xfa, 0x66, 0x66, 0x66,
    0x66, 0x66, 0xaf, 0x0, 0x1, 0xff, 0xff, 0xff,
    0xff, 0xff, 0xff, 0xff, 0x0, 0x1, 0xf7, 0x0,
    0xb, 0x60, 0x1, 0xb5, 0x0, 0x0, 0x1, 0xf7,
    0x46, 0x6f, 0xb6, 0x67, 0xfa, 0x66, 0x10, 0x1,
    0xf7, 0xcf, 0xff, 0xff, 0xff, 0xff, 0xff, 0x40,
    0x1, 0xf7, 0x1, 0x1f, 0x81, 0x12, 0xf7, 0x11,
    0x0, 0x1, 0xf7, 0x11, 0x1f, 0x81, 0x12, 0xf7,
    0x11, 0x10, 0x2, 0xf9, 0xff, 0xff, 0xff, 0xff,
    0xff, 0xff, 0xf0, 0x3, 0xf6, 0x66, 0xfb, 0x67,
    0xfb, 0x66, 0x96, 0x60, 0x6, 0xf2, 0x0, 0xf8,
    0x0, 0xbd, 0x1, 0xea, 0x0, 0x9, 0xf0, 0x0,
    0xf8, 0x0, 0x3f, 0xbd, 0xe2, 0x0, 0xf, 0xa0,
    0x0, 0xf8, 0x0, 0x15, 0xff, 0x40, 0x0, 0x6f,
    0x50, 0x24, 0xfd, 0xce, 0xf0, 0x5e, 0xfb, 0x63,
    0xcd, 0x1, 0xef, 0xff, 0xc9, 0x60, 0x0, 0x8d,
    0xf8, 0x2, 0x0, 0x34, 0x20, 0x0, 0x0, 0x0,
    0x0, 0x20,

    /* U+5DF1 "己" */
    0x34, 0x44, 0x44, 0x44, 0x44, 0x44, 0x42, 0x0,
    0xbf, 0xff, 0xff, 0xff, 0xff, 0xff, 0xfa, 0x0,
    0x23, 0x33, 0x33, 0x33, 0x33, 0x33, 0xfa, 0x0,
    0x0, 0x0, 0x0, 0x0, 0x0, 0x0, 0xfa, 0x0,
    0x0, 0x0, 0x0, 0x0, 0x0, 0x0, 0xfa, 0x0,
    0x0, 0x0, 0x0, 0x0, 0x0, 0x0, 0xfa, 0x0,
    0x7, 0x77, 0x77, 0x77, 0x77, 0x77, 0xfa, 0x0,
    0xe, 0xff, 0xff, 0xff, 0xff, 0xff, 0xfa, 0x0,
    0xe, 0xa0, 0x0, 0x0, 0x0, 0x0, 0xfa, 0x0,
    0xe, 0xa0, 0x0, 0x0, 0x0, 0x0, 0x0, 0x0,
    0xe, 0xa0, 0x0, 0x0, 0x0, 0x0, 0x0, 0x0,
    0xe, 0xa0, 0x0, 0x0, 0x0, 0x0, 0x0, 0x65,
    0xe, 0xa0, 0x0, 0x0, 0x0, 0x0, 0x0, 0xcd,
    0xe, 0xa0, 0x0, 0x0, 0x0, 0x0, 0x0, 0xfa,
    0xe, 0xf8, 0x77, 0x77, 0x77, 0x77, 0x7a, 0xf6,
    0x5, 0xef, 0xff, 0xff, 0xff, 0xff, 0xff, 0xa0,

    /* U+5DF2 "已" */
    0x14, 0x44, 0x44, 0x44, 0x44, 0x44, 0x44, 0x0,
    0x4, 0xff, 0xff, 0xff, 0xff, 0xff, 0xff, 0xf0,
    0x0, 0x3, 0x33, 0x33, 0x33, 0x33, 0x33, 0xaf,
    0x0, 0x0, 0x0, 0x0, 0x0, 0x0, 0x0, 0x9,
    0xf0, 0x0, 0x0, 0x0, 0x0, 0x0, 0x0, 0x0,
    0x9f, 0x0, 0x0, 0x7f, 0x10, 0x0, 0x0, 0x0,
    0x9, 0xf0, 0x0, 0x7, 0xf4, 0x33, 0x33, 0x33,
    0x33, 0xbf, 0x0, 0x0, 0x7f, 0xff, 0xff, 0xff,
    0xff, 0xff, 0xf0, 0x0, 0x7, 0xf4, 0x33, 0x33,
    0x33, 0x33, 0xbf, 0x0, 0x0, 0x7f, 0x10, 0x0,
    0x0, 0x0, 0x4, 0x60, 0x0, 0x7, 0xf1, 0x0,
    0x0, 0x0, 0x0, 0x0, 0x0, 0x0, 0x7f, 0x10,
    0x0, 0x0, 0x0, 0x0, 0x0, 0x20, 0x7, 0xf1,
    0x0, 0x0, 0x0, 0x0, 0x0, 0x1f, 0x70, 0x7f,
    0x10, 0x0, 0x0, 0x0, 0x0, 0x4, 0xf5, 0x7,
    0xf4, 0x0, 0x0, 0x0, 0x0, 0x1, 0xbf, 0x10,
    0x3f, 0xff, 0xff, 0xff, 0xff, 0xff, 0xff, 0x70,
    0x0, 0x47, 0x77, 0x77, 0x77, 0x77, 0x77, 0x30,
    0x0,

    /* U+5E01 "币" */
    0x0, 0x0, 0x0, 0x0, 0x0, 0x0, 0x0, 0x2,
    0x0, 0x0, 0x0, 0x0, 0x12, 0x34, 0x69, 0xbf,
    0xf5, 0xd, 0xff, 0xff, 0xff, 0xff, 0xff, 0xeb,
    0x84, 0x0, 0x47, 0x77, 0x76, 0x6c, 0xe2, 0x0,
    0x0, 0x0, 0x0, 0x0, 0x0, 0x0, 0xae, 0x0,
    0x0, 0x0, 0x0, 0x0, 0x0, 0x0, 0xa, 0xe0,
    0x0, 0x0, 0x0, 0x0, 0x9f, 0xff, 0xff, 0xff,
    0xff, 0xff, 0xff, 0x0, 0x9, 0xf7, 0x77, 0x7c,
    0xf7, 0x77, 0x7c, 0xf0, 0x0, 0x9e, 0x0, 0x0,
    0xae, 0x0, 0x0, 0x9f, 0x0, 0x9, 0xe0, 0x0,
    0xa, 0xe0, 0x0, 0x9, 0xf0, 0x0, 0x9e, 0x0,
    0x0, 0xae, 0x0, 0x0, 0x9f, 0x0, 0x9, 0xe0,
    0x0, 0xa, 0xe0, 0x0, 0x9, 0xf0, 0x0, 0x9e,
    0x0, 0x0, 0xae, 0x0, 0x0, 0x9f, 0x0, 0x9,
    0xe0, 0x0, 0xa, 0xe0, 0x0, 0x9, 0xe0, 0x0,
    0x9e, 0x0, 0x0, 0xae, 0x0, 0xae, 0xfb, 0x0,
    0x5, 0x90, 0x0, 0xa, 0xe0, 0x3, 0x86, 0x10,
    0x0, 0x0, 0x0, 0x0, 0xae, 0x0, 0x0, 0x0,
    0x0, 0x0, 0x0, 0x0, 0xa, 0xe0, 0x0, 0x0,
    0x0,

    /* U+5E03 "布" */
    0x0, 0x0, 0x0, 0x1b, 0x20, 0x0, 0x0, 0x0,
    0x0, 0x0, 0x0, 0x0, 0x6f, 0x20, 0x0, 0x0,
    0x0, 0x0, 0x0, 0x0, 0x0, 0xbd, 0x0, 0x0,
    0x0, 0x0, 0x0, 0xe, 0xff, 0xff, 0xff, 0xff,
    0xff, 0xff, 0xff, 0xf6, 0x7, 0x88, 0x8c, 0xf8,
    0x88, 0x88, 0x88, 0x88, 0x83, 0x0, 0x0, 0xe,
    0xb0, 0x9, 0x90, 0x0, 0x0, 0x0, 0x0, 0x0,
    0x6f, 0x40, 0xc, 0xc0, 0x0, 0x0, 0x0, 0x0,
    0x1, 0xfb, 0x0, 0xc, 0xc0, 0x0, 0x0, 0x0,
    0x0, 0xb, 0xff, 0xff, 0xff, 0xff, 0xff, 0xfa,
    0x0, 0x0, 0x8f, 0xaf, 0xa8, 0x8e, 0xe8, 0x88,
    0xeb, 0x0, 0x6, 0xf9, 0x4f, 0x40, 0xc, 0xc0,
    0x0, 0xdb, 0x0, 0x5f, 0xc0, 0x4f, 0x40, 0xc,
    0xc0, 0x0, 0xdb, 0x0, 0x4b, 0x10, 0x4f, 0x40,
    0xc, 0xc0, 0x0, 0xdb, 0x0, 0x0, 0x0, 0x4f,
    0x40, 0xc, 0xc0, 0x0, 0xdb, 0x0, 0x0, 0x0,
    0x4f, 0x40, 0xc, 0xc0, 0x77, 0xfa, 0x0, 0x0,
    0x0, 0x4f, 0x40, 0xc, 0xc0, 0xbf, 0xe4, 0x0,
    0x0, 0x0, 0x17, 0x10, 0xc, 0xc0, 0x0, 0x0,
    0x0, 0x0, 0x0, 0x0, 0x0, 0xc, 0xc0, 0x0,
    0x0, 0x0,

    /* U+5E38 "常" */
    0x0, 0x0, 0x0, 0x0, 0x6a, 0x0, 0x1, 0x0,
    0x0, 0x0, 0xc, 0xc1, 0x0, 0x9e, 0x0, 0xc,
    0xb0, 0x0, 0x0, 0x4, 0xfd, 0x10, 0x9e, 0x0,
    0x7f, 0x60, 0x0, 0x8, 0x88, 0xbf, 0xc8, 0xcf,
    0x88, 0xfe, 0x88, 0x83, 0x1f, 0xff, 0xff, 0xff,
    0xff, 0xff, 0xff, 0xff, 0xf7, 0x1f, 0x70, 0x0,
    0x0, 0x0, 0x0, 0x0, 0x1, 0xf7, 0x1f, 0x70,
    0xef, 0xff, 0xff, 0xff, 0xff, 0x11, 0xf7, 0x4,
    0x20, 0xec, 0x66, 0x66, 0x66, 0xaf, 0x10, 0x31,
    0x0, 0x0, 0xea, 0x11, 0x11, 0x11, 0x7f, 0x10,
    0x0, 0x0, 0x0, 0xef, 0xff, 0xff, 0xff, 0xff,
    0x10, 0x0, 0x0, 0x0, 0x56, 0x66, 0xbf, 0x66,
    0x66, 0x0, 0x0, 0x0, 0x36, 0x66, 0x66, 0xbf,
    0x66, 0x66, 0x66, 0x0, 0x0, 0xaf, 0xff, 0xff,
    0xff, 0xff, 0xff, 0xff, 0x0, 0x0, 0xae, 0x11,
    0x11, 0xae, 0x11, 0x11, 0xaf, 0x0, 0x0, 0xae,
    0x0, 0x0, 0x9e, 0x0, 0x0, 0xbf, 0x0, 0x0,
    0xae, 0x0, 0x0, 0x9e, 0x0, 0xef, 0xfe, 0x0,
    0x0, 0x8c, 0x0, 0x0, 0x9e, 0x0, 0x47, 0x61,
    0x0, 0x0, 0x0, 0x0, 0x0, 0x9e, 0x0, 0x0,
    0x0, 0x0,

    /* U+5E76 "并" */
    0x0, 0x0, 0x78, 0x0, 0x0, 0x0, 0x6, 0x90,
    0x0, 0x0, 0x0, 0xbf, 0x90, 0x0, 0x0, 0x1f,
    0xc0, 0x0, 0x0, 0x0, 0x9, 0xf6, 0x0, 0x0,
    0xcf, 0x30, 0x0, 0x0, 0x1, 0x12, 0xea, 0x11,
    0x17, 0xf8, 0x11, 0x0, 0x0, 0x6f, 0xff, 0xff,
    0xff, 0xff, 0xff, 0xff, 0x70, 0x0, 0x25, 0x55,
    0xed, 0x55, 0x59, 0xf8, 0x55, 0x20, 0x0, 0x0,
    0x0, 0xdb, 0x0, 0x6, 0xf3, 0x0, 0x0, 0x0,
    0x0, 0x0, 0xdb, 0x0, 0x6, 0xf3, 0x0, 0x0,
    0x0, 0x0, 0x0, 0xda, 0x0, 0x6, 0xf3, 0x0,
    0x0, 0x2, 0x77, 0x77, 0xed, 0x77, 0x7a, 0xf9,
    0x77, 0x75, 0x4, 0xff, 0xff, 0xff, 0xff, 0xff,
    0xff, 0xff, 0xfc, 0x0, 0x0, 0x0, 0xf8, 0x0,
    0x7, 0xf3, 0x0, 0x0, 0x0, 0x0, 0x5, 0xf4,
    0x0, 0x7, 0xf3, 0x0, 0x0, 0x0, 0x0, 0xd,
    0xe0, 0x0, 0x7, 0xf3, 0x0, 0x0, 0x0, 0x1,
    0xcf, 0x50, 0x0, 0x7, 0xf3, 0x0, 0x0, 0x0,
    0x4e, 0xf7, 0x0, 0x0, 0x7, 0xf3, 0x0, 0x0,
    0x1c, 0xfe, 0x40, 0x0, 0x0, 0x7, 0xf3, 0x0,
    0x0, 0x9, 0x80, 0x0, 0x0, 0x0, 0x7, 0xf3,
    0x0, 0x0,

    /* U+5E94 "应" */
    0x0, 0x0, 0x0, 0x0, 0x6, 0x80, 0x0, 0x0,
    0x0, 0x0, 0x0, 0x0, 0x0, 0x0, 0x8f, 0xb0,
    0x0, 0x0, 0x0, 0x0, 0x0, 0x0, 0x0, 0x0,
    0x7f, 0x50, 0x0, 0x0, 0x0, 0x0, 0x5e, 0xee,
    0xee, 0xee, 0xfe, 0xee, 0xee, 0xe7, 0x0, 0x6,
    0xf8, 0x77, 0x77, 0x77, 0x77, 0x77, 0x77, 0x30,
    0x0, 0x6f, 0x10, 0x0, 0x1, 0x0, 0x0, 0x0,
    0x0, 0x0, 0x6, 0xf1, 0x0, 0xd, 0xb0, 0x0,
    0x2, 0x91, 0x0, 0x0, 0x6f, 0x27, 0x0, 0x7f,
    0x50, 0x0, 0x5f, 0x20, 0x0, 0x6, 0xf5, 0xf8,
    0x0, 0xec, 0x0, 0x8, 0xf0, 0x0, 0x0, 0x7f,
    0xa, 0xf2, 0x8, 0xf2, 0x0, 0xbd, 0x0, 0x0,
    0x7, 0xf0, 0x2f, 0xa0, 0x2f, 0x70, 0xf, 0xa0,
    0x0, 0x0, 0x9e, 0x0, 0x9f, 0x10, 0xeb, 0x3,
    0xf6, 0x0, 0x0, 0xb, 0xd0, 0x3, 0xf7, 0xb,
    0x90, 0x9f, 0x10, 0x0, 0x0, 0xea, 0x0, 0xe,
    0xb0, 0x0, 0xe, 0xb0, 0x0, 0x0, 0x4f, 0x50,
    0x0, 0x97, 0x0, 0x6, 0xf4, 0x0, 0x0, 0xc,
    0xe1, 0x11, 0x11, 0x11, 0x11, 0xed, 0x11, 0x10,
    0x8, 0xf5, 0x8f, 0xff, 0xff, 0xff, 0xff, 0xff,
    0xff, 0x90, 0xaa, 0x3, 0x66, 0x66, 0x66, 0x66,
    0x66, 0x66, 0x63, 0x0, 0x0, 0x0, 0x0, 0x0,
    0x0, 0x0, 0x0, 0x0, 0x0,

    /* U+5EA6 "度" */
    0x0, 0x0, 0x0, 0x0, 0x8, 0x80, 0x0, 0x0,
    0x0, 0x0, 0x0, 0x0, 0x0, 0x0, 0xdc, 0x0,
    0x0, 0x0, 0x0, 0x1, 0xff, 0xff, 0xff, 0xff,
    0xff, 0xff, 0xff, 0xfa, 0x0, 0x1f, 0xb8, 0x88,
    0x88, 0x88, 0x88, 0x88, 0x88, 0x50, 0x1, 0xf7,
    0x0, 0x6c, 0x0, 0x0, 0x7c, 0x0, 0x0, 0x0,
    0x1f, 0x87, 0x7b, 0xf7, 0x77, 0x7c, 0xf7, 0x77,
    0x10, 0x1, 0xfa, 0xff, 0xff, 0xff, 0xff, 0xff,
    0xff, 0xf3, 0x0, 0x1f, 0x70, 0x7, 0xf0, 0x0,
    0x9, 0xf0, 0x0, 0x0, 0x1, 0xf7, 0x0, 0x7f,
    0x76, 0x66, 0xbf, 0x0, 0x0, 0x0, 0x1f, 0x60,
    0x7, 0xff, 0xff, 0xff, 0xe0, 0x0, 0x0, 0x1,
    0xf6, 0x12, 0x22, 0x22, 0x22, 0x22, 0x20, 0x0,
    0x0, 0x2f, 0x6c, 0xff, 0xff, 0xff, 0xff, 0xff,
    0x40, 0x0, 0x3, 0xf5, 0x23, 0xee, 0x43, 0x33,
    0x5f, 0xe1, 0x0, 0x0, 0x5f, 0x30, 0x3, 0xfc,
    0x10, 0x4e, 0xe3, 0x0, 0x0, 0x8, 0xf0, 0x0,
    0x4, 0xfe, 0xaf, 0xd2, 0x0, 0x0, 0x0, 0xdc,
    0x0, 0x0, 0x4c, 0xff, 0xf7, 0x20, 0x0, 0x0,
    0x5f, 0x74, 0x6a, 0xef, 0xe7, 0x5b, 0xff, 0xda,
    0x75, 0xa, 0xd1, 0xef, 0xd9, 0x40, 0x0, 0x1,
    0x6a, 0xef, 0xc0, 0x1, 0x1, 0x0, 0x0, 0x0,
    0x0, 0x0, 0x0, 0x11, 0x0,

    /* U+5F00 "开" */
    0x1, 0x88, 0x88, 0x88, 0x88, 0x88, 0x88, 0x88,
    0x82, 0x0, 0x2f, 0xff, 0xff, 0xff, 0xff, 0xff,
    0xff, 0xff, 0x40, 0x0, 0x0, 0x0, 0xf7, 0x0,
    0x0, 0xf8, 0x0, 0x0, 0x0, 0x0, 0x0, 0xf,
    0x70, 0x0, 0xf, 0x80, 0x0, 0x0, 0x0, 0x0,
    0x0, 0xf7, 0x0, 0x0, 0xf8, 0x0, 0x0, 0x0,
    0x0, 0x0, 0xf, 0x70, 0x0, 0xf, 0x80, 0x0,
    0x0, 0x5, 0x66, 0x66, 0xfa, 0x66, 0x66, 0xfb,
    0x66, 0x66, 0x0, 0xef, 0xff, 0xff, 0xff, 0xff,
    0xff, 0xff, 0xff, 0xf1, 0x0, 0x11, 0x11, 0xf7,
    0x11, 0x11, 0xf8, 0x11, 0x11, 0x0, 0x0, 0x0,
    0x2f, 0x60, 0x0, 0xf, 0x80, 0x0, 0x0, 0x0,
    0x0, 0x5, 0xf3, 0x0, 0x0, 0xf8, 0x0, 0x0,
    0x0, 0x0, 0x0, 0x9f, 0x0, 0x0, 0xf, 0x80,
    0x0, 0x0, 0x0, 0x0, 0x1f, 0xa0, 0x0, 0x0,
    0xf8, 0x0, 0x0, 0x0, 0x0, 0xc, 0xf2, 0x0,
    0x0, 0xf, 0x80, 0x0, 0x0, 0x0, 0x1c, 0xf6,
    0x0, 0x0, 0x0, 0xf8, 0x0, 0x0, 0x0, 0x8f,
    0xf6, 0x0, 0x0, 0x0, 0xf, 0x80, 0x0, 0x0,
    0x9, 0xb2, 0x0, 0x0, 0x0, 0x0, 0xf8, 0x0,
    0x0, 0x0,

    /* U+5F02 "异" */
    0x1, 0x77, 0x77, 0x77, 0x77, 0x77, 0x77, 0x70,
    0x0, 0x0, 0x2f, 0xff, 0xff, 0xff, 0xff, 0xff,
    0xff, 0x0, 0x0, 0x0, 0x0, 0x0, 0x0, 0x0,
    0x0, 0x9, 0xf0, 0x0, 0x0, 0x0, 0xaf, 0xff,
    0xff, 0xff, 0xff, 0xff, 0x0, 0x0, 0x0, 0xb,
    0xf8, 0x88, 0x88, 0x88, 0x88, 0x70, 0xa2, 0x0,
    0x0, 0xbe, 0x0, 0x0, 0x0, 0x0, 0x0, 0x3f,
    0x40, 0x0, 0xa, 0xf6, 0x55, 0x55, 0x55, 0x55,
    0x5b, 0xf1, 0x0, 0x0, 0x3e, 0xff, 0xff, 0xff,
    0xff, 0xff, 0xf6, 0x0, 0x0, 0x0, 0x7, 0xf4,
    0x22, 0x28, 0xf4, 0x20, 0x0, 0x0, 0x0, 0x0,
    0x6f, 0x20, 0x0, 0x7f, 0x20, 0x0, 0x0, 0x38,
    0x88, 0x8b, 0xf9, 0x88, 0x8b, 0xf9, 0x88, 0x88,
    0x6, 0xff, 0xff, 0xff, 0xff, 0xff, 0xff, 0xff,
    0xff, 0xf0, 0x0, 0x0, 0x8, 0xf1, 0x0, 0x7,
    0xf2, 0x0, 0x0, 0x0, 0x0, 0x2, 0xec, 0x0,
    0x0, 0x7f, 0x20, 0x0, 0x0, 0x0, 0x17, 0xfe,
    0x20, 0x0, 0x7, 0xf2, 0x0, 0x0, 0x6, 0xcf,
    0xfc, 0x20, 0x0, 0x0, 0x7f, 0x20, 0x0, 0x0,
    0x1c, 0x93, 0x0, 0x0, 0x0, 0x7, 0xf2, 0x0,
    0x0, 0x0, 0x0, 0x0, 0x0, 0x0, 0x0, 0x0,
    0x0, 0x0, 0x0,

    /* U+5F53 "当" */
    0x0, 0x0, 0x0, 0x6, 0xd1, 0x0, 0x0, 0x0,
    0x5, 0x30, 0x0, 0x7, 0xf1, 0x0, 0x1, 0x81,
    0xd, 0xf5, 0x0, 0x7, 0xf1, 0x0, 0xb, 0xf3,
    0x1, 0xcf, 0x60, 0x7, 0xf1, 0x0, 0x8f, 0x70,
    0x0, 0xb, 0xf5, 0x7, 0xf1, 0x9, 0xfb, 0x0,
    0x0, 0x1, 0xdf, 0x17, 0xf1, 0x5f, 0xb0, 0x0,
    0x0, 0x0, 0x22, 0x7, 0xf1, 0x4, 0x0, 0x0,
    0x6f, 0xff, 0xff, 0xff, 0xff, 0xff, 0xff, 0xd0,
    0x27, 0x77, 0x77, 0x77, 0x77, 0x77, 0x7b, 0xe0,
    0x0, 0x0, 0x0, 0x0, 0x0, 0x0, 0x8, 0xe0,
    0x0, 0x0, 0x0, 0x0, 0x0, 0x0, 0x8, 0xe0,
    0x2, 0x66, 0x66, 0x66, 0x66, 0x66, 0x6b, 0xe0,
    0x6, 0xff, 0xff, 0xff, 0xff, 0xff, 0xff, 0xe0,
    0x0, 0x0, 0x0, 0x0, 0x0, 0x0, 0x8, 0xe0,
    0x0, 0x0, 0x0, 0x0, 0x0, 0x0, 0x8, 0xe0,
    0x25, 0x55, 0x55, 0x55, 0x55, 0x55, 0x5a, 0xe0,
    0x8f, 0xff, 0xff, 0xff, 0xff, 0xff, 0xff, 0xe0,
    0x1, 0x11, 0x11, 0x11, 0x11, 0x11, 0x18, 0xe0,

    /* U+5F85 "待" */
    0x0, 0x0, 0x1, 0x80, 0x0, 0x0, 0x98, 0x0,
    0x0, 0x0, 0x0, 0x0, 0xbf, 0x20, 0x0, 0xd,
    0xb0, 0x0, 0x0, 0x0, 0x0, 0x7f, 0x70, 0x0,
    0x0, 0xdb, 0x0, 0x0, 0x0, 0x0, 0x6f, 0xb0,
    0xc, 0xff, 0xff, 0xff, 0xff, 0x90, 0x0, 0x8f,
    0xc0, 0x0, 0x68, 0x88, 0xed, 0x88, 0x84, 0x0,
    0x6f, 0xb0, 0xd, 0x40, 0x0, 0xd, 0xb0, 0x0,
    0x0, 0x0, 0x40, 0x9, 0xf2, 0x0, 0x0, 0xdb,
    0x0, 0x0, 0x0, 0x0, 0x7, 0xf6, 0x9f, 0xff,
    0xff, 0xff, 0xff, 0xfa, 0x0, 0x7, 0xfb, 0x5,
    0x88, 0x88, 0x88, 0xdf, 0x88, 0x50, 0x9, 0xff,
    0x90, 0x0, 0x0, 0x0, 0xa, 0xe0, 0x0, 0x1d,
    0xfa, 0xf9, 0x7, 0x77, 0x77, 0x77, 0xde, 0x77,
    0x60, 0x45, 0xe, 0x90, 0xff, 0xff, 0xff, 0xff,
    0xff, 0xfd, 0x0, 0x0, 0xe9, 0x0, 0x32, 0x0,
    0x0, 0xae, 0x0, 0x0, 0x0, 0xe, 0x90, 0x1e,
    0xfa, 0x10, 0xa, 0xe0, 0x0, 0x0, 0x0, 0xe9,
    0x0, 0x6, 0xfe, 0x30, 0xae, 0x0, 0x0, 0x0,
    0xe, 0x90, 0x0, 0x1, 0xa0, 0xa, 0xe0, 0x0,
    0x0, 0x0, 0xe9, 0x0, 0x0, 0x3, 0xaa, 0xfc,
    0x0, 0x0, 0x0, 0xe, 0x90, 0x0, 0x0, 0xc,
    0xdc, 0x20, 0x0,

    /* U+5F8B "律" */
    0x0, 0x0, 0x9, 0x50, 0x0, 0xa, 0xa0, 0x0,
    0x0, 0x0, 0x0, 0x0, 0x3f, 0x70, 0x0, 0xc,
    0xc0, 0x0, 0x0, 0x0, 0x0, 0x0, 0xde, 0xa,
    0xff, 0xff, 0xff, 0xff, 0xf1, 0x0, 0x0, 0x9,
    0xf4, 0x5, 0x88, 0x8e, 0xe8, 0x8b, 0xf1, 0x0,
    0x0, 0x6f, 0x80, 0x1, 0x11, 0x1c, 0xc1, 0x17,
    0xf2, 0x10, 0x5, 0xfa, 0x3, 0x8f, 0xff, 0xff,
    0xff, 0xff, 0xff, 0xf1, 0x0, 0x70, 0x1f, 0xc6,
    0x66, 0x6d, 0xe6, 0x6a, 0xf7, 0x60, 0x0, 0x0,
    0xcf, 0x22, 0x33, 0x3d, 0xd3, 0x38, 0xf1, 0x0,
    0x0, 0xa, 0xf5, 0xa, 0xff, 0xff, 0xff, 0xff,
    0xf1, 0x0, 0x0, 0xaf, 0xe0, 0x2, 0x44, 0x4d,
    0xd4, 0x44, 0x40, 0x0, 0xc, 0xfd, 0xe0, 0x16,
    0x66, 0x6d, 0xd6, 0x66, 0x64, 0x0, 0x6, 0x49,
    0xe0, 0x3f, 0xff, 0xff, 0xff, 0xff, 0xfc, 0x0,
    0x0, 0x9, 0xe0, 0x0, 0x0, 0xc, 0xc0, 0x0,
    0x0, 0x0, 0x0, 0x9, 0xe0, 0x66, 0x66, 0x6d,
    0xe6, 0x66, 0x66, 0x50, 0x0, 0x9, 0xe1, 0xff,
    0xff, 0xff, 0xff, 0xff, 0xff, 0xc0, 0x0, 0x9,
    0xe0, 0x0, 0x0, 0xc, 0xc0, 0x0, 0x0, 0x0,
    0x0, 0x9, 0xe0, 0x0, 0x0, 0xc, 0xc0, 0x0,
    0x0, 0x0, 0x0, 0x9, 0xe0, 0x0, 0x0, 0xc,
    0xc0, 0x0, 0x0, 0x0, 0x0, 0x0, 0x0, 0x0,
    0x0, 0x0, 0x0, 0x0, 0x0, 0x0,

    /* U+5F97 "得" */
    0x0, 0x0, 0x31, 0x0, 0x0, 0x0, 0x0, 0x0,
    0x0, 0x0, 0x0, 0xdb, 0x8, 0x88, 0x88, 0x88,
    0x88, 0x0, 0x0, 0x9, 0xf3, 0xf, 0xff, 0xff,
    0xff, 0xff, 0x10, 0x0, 0x7f, 0x70, 0xf, 0x91,
    0x11, 0x11, 0x7f, 0x10, 0x8, 0xf9, 0x0, 0xf,
    0xff, 0xff, 0xff, 0xff, 0x10, 0x5f, 0x90, 0x3a,
    0xf, 0xb6, 0x66, 0x66, 0xaf, 0x10, 0x3, 0x0,
    0xbe, 0xf, 0xb6, 0x66, 0x66, 0xaf, 0x10, 0x0,
    0x6, 0xf5, 0xf, 0xff, 0xff, 0xff, 0xff, 0x10,
    0x0, 0x3f, 0xb0, 0x0, 0x0, 0x0, 0x0, 0x0,
    0x0, 0x3, 0xff, 0x90, 0x7f, 0xff, 0xff, 0xff,
    0xff, 0xf1, 0x6f, 0xcf, 0x90, 0x37, 0x77, 0x77,
    0x7a, 0xf8, 0x70, 0x5a, 0xf, 0x92, 0x44, 0x44,
    0x44, 0x48, 0xf6, 0x44, 0x0, 0xf, 0x99, 0xff,
    0xff, 0xff, 0xff, 0xff, 0xfe, 0x0, 0xf, 0x91,
    0x29, 0x93, 0x22, 0x26, 0xf5, 0x22, 0x0, 0xf,
    0x90, 0x7, 0xef, 0x60, 0x5, 0xf3, 0x0, 0x0,
    0xf, 0x90, 0x0, 0x8, 0xe2, 0x5, 0xf3, 0x0,
    0x0, 0xf, 0x90, 0x0, 0x0, 0x18, 0x8c, 0xf2,
    0x0, 0x0, 0xf, 0x90, 0x0, 0x0, 0x9, 0xee,
    0x70, 0x0,

    /* U+5FC3 "心" */
    0x0, 0x0, 0x0, 0x19, 0x60, 0x0, 0x0, 0x0,
    0x0, 0x0, 0x0, 0x0, 0x0, 0x1c, 0xf9, 0x0,
    0x0, 0x0, 0x0, 0x0, 0x0, 0x0, 0x0, 0x0,
    0x9f, 0xa0, 0x0, 0x0, 0x0, 0x0, 0x0, 0x0,
    0x0, 0x0, 0x9, 0xf8, 0x0, 0x0, 0x0, 0x0,
    0x0, 0x0, 0x0, 0x46, 0x0, 0xbf, 0x40, 0x0,
    0x0, 0x0, 0x0, 0x0, 0x0, 0x9e, 0x0, 0x19,
    0x10, 0x10, 0x0, 0x0, 0x0, 0x6, 0xe1, 0x9e,
    0x0, 0x0, 0x1, 0xeb, 0x0, 0x0, 0x0, 0xa,
    0xe0, 0x9e, 0x0, 0x0, 0x0, 0x6f, 0x80, 0x0,
    0x0, 0x1f, 0x90, 0x9e, 0x0, 0x0, 0x0, 0xa,
    0xf3, 0x0, 0x0, 0x7f, 0x30, 0x9e, 0x0, 0x0,
    0x0, 0x1, 0xec, 0x0, 0x0, 0xec, 0x0, 0x9e,
    0x0, 0x0, 0x0, 0x0, 0x6f, 0x50, 0x7, 0xf4,
    0x0, 0x9e, 0x0, 0x0, 0x7, 0xc1, 0xe, 0xd0,
    0xd, 0xb0, 0x0, 0x9e, 0x0, 0x0, 0x9, 0xf0,
    0x6, 0x90, 0x0, 0x10, 0x0, 0x9e, 0x0, 0x0,
    0xc, 0xd0, 0x0, 0x0, 0x0, 0x0, 0x0, 0x9f,
    0x30, 0x0, 0x3f, 0x90, 0x0, 0x0, 0x0, 0x0,
    0x0, 0x3f, 0xff, 0xff, 0xff, 0x20, 0x0, 0x0,
    0x0, 0x0, 0x0, 0x3, 0x77, 0x77, 0x72, 0x0,
    0x0, 0x0,

    /* U+5FEB "快" */
    0x0, 0x0, 0x0, 0x0, 0x0, 0x1, 0x10, 0x0,
    0x0, 0x0, 0x0, 0x0, 0xc7, 0x0, 0x0, 0x9,
    0xf0, 0x0, 0x0, 0x0, 0x0, 0x0, 0xe8, 0x0,
    0x0, 0x9, 0xf0, 0x0, 0x0, 0x0, 0x0, 0x0,
    0xe8, 0x0, 0x0, 0x9, 0xf0, 0x0, 0x0, 0x0,
    0x0, 0x0, 0xe8, 0x0, 0x55, 0x5b, 0xf5, 0x55,
    0x50, 0x0, 0x0, 0x78, 0xec, 0xc3, 0xff, 0xff,
    0xff, 0xff, 0xf1, 0x0, 0x0, 0xbc, 0xea, 0xfb,
    0x11, 0x1a, 0xf1, 0x19, 0xf1, 0x0, 0x0, 0xe9,
    0xe8, 0x8f, 0x10, 0xa, 0xf0, 0x8, 0xf1, 0x0,
    0x3, 0xf5, 0xe8, 0x3f, 0x60, 0xb, 0xe0, 0x8,
    0xf1, 0x0, 0xa, 0xe0, 0xe8, 0x4, 0x0, 0xc,
    0xd0, 0x8, 0xf1, 0x0, 0x6, 0x60, 0xe8, 0x1f,
    0xff, 0xff, 0xff, 0xff, 0xff, 0xa0, 0x0, 0x0,
    0xe8, 0x8, 0x88, 0x9f, 0xef, 0xa8, 0x88, 0x50,
    0x0, 0x0, 0xe8, 0x0, 0x0, 0x7f, 0x5f, 0x80,
    0x0, 0x0, 0x0, 0x0, 0xe8, 0x0, 0x0, 0xde,
    0xc, 0xe0, 0x0, 0x0, 0x0, 0x0, 0xe8, 0x0,
    0x5, 0xf7, 0x4, 0xf8, 0x0, 0x0, 0x0, 0x0,
    0xe8, 0x0, 0x2e, 0xd0, 0x0, 0xaf, 0x40, 0x0,
    0x0, 0x0, 0xe8, 0x4, 0xef, 0x20, 0x0, 0x1d,
    0xf5, 0x0, 0x0, 0x0, 0xe8, 0x9f, 0xe3, 0x0,
    0x0, 0x1, 0xdf, 0xa1, 0x0, 0x0, 0xe8, 0x5b,
    0x10, 0x0, 0x0, 0x0, 0x8, 0xc0, 0x0, 0x0,
    0x0, 0x0, 0x0, 0x0, 0x0, 0x0, 0x0, 0x0,

    /* U+6001 "态" */
    0x0, 0x0, 0x0, 0x0, 0x13, 0x0, 0x0, 0x0,
    0x0, 0x0, 0x0, 0x0, 0x0, 0x5, 0xf1, 0x0,
    0x0, 0x0, 0x0, 0x0, 0x0, 0x0, 0x0, 0x7f,
    0x0, 0x0, 0x0, 0x0, 0x0, 0xef, 0xff, 0xff,
    0xff, 0xff, 0xff, 0xff, 0xff, 0xf1, 0x6, 0x66,
    0x66, 0x67, 0xfb, 0xfc, 0x66, 0x66, 0x66, 0x0,
    0x0, 0x0, 0x0, 0x7f, 0x38, 0xf3, 0x0, 0x0,
    0x0, 0x0, 0x0, 0x0, 0x1e, 0xe0, 0xe, 0xd1,
    0x0, 0x0, 0x0, 0x0, 0x0, 0xd, 0xfe, 0xd3,
    0x3f, 0xc1, 0x0, 0x0, 0x0, 0x0, 0x3d, 0xf5,
    0x1c, 0xf3, 0x5f, 0xd3, 0x0, 0x0, 0x4, 0xbf,
    0xe4, 0x0, 0x1d, 0xc0, 0x3e, 0xf8, 0x0, 0x2e,
    0xff, 0x91, 0x0, 0x16, 0x20, 0x0, 0x1b, 0xfe,
    0x30, 0x98, 0x20, 0xc, 0x67, 0xf8, 0x0, 0x0,
    0x5, 0xb0, 0x0, 0x0, 0xc3, 0xf8, 0x9, 0xf4,
    0x0, 0x54, 0x0, 0x0, 0x0, 0xaf, 0x2f, 0x80,
    0xe, 0xb0, 0xb, 0xf6, 0x0, 0x0, 0x9f, 0x70,
    0xf8, 0x0, 0x51, 0x5, 0x6a, 0xf6, 0x0, 0xaf,
    0xa0, 0xf, 0x80, 0x0, 0x0, 0xad, 0xa, 0xf3,
    0xa, 0x90, 0x0, 0xfc, 0x77, 0x77, 0x7e, 0x90,
    0xc, 0x20, 0x0, 0x0, 0x9, 0xff, 0xff, 0xff,
    0xe2, 0x0, 0x0,

    /* U+603B "总" */
    0x0, 0x0, 0x75, 0x0, 0x0, 0x0, 0x80, 0x0,
    0x0, 0x0, 0x0, 0xaf, 0x60, 0x0, 0x9, 0xf1,
    0x0, 0x0, 0x0, 0x0, 0xa, 0xf3, 0x0, 0x5f,
    0x80, 0x0, 0x0, 0x0, 0x0, 0x0, 0xd8, 0x1,
    0xea, 0x0, 0x0, 0x0, 0x0, 0x6, 0xff, 0xff,
    0xff, 0xff, 0xfe, 0x0, 0x0, 0x0, 0x7, 0xf8,
    0x88, 0x88, 0x88, 0xce, 0x0, 0x0, 0x0, 0x7,
    0xf1, 0x0, 0x0, 0x0, 0x9e, 0x0, 0x0, 0x0,
    0x7, 0xf1, 0x0, 0x0, 0x0, 0x9e, 0x0, 0x0,
    0x0, 0x7, 0xf1, 0x0, 0x0, 0x0, 0x9e, 0x0,
    0x0, 0x0, 0x7, 0xf2, 0x11, 0x11, 0x11, 0xae,
    0x0, 0x0, 0x0, 0x7, 0xff, 0xff, 0xff, 0xff,
    0xfe, 0x0, 0x0, 0x0, 0x2, 0x55, 0x55, 0x76,
    0x55, 0x55, 0x0, 0x0, 0x0, 0x5, 0xc, 0x80,
    0xcc, 0x0, 0x0, 0x71, 0x0, 0x0, 0x4f, 0x4e,
    0x90, 0x2e, 0xa0, 0x2, 0xde, 0x20, 0x2, 0xec,
    0xe, 0x90, 0x6, 0xe1, 0x3a, 0x3e, 0xd0, 0x3e,
    0xe1, 0xe, 0xa0, 0x0, 0x10, 0x8f, 0x13, 0xf8,
    0x5d, 0x20, 0xc, 0xff, 0xff, 0xff, 0xf9, 0x0,
    0x51, 0x0, 0x0, 0x1, 0x67, 0x77, 0x77, 0x50,
    0x0, 0x0,

    /* U+610F "意" */
    0x0, 0x0, 0x0, 0x0, 0x6c, 0x0, 0x0, 0x0,
    0x0, 0x0, 0x0, 0x0, 0x0, 0x8, 0xf0, 0x0,
    0x0, 0x0, 0x0, 0x0, 0xcf, 0xff, 0xff, 0xff,
    0xff, 0xff, 0xff, 0x30, 0x0, 0x5, 0x77, 0xee,
    0x77, 0x77, 0xaf, 0x97, 0x71, 0x0, 0x0, 0x0,
    0x7, 0xf6, 0x0, 0xd, 0xd0, 0x0, 0x0, 0x1,
    0xbb, 0xbb, 0xbf, 0xfb, 0xbd, 0xfc, 0xbb, 0xbb,
    0x60, 0x1c, 0xcc, 0xcc, 0xcc, 0xcc, 0xcc, 0xcc,
    0xcc, 0xc7, 0x0, 0x0, 0x27, 0x77, 0x77, 0x77,
    0x77, 0x76, 0x0, 0x0, 0x0, 0x6, 0xff, 0xff,
    0xff, 0xff, 0xff, 0xd0, 0x0, 0x0, 0x0, 0x6f,
    0x65, 0x55, 0x55, 0x55, 0xcd, 0x0, 0x0, 0x0,
    0x6, 0xfe, 0xee, 0xee, 0xee, 0xef, 0xd0, 0x0,
    0x0, 0x0, 0x6f, 0x54, 0x44, 0x44, 0x44, 0xbd,
    0x0, 0x0, 0x0, 0x6, 0xff, 0xff, 0xff, 0xff,
    0xff, 0xd0, 0x0, 0x0, 0x0, 0x13, 0x33, 0x5f,
    0xe5, 0x33, 0x32, 0x0, 0x0, 0x0, 0xa, 0x66,
    0xc0, 0x4d, 0xf2, 0x0, 0x9e, 0x50, 0x0, 0x4c,
    0xf5, 0x7f, 0x0, 0x17, 0xd, 0x72, 0xcf, 0x70,
    0xaf, 0xd3, 0x6, 0xf8, 0x77, 0x79, 0xf6, 0x0,
    0xaf, 0x22, 0x50, 0x0, 0x1c, 0xff, 0xff, 0xfa,
    0x0, 0x0, 0x50,

    /* U+6210 "成" */
    0x0, 0x0, 0x0, 0x0, 0x0, 0x59, 0x3, 0x30,
    0x0, 0x0, 0x0, 0x0, 0x0, 0x0, 0x9, 0xe1,
    0xcf, 0xd4, 0x0, 0x0, 0x0, 0x0, 0x0, 0x0,
    0x8f, 0x0, 0x2b, 0xf3, 0x0, 0x0, 0x34, 0x44,
    0x44, 0x4a, 0xf4, 0x44, 0x46, 0x30, 0x0, 0xe,
    0xff, 0xff, 0xff, 0xff, 0xff, 0xff, 0xfd, 0x0,
    0x0, 0xeb, 0x33, 0x33, 0x37, 0xf5, 0x33, 0x33,
    0x30, 0x0, 0xe, 0xa0, 0x0, 0x0, 0x3f, 0x40,
    0x3, 0x80, 0x0, 0x0, 0xea, 0x11, 0x11, 0x1,
    0xf6, 0x0, 0x9e, 0x0, 0x0, 0xe, 0xff, 0xff,
    0xff, 0xe, 0x90, 0x1f, 0x80, 0x0, 0x0, 0xec,
    0x66, 0x6c, 0xe0, 0xbc, 0x9, 0xf1, 0x0, 0x0,
    0xe, 0x90, 0x0, 0xad, 0x7, 0xf4, 0xf8, 0x0,
    0x0, 0x0, 0xf8, 0x0, 0xb, 0xb0, 0x3f, 0xfe,
    0x0, 0x0, 0x0, 0x1f, 0x60, 0x0, 0xd9, 0x0,
    0xff, 0x30, 0x0, 0x0, 0x4, 0xf4, 0xa9, 0x9f,
    0x40, 0xbf, 0xf6, 0x0, 0x20, 0x0, 0x8f, 0x17,
    0xee, 0x82, 0xcf, 0x6d, 0xf1, 0xc, 0x90, 0xe,
    0xc0, 0x0, 0x7, 0xfe, 0x40, 0x3f, 0xc0, 0xe9,
    0x8, 0xf4, 0x0, 0x2, 0xda, 0x10, 0x0, 0x5f,
    0xdf, 0x40, 0xaa, 0x0, 0x0, 0x0, 0x0, 0x0,
    0x0, 0x5e, 0xb0, 0x0, 0x0, 0x0, 0x0, 0x0,
    0x0, 0x0, 0x0, 0x0, 0x0,

    /* U+6216 "或" */
    0x0, 0x0, 0x0, 0x0, 0x2, 0xc4, 0x0, 0x0,
    0x0, 0x0, 0x0, 0x0, 0x0, 0x0, 0x2f, 0x6a,
    0xd5, 0x0, 0x0, 0x0, 0x0, 0x0, 0x0, 0x2,
    0xf6, 0x5d, 0xf9, 0x0, 0x0, 0x11, 0x11, 0x11,
    0x11, 0x3f, 0x71, 0x1c, 0xe3, 0x0, 0xaf, 0xff,
    0xff, 0xff, 0xff, 0xff, 0xff, 0xff, 0xf1, 0x3,
    0x55, 0x55, 0x55, 0x55, 0x5f, 0xc5, 0x55, 0x55,
    0x0, 0x0, 0x0, 0x0, 0x0, 0x0, 0xdb, 0x0,
    0x12, 0x0, 0x0, 0xc, 0xff, 0xff, 0xff, 0xc,
    0xd0, 0x7, 0xf2, 0x0, 0x0, 0xce, 0x88, 0x8c,
    0xf0, 0x9f, 0x0, 0xbe, 0x0, 0x0, 0xc, 0xb0,
    0x0, 0x8f, 0x7, 0xf1, 0x1f, 0x90, 0x0, 0x0,
    0xcb, 0x0, 0x8, 0xf0, 0x4f, 0x58, 0xf3, 0x0,
    0x0, 0xc, 0xd7, 0x77, 0xbf, 0x0, 0xfa, 0xec,
    0x0, 0x0, 0x0, 0xcf, 0xff, 0xff, 0xf0, 0xb,
    0xff, 0x40, 0x0, 0x0, 0x0, 0x0, 0x0, 0x3,
    0x70, 0x7f, 0xb0, 0x6, 0x40, 0x0, 0x14, 0x7a,
    0xdf, 0xfe, 0x5f, 0xff, 0x20, 0xaf, 0x2, 0xef,
    0xfe, 0xb8, 0x51, 0x6f, 0xc3, 0xfd, 0x2f, 0xb0,
    0x6, 0x52, 0x0, 0x1, 0xbf, 0xb0, 0x5, 0xff,
    0xf5, 0x0, 0x0, 0x0, 0x0, 0x7, 0x90, 0x0,
    0x5, 0xea, 0x0,

    /* U+624D "才" */
    0x0, 0x0, 0x0, 0x0, 0x0, 0x7f, 0x0, 0x0,
    0x0, 0x0, 0x0, 0x0, 0x0, 0x0, 0x8f, 0x0,
    0x0, 0x0, 0x0, 0x0, 0x0, 0x0, 0x0, 0x8f,
    0x0, 0x0, 0x0, 0x0, 0x0, 0x0, 0x0, 0x0,
    0x8f, 0x0, 0x0, 0x0, 0x7, 0x88, 0x88, 0x88,
    0x88, 0xcf, 0x88, 0x88, 0x82, 0xe, 0xff, 0xff,
    0xff, 0xff, 0xff, 0xff, 0xff, 0xf4, 0x0, 0x0,
    0x0, 0x0, 0x0, 0x8f, 0x32, 0x0, 0x0, 0x0,
    0x0, 0x0, 0x0, 0x0, 0x8f, 0xed, 0x0, 0x0,
    0x0, 0x0, 0x0, 0x0, 0x0, 0x8f, 0xf5, 0x0,
    0x0, 0x0, 0x0, 0x0, 0x0, 0x5, 0xff, 0x40,
    0x0, 0x0, 0x0, 0x0, 0x0, 0x1, 0xaf, 0xff,
    0x0, 0x0, 0x0, 0x0, 0x0, 0x0, 0x8f, 0xf6,
    0x8f, 0x0, 0x0, 0x0, 0x0, 0x2, 0x9f, 0xf9,
    0x10, 0x8f, 0x0, 0x0, 0x0, 0x17, 0xcf, 0xfa,
    0x20, 0x0, 0x8f, 0x0, 0x0, 0x0, 0x6f, 0xc7,
    0x10, 0x0, 0x0, 0x8f, 0x0, 0x0, 0x0, 0x1,
    0x0, 0x0, 0x0, 0x0, 0x8f, 0x0, 0x0, 0x0,
    0x0, 0x0, 0x0, 0xa, 0x87, 0xef, 0x0, 0x0,
    0x0, 0x0, 0x0, 0x0, 0x9, 0xff, 0xe6, 0x0,
    0x0, 0x0,

    /* U+626B "扫" */
    0x0, 0x0, 0xa9, 0x0, 0x0, 0x0, 0x0, 0x0,
    0x0, 0x0, 0x0, 0xcb, 0x0, 0x0, 0x0, 0x0,
    0x0, 0x0, 0x0, 0x0, 0xcb, 0x0, 0x6f, 0xff,
    0xff, 0xff, 0xf7, 0x0, 0x0, 0xcb, 0x0, 0x38,
    0x88, 0x88, 0x88, 0xf7, 0xb, 0xff, 0xff, 0xff,
    0x60, 0x0, 0x0, 0x0, 0xf7, 0x6, 0x88, 0xed,
    0x88, 0x30, 0x0, 0x0, 0x0, 0xf7, 0x0, 0x0,
    0xcb, 0x0, 0x0, 0x0, 0x0, 0x0, 0xf7, 0x0,
    0x0, 0xcb, 0x0, 0x0, 0x0, 0x0, 0x0, 0xf7,
    0x0, 0x0, 0xcb, 0x8, 0x2f, 0xff, 0xff, 0xff,
    0xf7, 0x0, 0x0, 0xce, 0xef, 0x28, 0x88, 0x88,
    0x88, 0xf7, 0x0, 0x19, 0xff, 0xa2, 0x0, 0x0,
    0x0, 0x0, 0xf7, 0x1a, 0xff, 0xfb, 0x0, 0x0,
    0x0, 0x0, 0x0, 0xf7, 0xc, 0xb2, 0xcb, 0x0,
    0x0, 0x0, 0x0, 0x0, 0xf7, 0x0, 0x0, 0xcb,
    0x0, 0x0, 0x0, 0x0, 0x0, 0xf7, 0x0, 0x0,
    0xcb, 0x0, 0x33, 0x33, 0x33, 0x33, 0xf7, 0x0,
    0x0, 0xcb, 0x3, 0xff, 0xff, 0xff, 0xff, 0xf7,
    0x0, 0x58, 0xeb, 0x0, 0x33, 0x33, 0x33, 0x34,
    0xf7, 0x0, 0x6f, 0xf6, 0x0, 0x0, 0x0, 0x0,
    0x0, 0xf7,

    /* U+627E "找" */
    0x0, 0x1, 0xb4, 0x0, 0x8, 0xa0, 0x0, 0x0,
    0x0, 0x0, 0x2, 0xf6, 0x0, 0x9, 0xd2, 0xe8,
    0x0, 0x0, 0x0, 0x2, 0xf6, 0x0, 0x8, 0xe1,
    0xaf, 0xb0, 0x0, 0x0, 0x2, 0xf6, 0x0, 0x7,
    0xf0, 0x6, 0xf8, 0x0, 0x28, 0x89, 0xfb, 0x88,
    0x6, 0xf1, 0x0, 0x83, 0x0, 0x4f, 0xff, 0xff,
    0xff, 0x5, 0xf3, 0x1, 0x36, 0x70, 0x0, 0x2,
    0xf6, 0x1, 0x48, 0xfd, 0xff, 0xff, 0xf0, 0x0,
    0x2, 0xf6, 0xd, 0xff, 0xfd, 0x96, 0x42, 0x0,
    0x0, 0x2, 0xf6, 0x4, 0x30, 0xdb, 0x0, 0x3e,
    0x20, 0x0, 0x2, 0xf9, 0xae, 0x30, 0xae, 0x0,
    0xbe, 0x0, 0x1, 0x5a, 0xff, 0xe9, 0x10, 0x6f,
    0x36, 0xf5, 0x0, 0x5f, 0xfe, 0xf7, 0x0, 0x0,
    0x2f, 0xaf, 0xb0, 0x0, 0x6, 0x32, 0xf6, 0x0,
    0x0, 0xd, 0xfc, 0x0, 0x0, 0x0, 0x2, 0xf6,
    0x0, 0x0, 0x6f, 0xf6, 0x0, 0x10, 0x0, 0x2,
    0xf6, 0x0, 0x2b, 0xfa, 0xde, 0x10, 0xad, 0x0,
    0x2, 0xf6, 0xa, 0xfd, 0x40, 0x3f, 0xc1, 0xcb,
    0x5, 0x68, 0xf5, 0x5, 0x50, 0x0, 0x5, 0xfd,
    0xf6, 0x9, 0xff, 0xd1, 0x0, 0x0, 0x0, 0x0,
    0x4d, 0xd0,

    /* U+628A "把" */
    0x0, 0x2, 0xe4, 0x0, 0x0, 0x0, 0x0, 0x0,
    0x0, 0x0, 0x0, 0x2f, 0x50, 0x6, 0x66, 0x66,
    0x66, 0x66, 0x20, 0x0, 0x2, 0xf5, 0x0, 0xef,
    0xff, 0xff, 0xff, 0xf7, 0x0, 0x0, 0x2f, 0x50,
    0xe, 0x90, 0x1f, 0x70, 0x1f, 0x70, 0x6, 0x89,
    0xfa, 0x84, 0xe9, 0x1, 0xf7, 0x1, 0xf7, 0x0,
    0xdf, 0xff, 0xff, 0x7e, 0x90, 0x1f, 0x70, 0x1f,
    0x70, 0x0, 0x2, 0xf5, 0x0, 0xe9, 0x1, 0xf7,
    0x1, 0xf7, 0x0, 0x0, 0x2f, 0x50, 0xe, 0x90,
    0x1f, 0x70, 0x1f, 0x70, 0x0, 0x2, 0xf5, 0x1,
    0xe9, 0x1, 0xf7, 0x1, 0xf7, 0x0, 0x0, 0x2f,
    0xce, 0x6e, 0xff, 0xff, 0xff, 0xff, 0x70, 0x3,
    0x8e, 0xfe, 0x81, 0xec, 0x88, 0x88, 0x88, 0x83,
    0x2, 0xff, 0xbf, 0x50, 0xe, 0x90, 0x0, 0x0,
    0x0, 0x0, 0x2, 0x2, 0xf5, 0x0, 0xe9, 0x0,
    0x0, 0x0, 0x0, 0x0, 0x0, 0x2f, 0x50, 0xe,
    0x90, 0x0, 0x0, 0x0, 0x64, 0x0, 0x2, 0xf5,
    0x0, 0xe9, 0x0, 0x0, 0x0, 0xd, 0xa0, 0x0,
    0x2f, 0x50, 0xe, 0x90, 0x0, 0x0, 0x2, 0xf6,
    0x3, 0x8a, 0xf5, 0x0, 0xde, 0x77, 0x77, 0x77,
    0xcf, 0x20, 0x3f, 0xfd, 0x0, 0x3, 0xcf, 0xff,
    0xff, 0xfe, 0x60,

    /* U+6298 "折" */
    0x0, 0x6, 0xd1, 0x0, 0x0, 0x0, 0x0, 0x6,
    0x90, 0x0, 0x7, 0xf2, 0x0, 0x0, 0x1, 0x59,
    0xef, 0xd1, 0x0, 0x7, 0xf2, 0x0, 0x8d, 0xff,
    0xff, 0xb5, 0x0, 0x0, 0x7, 0xf2, 0x0, 0xbf,
    0x97, 0x41, 0x0, 0x0, 0xc, 0xcd, 0xfc, 0xc6,
    0xbd, 0x0, 0x0, 0x0, 0x0, 0xb, 0xbd, 0xfc,
    0xb6, 0xbc, 0x0, 0x0, 0x0, 0x0, 0x0, 0x7,
    0xf1, 0x0, 0xbe, 0x88, 0x88, 0x88, 0x86, 0x0,
    0x7, 0xf1, 0x0, 0xbf, 0xff, 0xff, 0xff, 0xfb,
    0x0, 0x7, 0xf2, 0x88, 0xbc, 0x0, 0xe, 0x90,
    0x0, 0x0, 0x8, 0xff, 0xf7, 0xbb, 0x0, 0xe,
    0x90, 0x0, 0x16, 0xdf, 0xf7, 0x0, 0xcb, 0x0,
    0xe, 0x90, 0x0, 0x3f, 0xaa, 0xf1, 0x0, 0xea,
    0x0, 0xe, 0x90, 0x0, 0x0, 0x7, 0xf1, 0x1,
    0xf8, 0x0, 0xe, 0x90, 0x0, 0x0, 0x7, 0xf1,
    0x5, 0xf5, 0x0, 0xe, 0x90, 0x0, 0x0, 0x7,
    0xf1, 0xc, 0xf0, 0x0, 0xe, 0x90, 0x0, 0x0,
    0x7, 0xf1, 0x4f, 0x80, 0x0, 0xe, 0x90, 0x0,
    0x3, 0x7c, 0xf2, 0xee, 0x10, 0x0, 0xe, 0x90,
    0x0, 0x2, 0xff, 0x71, 0xd4, 0x0, 0x0, 0xe,
    0x90, 0x0, 0x0, 0x0, 0x0, 0x0, 0x0, 0x0,
    0x0, 0x0, 0x0,

    /* U+6301 "持" */
    0x0, 0x0, 0x96, 0x0, 0x0, 0x0, 0x6a, 0x0,
    0x0, 0x0, 0x0, 0xe, 0xa0, 0x0, 0x0, 0x9,
    0xf0, 0x0, 0x0, 0x0, 0x0, 0xea, 0x0, 0x0,
    0x0, 0x9f, 0x0, 0x0, 0x0, 0x0, 0xe, 0xa0,
    0x5, 0xcc, 0xce, 0xfc, 0xcc, 0x80, 0x5, 0x88,
    0xfd, 0x88, 0x5c, 0xcc, 0xef, 0xcc, 0xc8, 0x0,
    0x9f, 0xff, 0xff, 0xf0, 0x0, 0x9, 0xf0, 0x0,
    0x0, 0x0, 0x0, 0xea, 0x0, 0x0, 0x0, 0x9f,
    0x0, 0x0, 0x0, 0x0, 0xe, 0xa0, 0x2f, 0xff,
    0xff, 0xff, 0xff, 0xfd, 0x0, 0x0, 0xea, 0x6,
    0x77, 0x77, 0x77, 0xac, 0x77, 0x60, 0x0, 0xe,
    0xef, 0xe0, 0x0, 0x0, 0x8, 0xf0, 0x0, 0x2,
    0x8d, 0xff, 0xa8, 0x88, 0x88, 0x88, 0xcf, 0x88,
    0x70, 0xcf, 0xbf, 0xa0, 0x8f, 0xff, 0xff, 0xff,
    0xff, 0xfe, 0x1, 0x10, 0xea, 0x0, 0x15, 0x0,
    0x0, 0x8f, 0x0, 0x0, 0x0, 0xe, 0xa0, 0x7,
    0xfd, 0x30, 0x8, 0xf0, 0x0, 0x0, 0x0, 0xea,
    0x0, 0x3, 0xdf, 0x50, 0x8f, 0x0, 0x0, 0x0,
    0xe, 0xa0, 0x0, 0x0, 0x81, 0x8, 0xf0, 0x0,
    0x2, 0x67, 0xf9, 0x0, 0x0, 0x0, 0x87, 0xcf,
    0x0, 0x0, 0x1f, 0xfe, 0x40, 0x0, 0x0, 0xc,
    0xff, 0x70, 0x0,

    /* U+6302 "挂" */
    0x0, 0x6, 0xe1, 0x0, 0x0, 0x1, 0xe6, 0x0,
    0x0, 0x0, 0x0, 0x6f, 0x10, 0x0, 0x0, 0x1f,
    0x70, 0x0, 0x0, 0x0, 0x6, 0xf1, 0x0, 0x22,
    0x23, 0xf8, 0x22, 0x20, 0x0, 0x0, 0x6f, 0x10,
    0x3f, 0xff, 0xff, 0xff, 0xff, 0x70, 0xe, 0xff,
    0xff, 0xf7, 0x55, 0x56, 0xfa, 0x55, 0x52, 0x0,
    0x67, 0xaf, 0x87, 0x20, 0x0, 0x1f, 0x70, 0x0,
    0x0, 0x0, 0x6, 0xf1, 0x0, 0x0, 0x1, 0xf7,
    0x0, 0x0, 0x0, 0x0, 0x6f, 0x10, 0xff, 0xff,
    0xff, 0xff, 0xff, 0xfb, 0x0, 0x6, 0xf1, 0x4a,
    0x88, 0x88, 0xa8, 0x88, 0x88, 0x50, 0x0, 0x6f,
    0xef, 0x50, 0x0, 0x1f, 0x70, 0x0, 0x0, 0x3,
    0x9f, 0xfc, 0x40, 0x0, 0x1, 0xf7, 0x0, 0x0,
    0x2, 0xff, 0xdf, 0x10, 0x48, 0x88, 0x8f, 0xb8,
    0x88, 0x60, 0x2, 0x16, 0xf1, 0x8, 0xff, 0xff,
    0xff, 0xff, 0xfb, 0x0, 0x0, 0x6f, 0x10, 0x0,
    0x0, 0x1f, 0x70, 0x0, 0x0, 0x0, 0x6, 0xf1,
    0x0, 0x0, 0x1, 0xf7, 0x0, 0x0, 0x0, 0x0,
    0x6f, 0x13, 0x44, 0x44, 0x5f, 0x94, 0x44, 0x44,
    0x4, 0x8c, 0xf1, 0xcf, 0xff, 0xff, 0xff, 0xff,
    0xff, 0xf0, 0x2f, 0xe8, 0x1, 0x22, 0x22, 0x22,
    0x22, 0x22, 0x22,

    /* U+6309 "按" */
    0x0, 0x9, 0x60, 0x0, 0x0, 0x5, 0x90, 0x0,
    0x0, 0x0, 0x0, 0xe9, 0x0, 0x0, 0x0, 0x9f,
    0x0, 0x0, 0x0, 0x0, 0xe, 0x90, 0x2, 0x22,
    0x29, 0xf2, 0x22, 0x21, 0x0, 0x0, 0xe9, 0x0,
    0xff, 0xff, 0xff, 0xff, 0xff, 0x80, 0x48, 0x8f,
    0xc8, 0x4f, 0x95, 0x55, 0x55, 0x55, 0xf8, 0x7,
    0xff, 0xff, 0xf7, 0xf7, 0x3, 0xe4, 0x0, 0xf,
    0x80, 0x0, 0xe, 0x90, 0x9, 0x30, 0x7f, 0x10,
    0x0, 0x84, 0x0, 0x0, 0xe9, 0x0, 0x0, 0xd,
    0xc0, 0x0, 0x0, 0x0, 0x0, 0xe, 0x91, 0x6f,
    0xff, 0xff, 0xff, 0xff, 0xfd, 0x0, 0x0, 0xee,
    0xf8, 0x88, 0xee, 0x88, 0x8f, 0xc8, 0x70, 0x4,
    0xbf, 0xf7, 0x0, 0x3f, 0x70, 0x5, 0xf5, 0x0,
    0x8, 0xfd, 0xf9, 0x0, 0xb, 0xe0, 0x0, 0xce,
    0x0, 0x0, 0x4, 0xe, 0x90, 0x4, 0xfc, 0x20,
    0x7f, 0x60, 0x0, 0x0, 0x0, 0xe9, 0x0, 0x6b,
    0xff, 0xef, 0xc0, 0x0, 0x0, 0x0, 0xe, 0x90,
    0x0, 0x1, 0xcf, 0xff, 0x91, 0x0, 0x0, 0x0,
    0xe9, 0x0, 0x28, 0xef, 0x82, 0x9f, 0xf6, 0x0,
    0x7, 0x6f, 0x88, 0xdf, 0xfa, 0x20, 0x0, 0x2c,
    0xfb, 0x0, 0xcf, 0xc1, 0x4c, 0x71, 0x0, 0x0,
    0x0, 0x8, 0x50, 0x0, 0x0, 0x0, 0x0, 0x0,
    0x0, 0x0, 0x0, 0x0, 0x0,

    /* U+636E "据" */
    0x0, 0x0, 0xd6, 0x0, 0x0, 0x0, 0x0, 0x0,
    0x0, 0x0, 0x0, 0xf, 0x70, 0xaf, 0xff, 0xff,
    0xff, 0xff, 0xb0, 0x0, 0x0, 0xf7, 0xa, 0xe8,
    0x88, 0x88, 0x88, 0xeb, 0x0, 0x0, 0xf, 0x70,
    0xad, 0x0, 0x0, 0x0, 0xc, 0xb0, 0xd, 0xee,
    0xff, 0xec, 0xe9, 0x99, 0x99, 0x99, 0xeb, 0x0,
    0x89, 0x9f, 0xc9, 0xcf, 0xff, 0xff, 0xff, 0xff,
    0xb0, 0x0, 0x0, 0xf7, 0xa, 0xd0, 0x0, 0x2c,
    0x40, 0x0, 0x0, 0x0, 0xf, 0x70, 0xad, 0x0,
    0x3, 0xf5, 0x0, 0x0, 0x0, 0x0, 0xf9, 0x8c,
    0xde, 0xff, 0xff, 0xff, 0xff, 0xb0, 0x0, 0x5f,
    0xff, 0xcd, 0x78, 0x89, 0xfa, 0x88, 0x86, 0x18,
    0xef, 0xfa, 0xa, 0xd0, 0x0, 0x3f, 0x50, 0x0,
    0x0, 0xbd, 0x7f, 0x70, 0xad, 0x26, 0x68, 0xf9,
    0x66, 0x30, 0x0, 0x0, 0xf7, 0xb, 0xd5, 0xff,
    0xff, 0xff, 0xf9, 0x0, 0x0, 0xf, 0x70, 0xdc,
    0x5f, 0x31, 0x11, 0x1e, 0x90, 0x0, 0x0, 0xf7,
    0x1f, 0x95, 0xf2, 0x0, 0x0, 0xe9, 0x0, 0x0,
    0xf, 0x78, 0xf3, 0x5f, 0x98, 0x88, 0x8f, 0x90,
    0x4, 0x8a, 0xf9, 0xfb, 0x5, 0xff, 0xff, 0xff,
    0xf9, 0x0, 0x4f, 0xfb, 0x4c, 0x10, 0x5f, 0x20,
    0x0, 0xe, 0x90, 0x0, 0x0, 0x0, 0x0, 0x0,
    0x0, 0x0, 0x0, 0x0, 0x0,

    /* U+63A2 "探" */
    0x0, 0x5, 0xc0, 0x0, 0x0, 0x0, 0x0, 0x0,
    0x0, 0x0, 0x0, 0x7, 0xf1, 0x7, 0x88, 0x88,
    0x88, 0x88, 0x87, 0x0, 0x0, 0x7, 0xf1, 0xe,
    0xff, 0xff, 0xff, 0xff, 0xfe, 0x0, 0x0, 0x7,
    0xf1, 0xe, 0x90, 0x93, 0x6, 0x90, 0x9e, 0x0,
    0x3, 0x49, 0xf5, 0x3c, 0x84, 0xf6, 0x9, 0xf0,
    0x7c, 0x0, 0xd, 0xff, 0xff, 0xe0, 0x1d, 0xf1,
    0x9, 0xf0, 0x4, 0x30, 0x0, 0x7, 0xf1, 0x2,
    0xdf, 0x60, 0x9, 0xf6, 0x5e, 0xd0, 0x0, 0x7,
    0xf1, 0xe, 0xf8, 0x0, 0xaa, 0xff, 0xff, 0x40,
    0x0, 0x7, 0xf1, 0x25, 0x50, 0x1, 0xf7, 0x1,
    0x10, 0x0, 0x0, 0x7, 0xfc, 0xf4, 0x77, 0x77,
    0xfa, 0x77, 0x77, 0x0, 0x2, 0x8e, 0xfd, 0x6a,
    0xff, 0xff, 0xff, 0xff, 0xff, 0x20, 0x2f, 0xec,
    0xf1, 0x0, 0x2, 0xf9, 0xf8, 0xf6, 0x0, 0x0,
    0x3, 0x7, 0xf1, 0x0, 0x9, 0xf3, 0xf7, 0xbd,
    0x0, 0x0, 0x0, 0x7, 0xf1, 0x0, 0x5f, 0x81,
    0xf7, 0x3f, 0x80, 0x0, 0x0, 0x7, 0xf1, 0x5,
    0xfc, 0x1, 0xf7, 0x9, 0xf7, 0x0, 0x0, 0x7,
    0xf1, 0x9f, 0xc0, 0x1, 0xf7, 0x0, 0xaf, 0xa1,
    0x3, 0x7b, 0xf0, 0x58, 0x0, 0x1, 0xf7, 0x0,
    0x7, 0xa0, 0x1, 0xff, 0xa0, 0x0, 0x0, 0x1,
    0xf7, 0x0, 0x0, 0x0,

    /* U+63A5 "接" */
    0x0, 0x9, 0x30, 0x0, 0x0, 0x8, 0x40, 0x0,
    0x0, 0x0, 0x1, 0xf7, 0x0, 0x0, 0x0, 0xf8,
    0x0, 0x0, 0x0, 0x0, 0x1f, 0x70, 0x37, 0x77,
    0x7f, 0xc7, 0x77, 0x72, 0x0, 0x1, 0xf7, 0x6,
    0xff, 0xff, 0xff, 0xff, 0xff, 0x60, 0x37, 0x8f,
    0xb7, 0x40, 0xca, 0x0, 0x0, 0xba, 0x0, 0x7,
    0xff, 0xff, 0xf8, 0x6, 0xf6, 0x0, 0x3f, 0x90,
    0x0, 0x0, 0x1f, 0x70, 0x0, 0xc, 0xf0, 0xc,
    0xe1, 0x0, 0x0, 0x1, 0xf7, 0x7, 0x77, 0xae,
    0x89, 0xfb, 0x77, 0x71, 0x0, 0x1f, 0x70, 0xef,
    0xff, 0xff, 0xff, 0xff, 0xff, 0x20, 0x1, 0xfa,
    0x98, 0x0, 0x6, 0xd2, 0x0, 0x0, 0x0, 0x15,
    0xaf, 0xfd, 0x84, 0x44, 0xee, 0x44, 0x44, 0x43,
    0xc, 0xff, 0xf8, 0x8, 0xff, 0xff, 0xff, 0xff,
    0xff, 0xb0, 0x35, 0x1f, 0x70, 0x12, 0x6f, 0xb2,
    0x27, 0xf7, 0x21, 0x0, 0x1, 0xf7, 0x0, 0x2e,
    0xf6, 0x11, 0xdb, 0x0, 0x0, 0x0, 0x1f, 0x70,
    0x7, 0xbd, 0xff, 0xff, 0x40, 0x0, 0x0, 0x1,
    0xf7, 0x0, 0x0, 0x3a, 0xfe, 0xef, 0xb3, 0x0,
    0x6, 0x9f, 0x64, 0x8b, 0xef, 0xe7, 0x0, 0x6e,
    0xf9, 0x0, 0xdf, 0xc1, 0x6f, 0xd9, 0x40, 0x0,
    0x0, 0x9, 0x70, 0x0, 0x0, 0x0, 0x0, 0x0,
    0x0, 0x0, 0x0, 0x0, 0x0,

    /* U+63A7 "控" */
    0x0, 0x0, 0x93, 0x0, 0x0, 0x0, 0x63, 0x0,
    0x0, 0x0, 0x0, 0x1f, 0x70, 0x0, 0x0, 0xf,
    0x80, 0x0, 0x0, 0x0, 0x1, 0xf7, 0x2, 0x55,
    0x55, 0xfa, 0x55, 0x55, 0x0, 0x0, 0x1f, 0x70,
    0x6f, 0xff, 0xff, 0xff, 0xff, 0xf1, 0x9, 0xff,
    0xff, 0xf9, 0xf2, 0x10, 0x0, 0x0, 0x7f, 0x10,
    0x58, 0x8f, 0xb8, 0x8f, 0x18, 0xc0, 0x5f, 0x26,
    0xf1, 0x0, 0x1, 0xf7, 0x6, 0xf2, 0xea, 0x5,
    0xf2, 0x6f, 0x10, 0x0, 0x1f, 0x70, 0x0, 0xaf,
    0x30, 0x5f, 0x52, 0xc5, 0x0, 0x1, 0xf7, 0x65,
    0xbf, 0x80, 0x3, 0xff, 0xff, 0x50, 0x0, 0x1f,
    0xff, 0x6a, 0x70, 0x0, 0x2, 0x44, 0x30, 0x1,
    0x7e, 0xfc, 0x31, 0x88, 0x88, 0x88, 0x88, 0x86,
    0x1, 0xef, 0xdf, 0x70, 0x3f, 0xff, 0xff, 0xff,
    0xff, 0xb0, 0x6, 0x51, 0xf7, 0x0, 0x0, 0x0,
    0xf8, 0x0, 0x0, 0x0, 0x0, 0x1f, 0x70, 0x0,
    0x0, 0xf, 0x80, 0x0, 0x0, 0x0, 0x1, 0xf7,
    0x0, 0x0, 0x0, 0xf8, 0x0, 0x0, 0x0, 0x0,
    0x1f, 0x70, 0x11, 0x11, 0x1f, 0x91, 0x11, 0x11,
    0x3, 0x9a, 0xf6, 0x5f, 0xff, 0xff, 0xff, 0xff,
    0xff, 0xe0, 0x1f, 0xfc, 0x11, 0x66, 0x66, 0x66,
    0x66, 0x66, 0x65,

    /* U+63CF "描" */
    0x0, 0x8, 0x50, 0x0, 0x49, 0x0, 0x4, 0x80,
    0x0, 0x0, 0x0, 0xe9, 0x0, 0x8, 0xf0, 0x0,
    0x8f, 0x0, 0x0, 0x0, 0xe, 0x90, 0x22, 0x9f,
    0x22, 0x29, 0xf2, 0x22, 0x0, 0x0, 0xe9, 0x4f,
    0xff, 0xff, 0xff, 0xff, 0xff, 0xf1, 0x26, 0x6f,
    0xc8, 0x64, 0xaf, 0x44, 0x4a, 0xf4, 0x44, 0x5,
    0xff, 0xff, 0xf5, 0x8, 0xf0, 0x0, 0x8f, 0x0,
    0x0, 0x0, 0xe, 0x90, 0x0, 0x49, 0x0, 0x4,
    0x90, 0x0, 0x0, 0x0, 0xe9, 0x0, 0xef, 0xff,
    0xff, 0xff, 0xfa, 0x0, 0x0, 0xe, 0x90, 0xf,
    0xc8, 0x8f, 0xc8, 0x8f, 0xa0, 0x0, 0x0, 0xec,
    0xa7, 0xf9, 0x0, 0xf9, 0x0, 0xea, 0x0, 0x2,
    0x8f, 0xfe, 0x5f, 0x90, 0xf, 0x90, 0xe, 0xa0,
    0x9, 0xff, 0xfa, 0x0, 0xff, 0xff, 0xff, 0xff,
    0xfa, 0x0, 0x28, 0x1e, 0x90, 0xf, 0xc8, 0x8f,
    0xc8, 0x8f, 0xa0, 0x0, 0x0, 0xe9, 0x0, 0xf9,
    0x0, 0xf9, 0x0, 0xea, 0x0, 0x0, 0xe, 0x90,
    0xf, 0x90, 0xf, 0x90, 0xe, 0xa0, 0x0, 0x0,
    0xe9, 0x0, 0xfc, 0x88, 0xfc, 0x88, 0xfa, 0x0,
    0x28, 0x8f, 0x90, 0xf, 0xff, 0xff, 0xff, 0xff,
    0xa0, 0x0, 0xef, 0xd2, 0x0, 0xf9, 0x0, 0x0,
    0x0, 0xda, 0x0, 0x0, 0x0, 0x0, 0x0, 0x0,
    0x0, 0x0, 0x0, 0x0, 0x0,

    /* U+6444 "摄" */
    0x0, 0x2, 0xc3, 0x0, 0x0, 0x0, 0x0, 0x0,
    0x0, 0x0, 0x0, 0x3, 0xf4, 0xc, 0xff, 0xff,
    0xff, 0xff, 0xff, 0x30, 0x0, 0x3, 0xf4, 0x6,
    0x8e, 0xd8, 0x88, 0xcf, 0x88, 0x20, 0x0, 0x3,
    0xf4, 0x0, 0xd, 0xfe, 0xee, 0xff, 0x0, 0x0,
    0x5, 0xee, 0xfe, 0xed, 0xd, 0xd7, 0x77, 0xbf,
    0x0, 0x0, 0x3, 0xab, 0xfb, 0xa9, 0xd, 0xff,
    0xff, 0xff, 0x0, 0x0, 0x0, 0x3, 0xf4, 0x0,
    0xd, 0xc4, 0x44, 0xaf, 0x23, 0x30, 0x0, 0x3,
    0xf4, 0x5, 0xaf, 0xec, 0xef, 0xff, 0xff, 0xa0,
    0x0, 0x3, 0xfa, 0xe6, 0xa9, 0x87, 0x65, 0xaf,
    0x32, 0x0, 0x0, 0x2a, 0xff, 0xe5, 0x33, 0x32,
    0x33, 0x68, 0x33, 0x0, 0x9, 0xff, 0xf7, 0xff,
    0xff, 0xfa, 0xff, 0xff, 0xff, 0x0, 0x4, 0x96,
    0xf4, 0x46, 0x49, 0xf3, 0xdc, 0x44, 0xfc, 0x0,
    0x0, 0x3, 0xf4, 0x9f, 0xac, 0xe0, 0x7f, 0x16,
    0xf5, 0x0, 0x0, 0x3, 0xf4, 0x6, 0xff, 0x80,
    0x1e, 0xcf, 0xb0, 0x0, 0x0, 0x3, 0xf4, 0x1,
    0xef, 0xf3, 0x8, 0xff, 0x10, 0x0, 0x0, 0x3,
    0xf4, 0x1d, 0xf5, 0xd5, 0x8f, 0xef, 0xa0, 0x0,
    0x0, 0x9a, 0xf8, 0xef, 0x40, 0x9f, 0xfa, 0x15,
    0xfe, 0x70, 0x0, 0xcf, 0xd2, 0xc3, 0x0, 0x7a,
    0x20, 0x0, 0x2b, 0x90, 0x0, 0x0, 0x0, 0x0,
    0x0, 0x0, 0x0, 0x0, 0x0, 0x0,

    /* U+6446 "摆" */
    0x0, 0x7, 0xc0, 0x0, 0x0, 0x0, 0x0, 0x0,
    0x0, 0x0, 0x0, 0x9f, 0x0, 0xdf, 0xff, 0xff,
    0xff, 0xff, 0x80, 0x0, 0x9, 0xf0, 0xd, 0xc6,
    0xec, 0x6e, 0xb6, 0xe8, 0x0, 0x0, 0x9f, 0x0,
    0xda, 0xd, 0x90, 0xd8, 0xe, 0x80, 0xe, 0xef,
    0xfe, 0xdd, 0xa0, 0xd9, 0xd, 0x80, 0xe8, 0x0,
    0x89, 0xdf, 0x98, 0xdf, 0xff, 0xff, 0xff, 0xff,
    0x80, 0x0, 0x9, 0xf0, 0x7, 0x88, 0x8b, 0xf9,
    0x88, 0x84, 0x0, 0x0, 0x9f, 0x0, 0x0, 0x0,
    0x6f, 0x20, 0x0, 0x0, 0x0, 0x9, 0xf3, 0xb1,
    0xcf, 0xff, 0xff, 0xff, 0x70, 0x0, 0x0, 0x9f,
    0xfd, 0x5, 0x66, 0xaf, 0x86, 0x63, 0x0, 0x4,
    0xbf, 0xf6, 0x0, 0x0, 0x6, 0xf2, 0x0, 0x0,
    0x2, 0xfe, 0xdf, 0x6, 0xff, 0xff, 0xff, 0xff,
    0xff, 0xf1, 0x4, 0x9, 0xf0, 0x37, 0x77, 0xcf,
    0xa7, 0x77, 0x77, 0x0, 0x0, 0x9f, 0x0, 0x0,
    0x2f, 0xb0, 0x0, 0x10, 0x0, 0x0, 0x9, 0xf0,
    0x0, 0x1d, 0xd1, 0x0, 0x8e, 0x30, 0x0, 0x0,
    0x9f, 0x0, 0x2d, 0xe2, 0x12, 0x35, 0xef, 0x30,
    0x6, 0x9d, 0xe0, 0xb, 0xff, 0xff, 0xff, 0xff,
    0xff, 0x20, 0x6f, 0xd6, 0x0, 0x3b, 0x97, 0x64,
    0x21, 0x1, 0xd4, 0x0, 0x0, 0x0, 0x0, 0x0,
    0x0, 0x0, 0x0, 0x0, 0x0,

    /* U+644A "摊" */
    0x0, 0xa, 0x60, 0x0, 0x0, 0x0, 0x81, 0x0,
    0x0, 0x0, 0x0, 0xe9, 0x0, 0x0, 0x0, 0x1f,
    0x6b, 0x50, 0x0, 0x0, 0xe, 0x90, 0x12, 0x22,
    0x4, 0xf3, 0xaf, 0x10, 0x0, 0x0, 0xe9, 0x9,
    0xff, 0xf3, 0x7f, 0x11, 0xf5, 0x0, 0x5, 0x6f,
    0xc6, 0x57, 0x9f, 0x1b, 0xf6, 0x68, 0x66, 0x10,
    0xbf, 0xff, 0xf1, 0x6, 0xf2, 0xff, 0xff, 0xff,
    0xf4, 0x0, 0xe, 0x92, 0xc3, 0x8d, 0x9f, 0x90,
    0x8f, 0x0, 0x0, 0x0, 0xe9, 0xc, 0xeb, 0xef,
    0xfb, 0x4a, 0xf4, 0x30, 0x0, 0xe, 0xa9, 0x4f,
    0xfe, 0xdf, 0xff, 0xff, 0xfd, 0x0, 0x0, 0xef,
    0xf1, 0x8f, 0x51, 0xfa, 0x39, 0xf3, 0x20, 0x5,
    0xdf, 0xd2, 0x9, 0xf9, 0xf, 0x90, 0x8f, 0x0,
    0x0, 0xee, 0xf9, 0x0, 0xef, 0xf0, 0xfc, 0x6b,
    0xf6, 0x50, 0x2, 0xe, 0x90, 0x5f, 0x7f, 0x5f,
    0xff, 0xff, 0xfc, 0x0, 0x0, 0xe9, 0xd, 0xc0,
    0xe9, 0xf9, 0x8, 0xf0, 0x0, 0x0, 0xe, 0x98,
    0xf3, 0xa, 0x5f, 0x90, 0x8f, 0x0, 0x0, 0x0,
    0xea, 0xc7, 0x0, 0x0, 0xfc, 0x8c, 0xf8, 0x83,
    0x5, 0x6f, 0x90, 0x0, 0x0, 0xf, 0xff, 0xff,
    0xff, 0x60, 0x9f, 0xf6, 0x0, 0x0, 0x0, 0xf9,
    0x0, 0x0, 0x0, 0x0, 0x21, 0x0, 0x0, 0x0,
    0x0, 0x0, 0x0, 0x0, 0x0,

    /* U+6536 "收" */
    0x0, 0x0, 0x5, 0xc0, 0x0, 0xc4, 0x0, 0x0,
    0x0, 0x0, 0x0, 0x0, 0x7f, 0x10, 0x1f, 0x80,
    0x0, 0x0, 0x0, 0x6, 0x90, 0x7, 0xf1, 0x2,
    0xf7, 0x0, 0x0, 0x0, 0x0, 0x9e, 0x0, 0x7f,
    0x10, 0x5f, 0x50, 0x0, 0x0, 0x0, 0x9, 0xe0,
    0x7, 0xf1, 0x8, 0xff, 0xff, 0xff, 0xf3, 0x0,
    0x9e, 0x0, 0x7f, 0x10, 0xce, 0x77, 0x7b, 0xf7,
    0x10, 0x9, 0xe0, 0x7, 0xf1, 0x2f, 0xe0, 0x0,
    0x9d, 0x0, 0x0, 0x9e, 0x0, 0x7f, 0x18, 0xff,
    0x10, 0xb, 0xc0, 0x0, 0x9, 0xe0, 0x7, 0xf2,
    0xfd, 0xf6, 0x0, 0xf8, 0x0, 0x0, 0x9e, 0x0,
    0x7f, 0xbf, 0x2c, 0xb0, 0x3f, 0x50, 0x0, 0x9,
    0xe0, 0x7, 0xf3, 0x60, 0x7f, 0x18, 0xf0, 0x0,
    0x0, 0x9e, 0x28, 0xef, 0x10, 0x0, 0xea, 0xf9,
    0x0, 0x0, 0x2c, 0xff, 0xfe, 0xf1, 0x0, 0x6,
    0xff, 0x10, 0x0, 0x4, 0xfb, 0x50, 0x7f, 0x10,
    0x0, 0x5f, 0xe1, 0x0, 0x0, 0x0, 0x0, 0x7,
    0xf1, 0x0, 0x5f, 0xcf, 0xc0, 0x0, 0x0, 0x0,
    0x0, 0x7f, 0x10, 0x9f, 0xb0, 0x5f, 0xc2, 0x0,
    0x0, 0x0, 0x7, 0xf7, 0xef, 0x80, 0x0, 0x4f,
    0xf8, 0x0, 0x0, 0x0, 0x7f, 0x7d, 0x30, 0x0,
    0x0, 0x1a, 0x40, 0x0, 0x0, 0x0, 0x0, 0x0,
    0x0, 0x0, 0x0, 0x0, 0x0,

    /* U+6570 "数" */
    0x0, 0x0, 0x1, 0x10, 0x0, 0x0, 0x10, 0x0,
    0x0, 0x0, 0x0, 0x63, 0x8, 0xe0, 0x6, 0x10,
    0xc9, 0x0, 0x0, 0x0, 0x0, 0xbf, 0x58, 0xe1,
    0xaf, 0x30, 0xe8, 0x0, 0x0, 0x0, 0x0, 0x9,
    0xc8, 0xe5, 0xe4, 0x0, 0xf6, 0x0, 0x0, 0x0,
    0x7, 0xaa, 0xbd, 0xfa, 0xba, 0x73, 0xf8, 0x55,
    0x55, 0x20, 0x9, 0xcd, 0xff, 0xfc, 0xcc, 0x87,
    0xff, 0xff, 0xff, 0x90, 0x0, 0xa, 0xf9, 0xe6,
    0x90, 0xb, 0xf2, 0x23, 0xf7, 0x10, 0x0, 0x8f,
    0x68, 0xe3, 0xeb, 0x2f, 0xf2, 0x3, 0xf3, 0x0,
    0x8, 0xf8, 0x8, 0xe0, 0x4d, 0xbf, 0xf5, 0x6,
    0xf0, 0x0, 0x1, 0x40, 0x6c, 0xd0, 0x4, 0xf7,
    0xc9, 0xa, 0xc0, 0x0, 0x0, 0x0, 0xdb, 0x0,
    0x6, 0xb0, 0x8e, 0x1f, 0x80, 0x0, 0xb, 0xff,
    0xff, 0xff, 0xff, 0x10, 0x3f, 0xbf, 0x20, 0x0,
    0x4, 0x6f, 0xc6, 0x6c, 0xf6, 0x0, 0xb, 0xfc,
    0x0, 0x0, 0x0, 0x6f, 0xa2, 0x1f, 0xa0, 0x0,
    0x8, 0xfa, 0x0, 0x0, 0x0, 0x49, 0xef, 0xef,
    0x20, 0x0, 0x3f, 0xff, 0x50, 0x0, 0x0, 0x0,
    0x6f, 0xff, 0x90, 0x4, 0xfe, 0x2d, 0xf5, 0x0,
    0x3, 0x7d, 0xfb, 0x39, 0xf7, 0x8f, 0xd2, 0x1,
    0xdf, 0x80, 0xc, 0xfb, 0x40, 0x0, 0x45, 0xfa,
    0x10, 0x0, 0x1c, 0x90, 0x1, 0x10, 0x0, 0x0,
    0x0, 0x20, 0x0, 0x0, 0x0, 0x0,

    /* U+6587 "文" */
    0x0, 0x0, 0x0, 0x0, 0x55, 0x0, 0x0, 0x0,
    0x0, 0x0, 0x0, 0x0, 0x0, 0xcc, 0x0, 0x0,
    0x0, 0x0, 0x0, 0x0, 0x0, 0x0, 0xcc, 0x0,
    0x0, 0x0, 0x0, 0x1, 0x11, 0x11, 0x11, 0xcc,
    0x11, 0x11, 0x11, 0x10, 0xf, 0xff, 0xff, 0xff,
    0xff, 0xff, 0xff, 0xff, 0xf0, 0x5, 0x55, 0xbf,
    0x55, 0x55, 0x55, 0xec, 0x55, 0x50, 0x0, 0x0,
    0x5f, 0x20, 0x0, 0x1, 0xf7, 0x0, 0x0, 0x0,
    0x0, 0x1f, 0x60, 0x0, 0x5, 0xf3, 0x0, 0x0,
    0x0, 0x0, 0xc, 0xc0, 0x0, 0xb, 0xe0, 0x0,
    0x0, 0x0, 0x0, 0x6, 0xf3, 0x0, 0x2f, 0x80,
    0x0, 0x0, 0x0, 0x0, 0x0, 0xdc, 0x0, 0xbf,
    0x10, 0x0, 0x0, 0x0, 0x0, 0x0, 0x5f, 0x96,
    0xf7, 0x0, 0x0, 0x0, 0x0, 0x0, 0x0, 0x8,
    0xff, 0xc0, 0x0, 0x0, 0x0, 0x0, 0x0, 0x0,
    0x6, 0xff, 0xa0, 0x0, 0x0, 0x0, 0x0, 0x0,
    0x2, 0xaf, 0xb8, 0xfd, 0x50, 0x0, 0x0, 0x0,
    0x3, 0xaf, 0xf8, 0x0, 0x4e, 0xfc, 0x50, 0x0,
    0x17, 0xcf, 0xfa, 0x20, 0x0, 0x0, 0x7e, 0xfe,
    0x83, 0x5f, 0xe9, 0x20, 0x0, 0x0, 0x0, 0x0,
    0x6c, 0xf7, 0x3, 0x0, 0x0, 0x0, 0x0, 0x0,
    0x0, 0x0, 0x20,

    /* U+65AD "断" */
    0x0, 0x0, 0x0, 0x31, 0x0, 0x0, 0x0, 0x2,
    0x20, 0x0, 0x31, 0x0, 0x1f, 0x50, 0x0, 0x25,
    0x8d, 0xfd, 0x0, 0xf, 0x64, 0x11, 0xf5, 0x6,
    0x2f, 0xfd, 0x94, 0x0, 0x0, 0xf7, 0xea, 0x1f,
    0x51, 0xf6, 0xf7, 0x0, 0x0, 0x0, 0xf, 0x66,
    0xf3, 0xf5, 0x8f, 0x2f, 0x70, 0x0, 0x0, 0x0,
    0xf6, 0xf, 0x8f, 0x6f, 0x91, 0xf7, 0x0, 0x0,
    0x0, 0xf, 0x71, 0x43, 0xf6, 0x42, 0x1f, 0xdb,
    0xbb, 0xbb, 0x0, 0xfb, 0xff, 0xff, 0xff, 0xf7,
    0xfd, 0xce, 0xfc, 0xc0, 0xf, 0x85, 0x9f, 0xf9,
    0x55, 0x3f, 0x60, 0x7f, 0x0, 0x0, 0xf6, 0xb,
    0xdf, 0x7d, 0x11, 0xf6, 0x7, 0xf0, 0x0, 0xf,
    0x65, 0xf7, 0xf5, 0xdb, 0x1f, 0x60, 0x7f, 0x0,
    0x0, 0xf9, 0xfc, 0x1f, 0x54, 0xf5, 0xf6, 0x7,
    0xf0, 0x0, 0xf, 0xfe, 0x21, 0xf5, 0xb, 0x6f,
    0x50, 0x7f, 0x0, 0x0, 0xfb, 0x30, 0x1f, 0x50,
    0x4, 0xf3, 0x7, 0xf0, 0x0, 0xf, 0x60, 0x1,
    0xf5, 0x0, 0x8f, 0x0, 0x7f, 0x0, 0x0, 0xfb,
    0x88, 0x8c, 0x98, 0x8e, 0xb0, 0x7, 0xf0, 0x0,
    0xf, 0xff, 0xff, 0xff, 0xff, 0xf5, 0x0, 0x7f,
    0x0, 0x0, 0xf6, 0x0, 0x0, 0x0, 0x7b, 0x0,
    0x7, 0xf0, 0x0,

    /* U+65E5 "日" */
    0x1f, 0xff, 0xff, 0xff, 0xff, 0xfe, 0x1f, 0xc8,
    0x88, 0x88, 0x88, 0xdf, 0x1f, 0x80, 0x0, 0x0,
    0x0, 0xaf, 0x1f, 0x80, 0x0, 0x0, 0x0, 0xaf,
    0x1f, 0x80, 0x0, 0x0, 0x0, 0xaf, 0x1f, 0x80,
    0x0, 0x0, 0x0, 0xaf, 0x1f, 0xff, 0xff, 0xff,
    0xff, 0xff, 0x1f, 0xb7, 0x77, 0x77, 0x77, 0xcf,
    0x1f, 0x80, 0x0, 0x0, 0x0, 0xaf, 0x1f, 0x80,
    0x0, 0x0, 0x0, 0xaf, 0x1f, 0x80, 0x0, 0x0,
    0x0, 0xaf, 0x1f, 0x80, 0x0, 0x0, 0x0, 0xaf,
    0x1f, 0xff, 0xff, 0xff, 0xff, 0xff, 0x1f, 0xc8,
    0x88, 0x88, 0x88, 0xdf, 0x1f, 0x80, 0x0, 0x0,
    0x0, 0xaf, 0xa, 0x50, 0x0, 0x0, 0x0, 0x58,

    /* U+65E7 "旧" */
    0x9, 0x40, 0x3, 0x88, 0x88, 0x88, 0x88, 0x82,
    0x1f, 0x70, 0x7, 0xff, 0xff, 0xff, 0xff, 0xf5,
    0x1f, 0x70, 0x7, 0xf1, 0x0, 0x0, 0x1, 0xf5,
    0x1f, 0x70, 0x7, 0xf1, 0x0, 0x0, 0x1, 0xf5,
    0x1f, 0x70, 0x7, 0xf1, 0x0, 0x0, 0x1, 0xf5,
    0x1f, 0x70, 0x7, 0xf1, 0x0, 0x0, 0x1, 0xf5,
    0x1f, 0x70, 0x7, 0xf1, 0x0, 0x0, 0x1, 0xf5,
    0x1f, 0x70, 0x7, 0xff, 0xff, 0xff, 0xff, 0xf5,
    0x1f, 0x70, 0x7, 0xf8, 0x88, 0x88, 0x88, 0xf5,
    0x1f, 0x70, 0x7, 0xf1, 0x0, 0x0, 0x1, 0xf5,
    0x1f, 0x70, 0x7, 0xf1, 0x0, 0x0, 0x1, 0xf5,
    0x1f, 0x70, 0x7, 0xf1, 0x0, 0x0, 0x1, 0xf5,
    0x1f, 0x70, 0x7, 0xf1, 0x0, 0x0, 0x1, 0xf5,
    0x1f, 0x70, 0x7, 0xf1, 0x0, 0x0, 0x1, 0xf5,
    0x1f, 0x70, 0x7, 0xff, 0xff, 0xff, 0xff, 0xf5,
    0x1f, 0x70, 0x7, 0xf9, 0x99, 0x99, 0x99, 0xf5,
    0x1f, 0x70, 0x7, 0xf1, 0x0, 0x0, 0x1, 0xf5,

    /* U+65F6 "时" */
    0x0, 0x0, 0x0, 0x0, 0x0, 0x0, 0x7, 0x60,
    0x0, 0x0, 0x0, 0x0, 0x0, 0x0, 0x0, 0xda,
    0x0, 0x0, 0x0, 0x0, 0x0, 0x0, 0x0, 0xd,
    0xa0, 0x7, 0x77, 0x77, 0x40, 0x0, 0x0, 0x0,
    0xda, 0x0, 0xff, 0xff, 0xf9, 0x5, 0x55, 0x55,
    0x5e, 0xc5, 0x4f, 0x90, 0xe, 0x91, 0xff, 0xff,
    0xff, 0xff, 0xfc, 0xf9, 0x0, 0xe9, 0x2, 0x22,
    0x22, 0x2e, 0xb2, 0x1f, 0x90, 0xe, 0x90, 0x2,
    0x0, 0x0, 0xda, 0x0, 0xfb, 0x55, 0xf9, 0x7,
    0xf5, 0x0, 0xd, 0xa0, 0xf, 0xff, 0xff, 0x90,
    0xb, 0xf3, 0x0, 0xda, 0x0, 0xf9, 0x11, 0xe9,
    0x0, 0xd, 0xd0, 0xd, 0xa0, 0xf, 0x90, 0xe,
    0x90, 0x0, 0x4f, 0x60, 0xda, 0x0, 0xf9, 0x0,
    0xe9, 0x0, 0x0, 0xa3, 0xd, 0xa0, 0xf, 0xa4,
    0x4f, 0x90, 0x0, 0x0, 0x0, 0xda, 0x0, 0xff,
    0xff, 0xf9, 0x0, 0x0, 0x0, 0xd, 0xa0, 0xf,
    0xa3, 0x3f, 0x90, 0x0, 0x0, 0x0, 0xda, 0x0,
    0xa6, 0x0, 0xa6, 0x0, 0x0, 0x4, 0x4e, 0xa0,
    0x0, 0x0, 0x0, 0x0, 0x0, 0x0, 0x9f, 0xf4,
    0x0,

    /* U+660E "明" */
    0x0, 0x0, 0x0, 0x0, 0xbb, 0xbb, 0xbb, 0xb5,
    0x78, 0x88, 0x88, 0x1, 0xfd, 0xbb, 0xbc, 0xf7,
    0xef, 0xff, 0xff, 0x11, 0xf7, 0x0, 0x1, 0xf7,
    0xe9, 0x0, 0x8f, 0x11, 0xf7, 0x0, 0x1, 0xf7,
    0xe9, 0x0, 0x8f, 0x11, 0xf9, 0x44, 0x45, 0xf7,
    0xeb, 0x44, 0xaf, 0x11, 0xff, 0xff, 0xff, 0xf7,
    0xef, 0xff, 0xff, 0x11, 0xf8, 0x22, 0x23, 0xf7,
    0xea, 0x33, 0x8f, 0x11, 0xf7, 0x0, 0x1, 0xf7,
    0xe9, 0x0, 0x7f, 0x11, 0xf7, 0x0, 0x1, 0xf7,
    0xe9, 0x0, 0x7f, 0x12, 0xfb, 0x77, 0x78, 0xf7,
    0xec, 0x88, 0xbf, 0x13, 0xff, 0xff, 0xff, 0xf7,
    0xef, 0xff, 0xff, 0x16, 0xf4, 0x0, 0x1, 0xf7,
    0xe9, 0x0, 0x37, 0xa, 0xf0, 0x0, 0x1, 0xf7,
    0x0, 0x0, 0x0, 0x2f, 0xa0, 0x0, 0x1, 0xf7,
    0x0, 0x0, 0x1, 0xdf, 0x20, 0x0, 0x1, 0xf7,
    0x0, 0x0, 0x1d, 0xf5, 0x0, 0x5, 0x79, 0xf6,
    0x0, 0x0, 0xbf, 0x50, 0x0, 0x6, 0xff, 0xc1,
    0x0, 0x0, 0x12, 0x0, 0x0, 0x0, 0x0, 0x0,

    /* U+6628 "昨" */
    0x0, 0x0, 0x0, 0x0, 0x36, 0x0, 0x0, 0x0,
    0x0, 0x0, 0x0, 0x0, 0x0, 0x7f, 0x0, 0x0,
    0x0, 0x0, 0x8e, 0xee, 0xed, 0x0, 0xae, 0x0,
    0x0, 0x0, 0x0, 0x9f, 0x99, 0xdf, 0x0, 0xfe,
    0x88, 0x88, 0x88, 0x81, 0x9e, 0x0, 0x9f, 0x5,
    0xff, 0xff, 0xff, 0xff, 0xf2, 0x9e, 0x0, 0x9f,
    0xd, 0xe8, 0xf1, 0x0, 0x0, 0x0, 0x9e, 0x0,
    0x9f, 0x7f, 0x78, 0xf1, 0x0, 0x0, 0x0, 0x9f,
    0xff, 0xff, 0xfd, 0x8, 0xf8, 0x88, 0x87, 0x0,
    0x9f, 0x55, 0xbf, 0x82, 0x8, 0xff, 0xff, 0xfe,
    0x0, 0x9e, 0x0, 0x9f, 0x0, 0x8, 0xf1, 0x0,
    0x0, 0x0, 0x9e, 0x0, 0x9f, 0x0, 0x8, 0xf1,
    0x0, 0x0, 0x0, 0x9e, 0x0, 0x9f, 0x0, 0x8,
    0xf4, 0x33, 0x33, 0x10, 0x9f, 0xff, 0xff, 0x0,
    0x8, 0xff, 0xff, 0xff, 0x50, 0x9f, 0x88, 0xcf,
    0x0, 0x8, 0xf4, 0x33, 0x33, 0x10, 0x9e, 0x0,
    0x9f, 0x0, 0x8, 0xf1, 0x0, 0x0, 0x0, 0x0,
    0x0, 0x0, 0x0, 0x8, 0xf1, 0x0, 0x0, 0x0,
    0x0, 0x0, 0x0, 0x0, 0x8, 0xf1, 0x0, 0x0,
    0x0, 0x0, 0x0, 0x0, 0x0, 0x8, 0xf1, 0x0,
    0x0, 0x0,

    /* U+662F "是" */
    0x0, 0x5, 0xff, 0xff, 0xff, 0xff, 0xff, 0x90,
    0x0, 0x0, 0x0, 0x5f, 0x98, 0x88, 0x88, 0x88,
    0xfa, 0x0, 0x0, 0x0, 0x5, 0xf4, 0x11, 0x11,
    0x11, 0x1f, 0xa0, 0x0, 0x0, 0x0, 0x5f, 0xff,
    0xff, 0xff, 0xff, 0xfa, 0x0, 0x0, 0x0, 0x5,
    0xf7, 0x55, 0x55, 0x55, 0x5f, 0xa0, 0x0, 0x0,
    0x0, 0x5f, 0x75, 0x55, 0x55, 0x55, 0xfa, 0x0,
    0x0, 0x0, 0x5, 0xff, 0xff, 0xff, 0xff, 0xff,
    0xa0, 0x0, 0x0, 0x0, 0x1, 0x11, 0x11, 0x11,
    0x11, 0x11, 0x0, 0x0, 0xf, 0xff, 0xff, 0xff,
    0xff, 0xff, 0xff, 0xff, 0xf5, 0x0, 0x88, 0x88,
    0x88, 0x8d, 0xf8, 0x88, 0x88, 0x88, 0x20, 0x0,
    0x5, 0xc1, 0x0, 0xaf, 0x0, 0x0, 0x0, 0x0,
    0x0, 0x0, 0x7f, 0x10, 0xa, 0xff, 0xff, 0xff,
    0xc0, 0x0, 0x0, 0xa, 0xf9, 0x0, 0xaf, 0x88,
    0x88, 0x86, 0x0, 0x0, 0x1, 0xfd, 0xfb, 0x1a,
    0xf0, 0x0, 0x0, 0x0, 0x0, 0x0, 0xbf, 0x24,
    0xef, 0xef, 0x10, 0x0, 0x0, 0x11, 0x1, 0xbf,
    0x70, 0x1, 0x9f, 0xff, 0xff, 0xff, 0xff, 0xe0,
    0x5f, 0x70, 0x0, 0x0, 0x4, 0x67, 0x77, 0x77,
    0x73, 0x0, 0x20, 0x0, 0x0, 0x0, 0x0, 0x0,
    0x0, 0x0, 0x0,

    /* U+663E "显" */
    0x0, 0x4, 0x88, 0x88, 0x88, 0x88, 0x88, 0x10,
    0x0, 0x0, 0x9, 0xff, 0xff, 0xff, 0xff, 0xff,
    0x30, 0x0, 0x0, 0x9, 0xf0, 0x0, 0x0, 0x0,
    0x5f, 0x30, 0x0, 0x0, 0x9, 0xff, 0xff, 0xff,
    0xff, 0xff, 0x30, 0x0, 0x0, 0x9, 0xf8, 0x88,
    0x88, 0x88, 0xaf, 0x30, 0x0, 0x0, 0x9, 0xf0,
    0x0, 0x0, 0x0, 0x5f, 0x30, 0x0, 0x0, 0x9,
    0xff, 0xff, 0xff, 0xff, 0xff, 0x30, 0x0, 0x0,
    0x4, 0x88, 0x88, 0x88, 0x88, 0x88, 0x10, 0x0,
    0x0, 0x0, 0x0, 0x75, 0x1, 0x83, 0x0, 0x0,
    0x0, 0xb, 0x90, 0x0, 0xea, 0x2, 0xf6, 0x0,
    0x5d, 0x0, 0x6, 0xf7, 0x0, 0xea, 0x2, 0xf6,
    0x0, 0xdc, 0x0, 0x0, 0x9f, 0x30, 0xea, 0x2,
    0xf6, 0x6, 0xf4, 0x0, 0x0, 0x1e, 0xc0, 0xea,
    0x2, 0xf6, 0x3f, 0xb0, 0x0, 0x0, 0x7, 0xf2,
    0xea, 0x2, 0xf6, 0xde, 0x10, 0x0, 0x12, 0x23,
    0x42, 0xea, 0x23, 0xf7, 0x34, 0x22, 0x20, 0xff,
    0xff, 0xff, 0xff, 0xff, 0xff, 0xff, 0xff, 0xf6,
    0x55, 0x55, 0x55, 0x55, 0x55, 0x55, 0x55, 0x55,
    0x52,

    /* U+6674 "晴" */
    0x0, 0x0, 0x0, 0x0, 0x0, 0xb, 0x60, 0x0,
    0x0, 0x13, 0x33, 0x31, 0x2, 0x22, 0x2f, 0x92,
    0x22, 0x20, 0x8f, 0xff, 0xf8, 0x5f, 0xff, 0xff,
    0xff, 0xff, 0xe0, 0x8f, 0x44, 0xf8, 0x14, 0x44,
    0x4f, 0xa4, 0x44, 0x30, 0x8f, 0x0, 0xf8, 0x1,
    0xff, 0xff, 0xff, 0xfd, 0x0, 0x8f, 0x0, 0xf8,
    0x0, 0x66, 0x6f, 0xb6, 0x65, 0x0, 0x8f, 0x22,
    0xf8, 0x88, 0x88, 0x8f, 0xc8, 0x88, 0x86, 0x8f,
    0xff, 0xf8, 0xff, 0xff, 0xff, 0xff, 0xff, 0xfb,
    0x8f, 0x44, 0xf8, 0x1, 0x44, 0x44, 0x44, 0x44,
    0x0, 0x8f, 0x0, 0xf8, 0x5, 0xff, 0xff, 0xff,
    0xff, 0x0, 0x8f, 0x0, 0xf8, 0x5, 0xf3, 0x11,
    0x11, 0x7f, 0x0, 0x8f, 0x0, 0xf8, 0x5, 0xff,
    0xff, 0xff, 0xff, 0x0, 0x8f, 0xff, 0xf8, 0x5,
    0xf7, 0x66, 0x66, 0xaf, 0x0, 0x8f, 0x88, 0xf8,
    0x5, 0xf5, 0x33, 0x33, 0x8f, 0x0, 0x8f, 0x0,
    0xa6, 0x5, 0xff, 0xff, 0xff, 0xff, 0x0, 0x1,
    0x0, 0x0, 0x5, 0xf5, 0x33, 0x33, 0x9f, 0x0,
    0x0, 0x0, 0x0, 0x5, 0xf2, 0x0, 0x45, 0xbf,
    0x0, 0x0, 0x0, 0x0, 0x5, 0xf2, 0x0, 0x8f,
    0xf7, 0x0,

    /* U+6700 "最" */
    0x0, 0x0, 0x77, 0x77, 0x77, 0x77, 0x77, 0x71,
    0x0, 0x0, 0x0, 0x1f, 0xff, 0xff, 0xff, 0xff,
    0xff, 0x40, 0x0, 0x0, 0x1, 0xf8, 0x44, 0x44,
    0x44, 0x47, 0xf4, 0x0, 0x0, 0x0, 0x1f, 0xff,
    0xff, 0xff, 0xff, 0xff, 0x40, 0x0, 0x0, 0x1,
    0xf8, 0x33, 0x33, 0x33, 0x36, 0xf4, 0x0, 0x0,
    0x0, 0x1f, 0xff, 0xff, 0xff, 0xff, 0xff, 0x40,
    0x0, 0x4, 0x55, 0x77, 0x77, 0x77, 0x77, 0x77,
    0x75, 0x55, 0x0, 0xdf, 0xff, 0xff, 0xff, 0xff,
    0xff, 0xff, 0xff, 0xf1, 0x0, 0x1f, 0x70, 0x0,
    0x9f, 0x25, 0x55, 0x55, 0x51, 0x0, 0x0, 0xff,
    0xff, 0xff, 0xf7, 0xff, 0xff, 0xff, 0x0, 0x0,
    0xf, 0xb7, 0x77, 0xcf, 0x18, 0xf2, 0x2c, 0xb0,
    0x0, 0x0, 0xfa, 0x55, 0x5b, 0xf0, 0x2f, 0x52,
    0xf5, 0x0, 0x0, 0xf, 0xff, 0xff, 0xff, 0x0,
    0xad, 0xce, 0x0, 0x0, 0x0, 0xf7, 0x0, 0x1a,
    0xf0, 0x1, 0xff, 0x50, 0x0, 0x5, 0x7f, 0xdc,
    0xef, 0xff, 0x0, 0x9f, 0xfc, 0x20, 0x0, 0xae,
    0xc9, 0x75, 0x29, 0xf4, 0xdf, 0x52, 0xdf, 0x91,
    0x0, 0x0, 0x0, 0x0, 0x9f, 0x7c, 0x20, 0x0,
    0x7b, 0x10, 0x0, 0x0, 0x0, 0x0, 0x0, 0x0,
    0x0, 0x0, 0x0,

    /* U+6708 "月" */
    0x0, 0x0, 0x8, 0x88, 0x88, 0x88, 0x88, 0x70,
    0x0, 0x1, 0xff, 0xff, 0xff, 0xff, 0xfe, 0x0,
    0x0, 0x1f, 0x80, 0x0, 0x0, 0xb, 0xe0, 0x0,
    0x1, 0xf8, 0x0, 0x0, 0x0, 0xbe, 0x0, 0x0,
    0x1f, 0x81, 0x11, 0x11, 0x1b, 0xe0, 0x0, 0x1,
    0xff, 0xff, 0xff, 0xff, 0xfe, 0x0, 0x0, 0x1f,
    0xb6, 0x66, 0x66, 0x6d, 0xe0, 0x0, 0x1, 0xf8,
    0x0, 0x0, 0x0, 0xbe, 0x0, 0x0, 0x1f, 0x80,
    0x0, 0x0, 0xb, 0xe0, 0x0, 0x1, 0xfb, 0x77,
    0x77, 0x77, 0xde, 0x0, 0x0, 0x2f, 0xff, 0xff,
    0xff, 0xff, 0xe0, 0x0, 0x5, 0xf5, 0x0, 0x0,
    0x0, 0xbe, 0x0, 0x0, 0xcf, 0x0, 0x0, 0x0,
    0xb, 0xe0, 0x0, 0x5f, 0x80, 0x0, 0x0, 0x0,
    0xbe, 0x0, 0x2f, 0xd0, 0x0, 0x0, 0x0, 0xb,
    0xe0, 0x3e, 0xf3, 0x0, 0x0, 0x6, 0x88, 0xee,
    0xe, 0xf4, 0x0, 0x0, 0x0, 0x6f, 0xff, 0x70,
    0x33, 0x0, 0x0, 0x0, 0x0, 0x0, 0x0,

    /* U+670D "服" */
    0x1, 0x88, 0x88, 0x84, 0x8, 0x88, 0x88, 0x88,
    0x70, 0x0, 0x3f, 0xff, 0xff, 0x81, 0xff, 0xff,
    0xff, 0xfd, 0x0, 0x3, 0xf5, 0x0, 0xf8, 0x1f,
    0x60, 0x0, 0xd, 0xb0, 0x0, 0x3f, 0x50, 0xf,
    0x81, 0xf6, 0x0, 0x0, 0xf9, 0x0, 0x3, 0xf6,
    0x22, 0xf8, 0x1f, 0x60, 0x99, 0x9f, 0x50, 0x0,
    0x3f, 0xff, 0xff, 0x81, 0xf6, 0x8, 0xee, 0x90,
    0x0, 0x3, 0xf8, 0x55, 0xf8, 0x1f, 0x70, 0x0,
    0x0, 0x0, 0x0, 0x3f, 0x50, 0xf, 0x81, 0xff,
    0xff, 0xff, 0xfe, 0x0, 0x3, 0xf5, 0x0, 0xf8,
    0x1f, 0xad, 0xd7, 0x7d, 0xb0, 0x0, 0x3f, 0xa7,
    0x7f, 0x81, 0xf6, 0x9e, 0x0, 0xf8, 0x0, 0x3,
    0xff, 0xff, 0xf8, 0x1f, 0x65, 0xf3, 0x4f, 0x40,
    0x0, 0x4f, 0x30, 0xf, 0x81, 0xf6, 0xf, 0xaa,
    0xe0, 0x0, 0x5, 0xf2, 0x0, 0xf8, 0x1f, 0x60,
    0x9f, 0xf8, 0x0, 0x0, 0x8e, 0x0, 0xf, 0x81,
    0xf6, 0x1, 0xff, 0x20, 0x0, 0xd, 0xa0, 0x0,
    0xf8, 0x1f, 0x60, 0x6f, 0xfc, 0x20, 0x4, 0xf4,
    0x38, 0x9f, 0x81, 0xf6, 0x5f, 0xa4, 0xef, 0x60,
    0x9a, 0x2, 0xff, 0xd2, 0x1f, 0x9e, 0x70, 0x1,
    0x99, 0x0, 0x0, 0x0, 0x0, 0x0, 0x0, 0x0,
    0x0, 0x0, 0x0,

    /* U+671F "期" */
    0x0, 0x38, 0x0, 0x2, 0x92, 0x0, 0x0, 0x0,
    0x0, 0x0, 0x6f, 0x10, 0x3, 0xf4, 0x7, 0x99,
    0x99, 0x90, 0x6, 0xaf, 0x76, 0x68, 0xf9, 0x5b,
    0xfd, 0xde, 0xf1, 0x2f, 0xff, 0xff, 0xff, 0xff,
    0xeb, 0xb0, 0x7, 0xf1, 0x1, 0x7f, 0x21, 0x14,
    0xf5, 0x1b, 0xb0, 0x7, 0xf1, 0x0, 0x6f, 0x88,
    0x89, 0xf4, 0xb, 0xd8, 0x8b, 0xf1, 0x0, 0x6f,
    0xff, 0xff, 0xf4, 0xb, 0xff, 0xff, 0xf1, 0x0,
    0x6f, 0x10, 0x3, 0xf4, 0xb, 0xb0, 0x7, 0xf1,
    0x0, 0x6f, 0x88, 0x89, 0xf4, 0xb, 0xb0, 0x7,
    0xf1, 0x0, 0x6f, 0xff, 0xff, 0xf4, 0xb, 0xb0,
    0x7, 0xf1, 0x0, 0x6f, 0x10, 0x3, 0xf4, 0xb,
    0xfd, 0xde, 0xf1, 0x17, 0xaf, 0x87, 0x79, 0xf9,
    0x6c, 0xd8, 0x8b, 0xf1, 0x3f, 0xff, 0xff, 0xff,
    0xff, 0xed, 0x90, 0x7, 0xf1, 0x0, 0x1, 0x80,
    0x17, 0x0, 0xf, 0x70, 0x7, 0xf1, 0x0, 0xb,
    0xe0, 0x7f, 0xc1, 0x3f, 0x40, 0x7, 0xf1, 0x0,
    0x8f, 0x50, 0x4, 0xfc, 0x9f, 0x10, 0x7, 0xf1,
    0x9, 0xf8, 0x0, 0x0, 0x59, 0xeb, 0x4, 0x8c,
    0xf0, 0x4f, 0x80, 0x0, 0x0, 0x4, 0xf4, 0x5,
    0xfe, 0x70, 0x1, 0x0, 0x0, 0x0, 0x0, 0x20,
    0x0, 0x0, 0x0,

    /* U+672A "未" */
    0x0, 0x0, 0x0, 0x0, 0x1, 0x0, 0x0, 0x0,
    0x0, 0x0, 0x0, 0x0, 0x0, 0xaf, 0x0, 0x0,
    0x0, 0x0, 0x0, 0x0, 0x0, 0x0, 0xaf, 0x0,
    0x0, 0x0, 0x0, 0x0, 0x0, 0x0, 0x0, 0xaf,
    0x0, 0x0, 0x0, 0x0, 0x0, 0x4f, 0xff, 0xff,
    0xff, 0xff, 0xff, 0xf8, 0x0, 0x0, 0x28, 0x88,
    0x88, 0xdf, 0x88, 0x88, 0x84, 0x0, 0x0, 0x0,
    0x0, 0x0, 0xaf, 0x0, 0x0, 0x0, 0x0, 0x0,
    0x0, 0x0, 0x0, 0xaf, 0x0, 0x0, 0x0, 0x0,
    0x2, 0x33, 0x33, 0x33, 0xbf, 0x33, 0x33, 0x33,
    0x30, 0x9, 0xff, 0xff, 0xff, 0xff, 0xff, 0xff,
    0xff, 0xf0, 0x2, 0x33, 0x33, 0x9f, 0xef, 0xec,
    0x33, 0x33, 0x30, 0x0, 0x0, 0x2, 0xfb, 0x8f,
    0x6f, 0x40, 0x0, 0x0, 0x0, 0x0, 0x2e, 0xe1,
    0x8f, 0xc, 0xe2, 0x0, 0x0, 0x0, 0x3, 0xee,
    0x20, 0x8f, 0x1, 0xee, 0x20, 0x0, 0x0, 0x6f,
    0xe2, 0x0, 0x8f, 0x0, 0x3e, 0xf5, 0x0, 0x2b,
    0xfc, 0x10, 0x0, 0x8f, 0x0, 0x1, 0xcf, 0xb3,
    0x4f, 0x70, 0x0, 0x0, 0x8f, 0x0, 0x0, 0x6,
    0xea, 0x0, 0x0, 0x0, 0x0, 0x8f, 0x0, 0x0,
    0x0, 0x0, 0x0, 0x0, 0x0, 0x0, 0x8f, 0x0,
    0x0, 0x0, 0x0, 0x0, 0x0, 0x0, 0x0, 0x0,
    0x0, 0x0, 0x0, 0x0,

    /* U+672C "本" */
    0x0, 0x0, 0x0, 0x0, 0x7, 0xe0, 0x0, 0x0,
    0x0, 0x0, 0x0, 0x0, 0x0, 0x0, 0x8, 0xf0,
    0x0, 0x0, 0x0, 0x0, 0x0, 0x0, 0x0, 0x0,
    0x8, 0xf0, 0x0, 0x0, 0x0, 0x0, 0x0, 0x66,
    0x66, 0x66, 0x6b, 0xf6, 0x66, 0x66, 0x65, 0x0,
    0x0, 0xff, 0xff, 0xff, 0xff, 0xff, 0xff, 0xff,
    0xfe, 0x0, 0x0, 0x11, 0x11, 0x17, 0xfc, 0xfb,
    0xe1, 0x11, 0x10, 0x0, 0x0, 0x0, 0x0, 0xd,
    0xc8, 0xf6, 0xf4, 0x0, 0x0, 0x0, 0x0, 0x0,
    0x0, 0x5f, 0x58, 0xf0, 0xeb, 0x0, 0x0, 0x0,
    0x0, 0x0, 0x1, 0xec, 0x8, 0xf0, 0x7f, 0x50,
    0x0, 0x0, 0x0, 0x0, 0xa, 0xf2, 0x8, 0xf0,
    0xd, 0xe1, 0x0, 0x0, 0x0, 0x0, 0x9f, 0x60,
    0x8, 0xf0, 0x3, 0xfc, 0x0, 0x0, 0x0, 0x9,
    0xf8, 0x0, 0x9, 0xf0, 0x0, 0x5f, 0xc1, 0x0,
    0x1, 0xbf, 0x86, 0xff, 0xff, 0xff, 0xff, 0xd5,
    0xfe, 0x30, 0xd, 0xf6, 0x2, 0x66, 0x6b, 0xf6,
    0x66, 0x50, 0x4e, 0xc0, 0x2, 0x30, 0x0, 0x0,
    0x8, 0xf0, 0x0, 0x0, 0x2, 0x10, 0x0, 0x0,
    0x0, 0x0, 0x8, 0xf0, 0x0, 0x0, 0x0, 0x0,
    0x0, 0x0, 0x0, 0x0, 0x8, 0xf0, 0x0, 0x0,
    0x0, 0x0, 0x0, 0x0, 0x0, 0x0, 0x8, 0xf0,
    0x0, 0x0, 0x0, 0x0,

    /* U+673A "机" */
    0x0, 0x3, 0xd3, 0x0, 0x0, 0x0, 0x0, 0x0,
    0x0, 0x0, 0x0, 0x4f, 0x40, 0x0, 0x77, 0x77,
    0x77, 0x0, 0x0, 0x0, 0x4, 0xf4, 0x0, 0x1f,
    0xff, 0xff, 0xf1, 0x0, 0x0, 0x0, 0x4f, 0x40,
    0x1, 0xf7, 0x0, 0x7f, 0x10, 0x0, 0x4f, 0xff,
    0xff, 0xff, 0x1f, 0x70, 0x7, 0xf1, 0x0, 0x2,
    0x88, 0xcf, 0xa8, 0x81, 0xf7, 0x0, 0x7f, 0x10,
    0x0, 0x0, 0xb, 0xf4, 0x0, 0x1f, 0x70, 0x7,
    0xf1, 0x0, 0x0, 0x0, 0xff, 0xc3, 0x1, 0xf7,
    0x0, 0x7f, 0x10, 0x0, 0x0, 0x6f, 0xff, 0xe1,
    0x1f, 0x70, 0x7, 0xf1, 0x0, 0x0, 0xd, 0xff,
    0x8f, 0x81, 0xf7, 0x0, 0x7f, 0x10, 0x0, 0x7,
    0xf9, 0xf4, 0xbe, 0x1f, 0x70, 0x7, 0xf1, 0x0,
    0x4, 0xfb, 0x5f, 0x44, 0x21, 0xf7, 0x0, 0x7f,
    0x10, 0x0, 0x9e, 0x15, 0xf4, 0x0, 0x2f, 0x50,
    0x7, 0xf1, 0x0, 0x0, 0x10, 0x5f, 0x40, 0x6,
    0xf3, 0x0, 0x7f, 0x10, 0xb1, 0x0, 0x5, 0xf4,
    0x0, 0xce, 0x0, 0x7, 0xf1, 0x3f, 0x50, 0x0,
    0x5f, 0x40, 0x7f, 0x60, 0x0, 0x7f, 0x17, 0xf1,
    0x0, 0x5, 0xf4, 0x4f, 0xc0, 0x0, 0x6, 0xfe,
    0xfc, 0x0, 0x0, 0x5f, 0x4a, 0xd1, 0x0, 0x0,
    0x7, 0x98, 0x20, 0x0, 0x0, 0x0, 0x0, 0x0,
    0x0, 0x0, 0x0, 0x0, 0x0,

    /* U+6765 "来" */
    0x0, 0x0, 0x0, 0x0, 0xc, 0x60, 0x0, 0x0,
    0x0, 0x0, 0x0, 0x0, 0x0, 0x0, 0xf8, 0x0,
    0x0, 0x0, 0x0, 0x0, 0x55, 0x55, 0x55, 0x6f,
    0xb5, 0x55, 0x55, 0x53, 0x0, 0xe, 0xff, 0xff,
    0xff, 0xff, 0xff, 0xff, 0xff, 0x90, 0x0, 0x11,
    0x95, 0x11, 0x2f, 0x81, 0x11, 0x64, 0x10, 0x0,
    0x0, 0x1b, 0xf5, 0x0, 0xf8, 0x0, 0x2f, 0xb0,
    0x0, 0x0, 0x0, 0xc, 0xf2, 0xf, 0x80, 0x1d,
    0xe1, 0x0, 0x0, 0x0, 0x0, 0x1f, 0x80, 0xf8,
    0xd, 0xf3, 0x0, 0x0, 0x3, 0x55, 0x55, 0x85,
    0x5f, 0xa5, 0x78, 0x55, 0x55, 0x10, 0xaf, 0xff,
    0xff, 0xff, 0xff, 0xff, 0xff, 0xff, 0xf5, 0x1,
    0x22, 0x22, 0x2d, 0xbf, 0xbf, 0x72, 0x22, 0x22,
    0x0, 0x0, 0x0, 0x6, 0xf3, 0xf8, 0x9e, 0x10,
    0x0, 0x0, 0x0, 0x0, 0x4, 0xf9, 0xf, 0x81,
    0xed, 0x10, 0x0, 0x0, 0x0, 0x5, 0xfc, 0x0,
    0xf8, 0x2, 0xed, 0x30, 0x0, 0x0, 0x1a, 0xfb,
    0x0, 0xf, 0x80, 0x3, 0xef, 0x70, 0x0, 0x9f,
    0xf7, 0x0, 0x0, 0xf8, 0x0, 0x1, 0xbf, 0xe5,
    0x7, 0x81, 0x0, 0x0, 0xf, 0x80, 0x0, 0x0,
    0x4b, 0x40, 0x0, 0x0, 0x0, 0x0, 0xf8, 0x0,
    0x0, 0x0, 0x0,

    /* U+67A2 "枢" */
    0x0, 0x4, 0xc1, 0x0, 0x0, 0x0, 0x0, 0x0,
    0x0, 0x0, 0x0, 0x5f, 0x10, 0x14, 0x44, 0x44,
    0x44, 0x44, 0x40, 0x0, 0x5, 0xf1, 0x5, 0xff,
    0xff, 0xff, 0xff, 0xff, 0x0, 0x0, 0x5f, 0x10,
    0x5f, 0x54, 0x33, 0x33, 0x38, 0x30, 0x6, 0x8a,
    0xf9, 0x86, 0xf4, 0xe7, 0x0, 0x4, 0xf3, 0x0,
    0xcf, 0xff, 0xff, 0x8f, 0x2a, 0xf5, 0x0, 0xbc,
    0x0, 0x0, 0x9, 0xf1, 0x5, 0xf2, 0xc, 0xf2,
    0x2f, 0x50, 0x0, 0x0, 0xdf, 0xe4, 0x5f, 0x20,
    0x2f, 0xcb, 0xd0, 0x0, 0x0, 0x2f, 0xfd, 0xe6,
    0xf2, 0x0, 0x5f, 0xf6, 0x0, 0x0, 0x9, 0xff,
    0x3f, 0xdf, 0x20, 0x0, 0xef, 0x20, 0x0, 0x2,
    0xfa, 0xf1, 0x9f, 0xf2, 0x0, 0x8f, 0xfb, 0x0,
    0x0, 0xce, 0x6f, 0x11, 0x5f, 0x20, 0x3f, 0xa7,
    0xf3, 0x0, 0x5f, 0x55, 0xf1, 0x5, 0xf2, 0xd,
    0xe1, 0xd, 0xb0, 0x0, 0x40, 0x5f, 0x10, 0x5f,
    0x2b, 0xf4, 0x0, 0x6f, 0x20, 0x0, 0x5, 0xf1,
    0x5, 0xf7, 0xf6, 0x0, 0x0, 0xf8, 0x0, 0x0,
    0x5f, 0x10, 0x5f, 0x66, 0x44, 0x44, 0x48, 0x52,
    0x0, 0x5, 0xf1, 0x5, 0xff, 0xff, 0xff, 0xff,
    0xff, 0xa0, 0x0, 0x5f, 0x10, 0x5f, 0x42, 0x22,
    0x22, 0x22, 0x21,

    /* U+67E5 "查" */
    0x0, 0x0, 0x0, 0x0, 0x48, 0x0, 0x0, 0x0,
    0x0, 0x0, 0x0, 0x0, 0x0, 0x8, 0xf1, 0x0,
    0x0, 0x0, 0x0, 0x1, 0x22, 0x22, 0x22, 0x9f,
    0x22, 0x22, 0x22, 0x21, 0x0, 0xff, 0xff, 0xff,
    0xff, 0xff, 0xff, 0xff, 0xff, 0x90, 0x4, 0x44,
    0x44, 0x8f, 0xef, 0x58, 0x44, 0x44, 0x42, 0x0,
    0x0, 0x0, 0x3f, 0xb7, 0xf5, 0xfe, 0x70, 0x0,
    0x0, 0x0, 0x0, 0x5f, 0xb0, 0x7f, 0x13, 0xaf,
    0xe5, 0x0, 0x0, 0x1, 0xaf, 0x90, 0x6, 0xd1,
    0x0, 0x2c, 0xfa, 0x10, 0x8, 0xff, 0xff, 0xff,
    0xff, 0xff, 0xff, 0xd7, 0xfe, 0x17, 0xf9, 0x8f,
    0x98, 0x88, 0x88, 0x88, 0xce, 0x3, 0x60, 0x2,
    0x7, 0xf5, 0x33, 0x33, 0x33, 0x3b, 0xe0, 0x0,
    0x0, 0x0, 0x7f, 0xff, 0xff, 0xff, 0xff, 0xfe,
    0x0, 0x0, 0x0, 0x7, 0xf4, 0x22, 0x22, 0x22,
    0x2a, 0xe0, 0x0, 0x0, 0x0, 0x7f, 0xa9, 0x99,
    0x99, 0x99, 0xde, 0x0, 0x0, 0x0, 0x6, 0xdd,
    0xdd, 0xdd, 0xdd, 0xdd, 0xc0, 0x0, 0x0, 0x33,
    0x33, 0x33, 0x33, 0x33, 0x33, 0x33, 0x33, 0x20,
    0x3f, 0xff, 0xff, 0xff, 0xff, 0xff, 0xff, 0xff,
    0xfd, 0x0, 0x44, 0x44, 0x44, 0x44, 0x44, 0x44,
    0x44, 0x44, 0x30,

    /* U+683C "格" */
    0x0, 0x0, 0x8c, 0x0, 0x0, 0x4c, 0x20, 0x0,
    0x0, 0x0, 0x0, 0x0, 0xaf, 0x0, 0x0, 0x8f,
    0x10, 0x0, 0x0, 0x0, 0x0, 0x0, 0xaf, 0x0,
    0x0, 0xdf, 0xcc, 0xcc, 0xa0, 0x0, 0x0, 0x0,
    0xaf, 0x0, 0x4, 0xff, 0xdd, 0xdf, 0x90, 0x0,
    0x3, 0x88, 0xdf, 0x87, 0xc, 0xfd, 0x0, 0x7f,
    0x30, 0x0, 0x5, 0xff, 0xff, 0xfe, 0x6f, 0xbf,
    0x62, 0xfa, 0x0, 0x0, 0x0, 0x0, 0xdf, 0x13,
    0xfd, 0xa, 0xfd, 0xe1, 0x0, 0x0, 0x0, 0x1,
    0xff, 0xe4, 0x71, 0x4, 0xff, 0x50, 0x0, 0x0,
    0x0, 0x6, 0xff, 0xbf, 0x30, 0x7f, 0xdd, 0xf7,
    0x0, 0x0, 0x0, 0xc, 0xff, 0xb, 0x9d, 0xf9,
    0x0, 0x8f, 0xd7, 0x10, 0x0, 0x5f, 0xff, 0xe,
    0xfc, 0x53, 0x33, 0x35, 0xcf, 0xe0, 0x0, 0xdd,
    0x9f, 0x3, 0x29, 0xff, 0xff, 0xff, 0x91, 0x30,
    0xa, 0xf4, 0x9f, 0x0, 0x9, 0xf4, 0x44, 0x4f,
    0x90, 0x0, 0x9, 0x80, 0x9f, 0x0, 0x9, 0xe0,
    0x0, 0xe, 0x90, 0x0, 0x0, 0x0, 0x9f, 0x0,
    0x9, 0xe0, 0x0, 0xe, 0x90, 0x0, 0x0, 0x0,
    0x9f, 0x0, 0x9, 0xf5, 0x55, 0x5f, 0x90, 0x0,
    0x0, 0x0, 0x9f, 0x0, 0x9, 0xff, 0xff, 0xff,
    0x90, 0x0, 0x0, 0x0, 0x9f, 0x0, 0x9, 0xe2,
    0x22, 0x2d, 0x80, 0x0,

    /* U+6848 "案" */
    0x0, 0x0, 0x0, 0x0, 0x8a, 0x0, 0x0, 0x0,
    0x0, 0x0, 0x0, 0x0, 0x0, 0xb, 0xd0, 0x0,
    0x0, 0x0, 0x0, 0xb, 0xff, 0xff, 0xff, 0xff,
    0xff, 0xff, 0xff, 0xe0, 0x0, 0xbe, 0x66, 0x66,
    0x9b, 0x76, 0x66, 0x66, 0xce, 0x0, 0xa, 0xc0,
    0x0, 0x2e, 0xd1, 0x0, 0x0, 0x8, 0xc0, 0x0,
    0xff, 0xff, 0xff, 0xff, 0xff, 0xff, 0xff, 0xff,
    0x40, 0x8, 0x88, 0x9f, 0xe8, 0x88, 0x8b, 0xfe,
    0x88, 0x82, 0x0, 0x0, 0x1d, 0xfc, 0x96, 0x38,
    0xfd, 0x20, 0x0, 0x0, 0x0, 0x3, 0x79, 0xbf,
    0xff, 0xff, 0x61, 0x0, 0x0, 0x0, 0x1, 0x35,
    0x8c, 0xff, 0xaa, 0xef, 0xfc, 0x71, 0x0, 0xa,
    0xff, 0xfc, 0x84, 0x7c, 0x0, 0x27, 0xcf, 0x70,
    0x0, 0x35, 0x32, 0x22, 0x2a, 0xf2, 0x22, 0x22,
    0x32, 0x0, 0xf, 0xff, 0xff, 0xff, 0xff, 0xff,
    0xff, 0xff, 0xf4, 0x0, 0x55, 0x55, 0x6e, 0xfe,
    0xfe, 0xf7, 0x55, 0x55, 0x10, 0x0, 0x0, 0x5d,
    0xf5, 0x9f, 0x1c, 0xf9, 0x20, 0x0, 0x1, 0x59,
    0xef, 0x91, 0x9, 0xf0, 0x6, 0xef, 0xc7, 0x40,
    0x6f, 0xc7, 0x10, 0x0, 0x9f, 0x0, 0x0, 0x4a,
    0xed, 0x0, 0x10, 0x0, 0x0, 0x9, 0xf0, 0x0,
    0x0, 0x0, 0x0,

    /* U+68C0 "检" */
    0x0, 0x0, 0xa6, 0x0, 0x0, 0x3, 0xa0, 0x0,
    0x0, 0x0, 0x0, 0xe, 0x90, 0x0, 0x0, 0x8f,
    0x30, 0x0, 0x0, 0x0, 0x0, 0xe9, 0x0, 0x0,
    0xe, 0xfc, 0x0, 0x0, 0x0, 0x0, 0xe, 0x90,
    0x0, 0x8, 0xf5, 0xf7, 0x0, 0x0, 0x6, 0x77,
    0xec, 0x77, 0x3, 0xf8, 0x8, 0xf4, 0x0, 0x0,
    0xef, 0xff, 0xff, 0xf3, 0xec, 0x0, 0xc, 0xf3,
    0x0, 0x0, 0x2, 0xf9, 0x3, 0xef, 0x42, 0x22,
    0x4e, 0xf4, 0x0, 0x0, 0x6f, 0x93, 0xfd, 0xff,
    0xff, 0xff, 0xed, 0xf5, 0x0, 0xb, 0xff, 0x98,
    0x13, 0x34, 0x33, 0x33, 0x7, 0x0, 0x2, 0xff,
    0xcf, 0x30, 0x9, 0xd0, 0x0, 0x9c, 0x0, 0x0,
    0xad, 0xe9, 0xca, 0xa9, 0x1f, 0x80, 0xe, 0xa0,
    0x0, 0x3f, 0x6e, 0x95, 0x65, 0xf4, 0x7f, 0x14,
    0xf5, 0x0, 0xd, 0xd0, 0xe9, 0x0, 0xc, 0xd0,
    0xe7, 0xae, 0x0, 0x3, 0xf3, 0xe, 0x90, 0x0,
    0x5f, 0x46, 0x4f, 0x80, 0x0, 0x1, 0x0, 0xe9,
    0x0, 0x0, 0xf9, 0x8, 0xf1, 0x0, 0x0, 0x0,
    0xe, 0x90, 0x0, 0x4, 0x2, 0xf9, 0x0, 0x0,
    0x0, 0x0, 0xe9, 0x8f, 0xff, 0xff, 0xff, 0xff,
    0xff, 0x50, 0x0, 0xe, 0x93, 0x66, 0x66, 0x66,
    0x66, 0x66, 0x62,

    /* U+6B21 "次" */
    0x0, 0x0, 0x0, 0x0, 0x2, 0x10, 0x0, 0x0,
    0x0, 0x0, 0x0, 0x30, 0x0, 0x0, 0xc, 0xc0,
    0x0, 0x0, 0x0, 0x0, 0x6, 0xfb, 0x10, 0x0,
    0xf, 0x90, 0x0, 0x0, 0x0, 0x0, 0x0, 0x6f,
    0xd0, 0x0, 0x4f, 0xb8, 0x88, 0x88, 0x87, 0x0,
    0x0, 0x5, 0xfa, 0x0, 0x9f, 0xff, 0xff, 0xff,
    0xfd, 0x0, 0x0, 0x0, 0x98, 0x1, 0xfa, 0x0,
    0x0, 0x1, 0xfa, 0x0, 0x0, 0x0, 0x0, 0x9,
    0xf2, 0x0, 0x0, 0x5, 0xf5, 0x0, 0x0, 0x0,
    0x0, 0x3f, 0xa0, 0xd, 0x70, 0xb, 0xf0, 0x0,
    0x0, 0x0, 0x0, 0xce, 0x10, 0xf, 0x80, 0x5,
    0x60, 0x0, 0x0, 0x0, 0x99, 0x3, 0x0, 0x1f,
    0x70, 0x0, 0x0, 0x0, 0x0, 0x0, 0xda, 0x0,
    0x0, 0x3f, 0x80, 0x0, 0x0, 0x0, 0x0, 0x1,
    0xf6, 0x0, 0x0, 0x7f, 0xe0, 0x0, 0x0, 0x0,
    0x0, 0x7, 0xf1, 0x0, 0x0, 0xed, 0xf7, 0x0,
    0x0, 0x0, 0x0, 0xd, 0xb0, 0x0, 0x8, 0xf6,
    0x9e, 0x10, 0x0, 0x0, 0x0, 0x6f, 0x50, 0x0,
    0x6f, 0xc0, 0x1e, 0xc0, 0x0, 0x0, 0x1, 0xed,
    0x0, 0x8, 0xfd, 0x10, 0x4, 0xfc, 0x20, 0x0,
    0xb, 0xf3, 0x3, 0xcf, 0xa0, 0x0, 0x0, 0x4e,
    0xf8, 0x20, 0x5, 0x70, 0x2f, 0xe5, 0x0, 0x0,
    0x0, 0x1, 0xaf, 0xb0, 0x0, 0x0, 0x4, 0x0,
    0x0, 0x0, 0x0, 0x0, 0x2, 0x10,

    /* U+6B63 "正" */
    0x2, 0x22, 0x22, 0x22, 0x22, 0x22, 0x22, 0x21,
    0x7, 0xff, 0xff, 0xff, 0xff, 0xff, 0xff, 0xff,
    0xa0, 0x25, 0x55, 0x55, 0x59, 0xf7, 0x55, 0x55,
    0x53, 0x0, 0x0, 0x0, 0x0, 0x5f, 0x30, 0x0,
    0x0, 0x0, 0x0, 0x0, 0x0, 0x5, 0xf3, 0x0,
    0x0, 0x0, 0x0, 0x3, 0x60, 0x0, 0x5f, 0x30,
    0x0, 0x0, 0x0, 0x0, 0x8f, 0x0, 0x5, 0xf3,
    0x0, 0x0, 0x0, 0x0, 0x8, 0xf0, 0x0, 0x5f,
    0xa8, 0x88, 0x85, 0x0, 0x0, 0x8f, 0x0, 0x5,
    0xff, 0xff, 0xff, 0xa0, 0x0, 0x8, 0xf0, 0x0,
    0x5f, 0x30, 0x0, 0x0, 0x0, 0x0, 0x8f, 0x0,
    0x5, 0xf3, 0x0, 0x0, 0x0, 0x0, 0x8, 0xf0,
    0x0, 0x5f, 0x30, 0x0, 0x0, 0x0, 0x0, 0x8f,
    0x0, 0x5, 0xf3, 0x0, 0x0, 0x0, 0x0, 0x8,
    0xf0, 0x0, 0x5f, 0x30, 0x0, 0x0, 0x0, 0x55,
    0xbf, 0x55, 0x59, 0xf8, 0x55, 0x55, 0x55, 0x2f,
    0xff, 0xff, 0xff, 0xff, 0xff, 0xff, 0xff, 0xf6,
    0x11, 0x11, 0x11, 0x11, 0x11, 0x11, 0x11, 0x11,
    0x0,

    /* U+6B64 "此" */
    0x0, 0x0, 0x0, 0x7c, 0x0, 0x6, 0xd1, 0x0,
    0x0, 0x0, 0x0, 0x0, 0x9, 0xf1, 0x0, 0x8f,
    0x10, 0x0, 0x0, 0x0, 0x0, 0x0, 0x9f, 0x10,
    0x8, 0xf1, 0x0, 0x0, 0x0, 0x0, 0x10, 0x9,
    0xf1, 0x0, 0x8f, 0x10, 0x0, 0x0, 0x0, 0x1f,
    0x80, 0x9f, 0x10, 0x8, 0xf1, 0x0, 0x76, 0x0,
    0x1, 0xf8, 0x9, 0xf7, 0x77, 0x8f, 0x10, 0x9f,
    0xb0, 0x0, 0x1f, 0x80, 0x9f, 0xff, 0xf8, 0xf6,
    0xdf, 0x90, 0x0, 0x1, 0xf8, 0x9, 0xf1, 0x0,
    0x8f, 0xfe, 0x50, 0x0, 0x0, 0x1f, 0x80, 0x9f,
    0x10, 0x8, 0xf7, 0x0, 0x0, 0x0, 0x1, 0xf8,
    0x9, 0xf1, 0x0, 0x8f, 0x10, 0x0, 0x0, 0x0,
    0x1f, 0x80, 0x9f, 0x10, 0x8, 0xf1, 0x0, 0x0,
    0x0, 0x1, 0xf8, 0x9, 0xf1, 0x0, 0x8f, 0x10,
    0x0, 0x0, 0x0, 0x1f, 0x80, 0x9f, 0x10, 0x58,
    0xf1, 0x0, 0x4, 0x10, 0x1, 0xf8, 0x9, 0xfb,
    0xff, 0x8f, 0x10, 0x0, 0xad, 0x0, 0x1f, 0xa8,
    0xef, 0xfa, 0x48, 0xf1, 0x0, 0xd, 0xa0, 0x38,
    0xff, 0xfc, 0x61, 0x0, 0x7f, 0xa8, 0x8a, 0xf5,
    0xa, 0xfd, 0x71, 0x0, 0x0, 0x1, 0xcf, 0xff,
    0xfc, 0x0, 0x3, 0x0, 0x0, 0x0, 0x0, 0x0,
    0x0, 0x0, 0x0,

    /* U+6BCF "每" */
    0x0, 0x0, 0x4a, 0x10, 0x0, 0x0, 0x0, 0x0,
    0x0, 0x0, 0x0, 0xbf, 0x22, 0x22, 0x22, 0x22,
    0x22, 0x20, 0x0, 0x3, 0xff, 0xff, 0xff, 0xff,
    0xff, 0xff, 0xf6, 0x0, 0xc, 0xe5, 0x55, 0x55,
    0x55, 0x55, 0x55, 0x52, 0x0, 0x9f, 0x61, 0x11,
    0x11, 0x11, 0x11, 0x11, 0x0, 0x7, 0xf8, 0xef,
    0xff, 0xff, 0xff, 0xff, 0xff, 0x0, 0x3f, 0xa0,
    0xfb, 0x6a, 0xb7, 0x66, 0x66, 0xde, 0x0, 0x4,
    0x1, 0xf7, 0x1b, 0xff, 0xb3, 0x0, 0xcc, 0x0,
    0x0, 0x3, 0xf5, 0x0, 0x17, 0xed, 0x0, 0xdb,
    0x0, 0x48, 0x8b, 0xfa, 0x88, 0x88, 0x9a, 0x88,
    0xfd, 0x87, 0x8f, 0xff, 0xff, 0xff, 0xff, 0xff,
    0xff, 0xff, 0xfe, 0x0, 0xa, 0xe0, 0x5f, 0xb6,
    0x0, 0x2, 0xf6, 0x0, 0x0, 0xd, 0xb0, 0x5,
    0xaf, 0xd4, 0x4, 0xf4, 0x0, 0x0, 0xf, 0x80,
    0x0, 0x2, 0xa7, 0x6, 0xf2, 0x0, 0x0, 0x3f,
    0xff, 0xff, 0xff, 0xff, 0xff, 0xff, 0xe0, 0x0,
    0x7f, 0x98, 0x88, 0x88, 0x88, 0x8e, 0xe8, 0x70,
    0x0, 0x14, 0x0, 0x0, 0x9, 0x86, 0x8f, 0xa0,
    0x0, 0x0, 0x0, 0x0, 0x0, 0x8, 0xef, 0xfb,
    0x10, 0x0,

    /* U+6BDB "毛" */
    0x0, 0x0, 0x0, 0x0, 0x0, 0x0, 0x1, 0x50,
    0x0, 0x0, 0x0, 0x0, 0x0, 0x3, 0x69, 0xdf,
    0xf7, 0x0, 0x16, 0x67, 0x8a, 0xcd, 0xff, 0xff,
    0xc7, 0x30, 0x0, 0xc, 0xff, 0xfe, 0xce, 0xf6,
    0x30, 0x0, 0x0, 0x0, 0x1, 0x11, 0x0, 0x9,
    0xe0, 0x0, 0x0, 0x0, 0x0, 0x0, 0x0, 0x0,
    0x9, 0xe0, 0x0, 0x2, 0x40, 0x0, 0x0, 0x0,
    0x24, 0x6c, 0xfb, 0xde, 0xff, 0xf2, 0x0, 0x2,
    0xef, 0xff, 0xff, 0xfc, 0xa9, 0x75, 0x30, 0x0,
    0x1, 0x97, 0x53, 0x19, 0xe0, 0x0, 0x0, 0x0,
    0x0, 0x0, 0x0, 0x0, 0x9, 0xe0, 0x0, 0x0,
    0x0, 0x0, 0x0, 0x0, 0x0, 0x9, 0xf4, 0x57,
    0x9b, 0xce, 0xf0, 0x5, 0x78, 0xac, 0xef, 0xff,
    0xff, 0xfe, 0xca, 0x80, 0x1f, 0xff, 0xdb, 0xad,
    0xf6, 0x42, 0x0, 0x0, 0x32, 0x3, 0x10, 0x0,
    0x9, 0xe0, 0x0, 0x0, 0x0, 0x9e, 0x0, 0x0,
    0x0, 0x9, 0xe0, 0x0, 0x0, 0x0, 0xca, 0x0,
    0x0, 0x0, 0x9, 0xf1, 0x0, 0x0, 0x4, 0xf5,
    0x0, 0x0, 0x0, 0x5, 0xff, 0xff, 0xff, 0xff,
    0xc0, 0x0, 0x0, 0x0, 0x0, 0x47, 0x77, 0x77,
    0x75, 0x0,

    /* U+6C11 "民" */
    0x0, 0x58, 0x88, 0x88, 0x88, 0x88, 0x88, 0x87,
    0x0, 0x0, 0xa, 0xff, 0xff, 0xff, 0xff, 0xff,
    0xff, 0xf0, 0x0, 0x0, 0xae, 0x0, 0x0, 0x0,
    0x0, 0x0, 0xbf, 0x0, 0x0, 0xa, 0xe0, 0x0,
    0x0, 0x0, 0x0, 0xb, 0xf0, 0x0, 0x0, 0xaf,
    0x88, 0x88, 0x88, 0x88, 0x88, 0xdf, 0x0, 0x0,
    0xa, 0xff, 0xff, 0xff, 0xff, 0xff, 0xff, 0xe0,
    0x0, 0x0, 0xae, 0x0, 0x0, 0x9f, 0x0, 0x0,
    0x0, 0x0, 0x0, 0xa, 0xe0, 0x0, 0x8, 0xf0,
    0x0, 0x0, 0x0, 0x0, 0x0, 0xaf, 0x88, 0x88,
    0xbf, 0x98, 0x88, 0x88, 0x83, 0x0, 0xa, 0xff,
    0xff, 0xff, 0xff, 0xff, 0xff, 0xff, 0x60, 0x0,
    0xae, 0x0, 0x0, 0xd, 0xc0, 0x0, 0x0, 0x0,
    0x0, 0xa, 0xe0, 0x0, 0x0, 0x7f, 0x40, 0x0,
    0x0, 0x0, 0x0, 0xae, 0x0, 0x0, 0x0, 0xee,
    0x10, 0x0, 0x43, 0x0, 0xa, 0xe0, 0x0, 0x0,
    0x4, 0xfd, 0x20, 0x8, 0xf0, 0x0, 0xae, 0x3,
    0x69, 0xc1, 0x5, 0xfe, 0x60, 0x9f, 0x4, 0x7d,
    0xff, 0xff, 0xfc, 0x0, 0x4, 0xef, 0xef, 0xc0,
    0x8f, 0xfc, 0x85, 0x20, 0x0, 0x0, 0x1, 0x7d,
    0xf5, 0x0, 0x20, 0x0, 0x0, 0x0, 0x0, 0x0,
    0x0, 0x0, 0x0,

    /* U+6C14 "气" */
    0x0, 0x0, 0x0, 0x0, 0x0, 0x0, 0x0, 0x0,
    0x0, 0x0, 0x0, 0x0, 0x9a, 0x0, 0x0, 0x0,
    0x0, 0x0, 0x0, 0x0, 0x0, 0x0, 0xcc, 0x0,
    0x0, 0x0, 0x0, 0x0, 0x0, 0x0, 0x0, 0x0,
    0xff, 0xff, 0xff, 0xff, 0xff, 0xff, 0xff, 0x20,
    0x0, 0x4, 0xfa, 0x88, 0x88, 0x88, 0x88, 0x88,
    0x88, 0x10, 0x0, 0xa, 0xf0, 0x0, 0x0, 0x0,
    0x0, 0x0, 0x0, 0x0, 0x0, 0x2f, 0xae, 0xff,
    0xff, 0xff, 0xff, 0xff, 0x70, 0x0, 0x0, 0xaf,
    0x27, 0x88, 0x88, 0x88, 0x88, 0x88, 0x40, 0x0,
    0x4, 0xf9, 0x12, 0x22, 0x22, 0x22, 0x22, 0x20,
    0x0, 0x0, 0xe, 0xe1, 0x9f, 0xff, 0xff, 0xff,
    0xff, 0xf4, 0x0, 0x0, 0x5, 0x30, 0x35, 0x55,
    0x55, 0x55, 0x58, 0xf4, 0x0, 0x0, 0x0, 0x0,
    0x0, 0x0, 0x0, 0x0, 0x4, 0xf4, 0x0, 0x0,
    0x0, 0x0, 0x0, 0x0, 0x0, 0x0, 0x3, 0xf5,
    0x0, 0x0, 0x0, 0x0, 0x0, 0x0, 0x0, 0x0,
    0x0, 0xf7, 0x0, 0x0, 0x0, 0x0, 0x0, 0x0,
    0x0, 0x0, 0x0, 0xdb, 0x1, 0x20, 0x0, 0x0,
    0x0, 0x0, 0x0, 0x0, 0x0, 0x9f, 0x15, 0xf2,
    0x0, 0x0, 0x0, 0x0, 0x0, 0x0, 0x0, 0x2f,
    0xa7, 0xf0, 0x0, 0x0, 0x0, 0x0, 0x0, 0x0,
    0x0, 0xa, 0xfe, 0xa0, 0x0, 0x0, 0x0, 0x0,
    0x0, 0x0, 0x0, 0x0, 0xbd, 0x20,

    /* U+6C47 "汇" */
    0x9, 0x70, 0x0, 0x7, 0x77, 0x77, 0x77, 0x77,
    0x50, 0x9, 0xfe, 0x30, 0x1f, 0xff, 0xff, 0xff,
    0xff, 0xa0, 0x0, 0x3e, 0xf2, 0x1f, 0x70, 0x0,
    0x0, 0x0, 0x0, 0x0, 0x1, 0x90, 0x1f, 0x70,
    0x0, 0x0, 0x0, 0x0, 0x69, 0x20, 0x0, 0x1f,
    0x70, 0x0, 0x0, 0x0, 0x0, 0x6e, 0xf6, 0x0,
    0x1f, 0x70, 0x0, 0x0, 0x0, 0x0, 0x0, 0xaf,
    0x70, 0x1f, 0x70, 0x0, 0x0, 0x0, 0x0, 0x0,
    0x7, 0x20, 0x1f, 0x70, 0x0, 0x0, 0x0, 0x0,
    0x0, 0x0, 0x0, 0x1f, 0x70, 0x0, 0x0, 0x0,
    0x0, 0x0, 0x0, 0x82, 0x1f, 0x70, 0x0, 0x0,
    0x0, 0x0, 0x0, 0x3, 0xf4, 0x1f, 0x70, 0x0,
    0x0, 0x0, 0x0, 0x0, 0xa, 0xe0, 0x1f, 0x70,
    0x0, 0x0, 0x0, 0x0, 0x0, 0x3f, 0x70, 0x1f,
    0x70, 0x0, 0x0, 0x0, 0x0, 0x0, 0xce, 0x0,
    0x1f, 0x70, 0x0, 0x0, 0x0, 0x0, 0x8, 0xf6,
    0x0, 0x1f, 0xa7, 0x77, 0x77, 0x77, 0x73, 0x6f,
    0xb0, 0x0, 0x1f, 0xff, 0xff, 0xff, 0xff, 0xf8,
    0x2b, 0x10, 0x0, 0x0, 0x0, 0x0, 0x0, 0x0,
    0x0,

    /* U+6D4B "测" */
    0x0, 0x40, 0x0, 0x0, 0x0, 0x0, 0x0, 0x0,
    0xa6, 0x4, 0xfb, 0x11, 0x66, 0x66, 0x66, 0x0,
    0x0, 0xe9, 0x0, 0x5f, 0xc3, 0xff, 0xff, 0xff,
    0x10, 0x0, 0xe9, 0x0, 0x4, 0xf6, 0xf5, 0x22,
    0x7f, 0x13, 0x70, 0xe9, 0x0, 0x0, 0x12, 0xf3,
    0x43, 0x5f, 0x16, 0xe0, 0xe9, 0x7, 0x70, 0x2,
    0xf3, 0xc9, 0x5f, 0x16, 0xe0, 0xe9, 0x6, 0xfb,
    0x2, 0xf3, 0xc9, 0x5f, 0x16, 0xe0, 0xe9, 0x0,
    0x3f, 0x92, 0xf3, 0xc9, 0x5f, 0x16, 0xe0, 0xe9,
    0x0, 0x4, 0x22, 0xf3, 0xc9, 0x5f, 0x16, 0xe0,
    0xe9, 0x0, 0x0, 0x2, 0xf3, 0xc9, 0x5f, 0x16,
    0xe0, 0xe9, 0x0, 0x0, 0x96, 0xf3, 0xc9, 0x5f,
    0x16, 0xe0, 0xe9, 0x0, 0x0, 0xf8, 0xf3, 0xe8,
    0x5f, 0x16, 0xe0, 0xe9, 0x0, 0x6, 0xf4, 0xf4,
    0xf6, 0x5f, 0x16, 0xe0, 0xe9, 0x0, 0xd, 0xb0,
    0x36, 0xf3, 0x53, 0x6, 0xd0, 0xe9, 0x0, 0x6f,
    0x50, 0xd, 0xc3, 0xf9, 0x0, 0x0, 0xe9, 0x1,
    0xec, 0x0, 0xbf, 0x30, 0x4f, 0x90, 0x0, 0xe9,
    0xc, 0xf3, 0x3d, 0xf5, 0x0, 0x5, 0xf6, 0x56,
    0xf9, 0x3, 0x60, 0x2d, 0x40, 0x0, 0x0, 0x85,
    0x6f, 0xf4, 0x0, 0x0, 0x0, 0x0, 0x0, 0x0,
    0x0, 0x0, 0x0,

    /* U+6D4F "浏" */
    0x0, 0x0, 0x0, 0x1, 0x0, 0x0, 0x0, 0x2,
    0xc2, 0x5, 0xd2, 0x0, 0x2e, 0x50, 0x0, 0x0,
    0x3, 0xf3, 0x3, 0xef, 0x20, 0xb, 0xf2, 0x0,
    0x0, 0x3, 0xf3, 0x0, 0x3f, 0xd0, 0x1, 0xf8,
    0x0, 0x1, 0x3, 0xf3, 0x0, 0x6, 0x81, 0x22,
    0x72, 0x22, 0x2f, 0x43, 0xf3, 0x0, 0x0, 0xd,
    0xff, 0xff, 0xff, 0x4f, 0x43, 0xf3, 0x4, 0x90,
    0x4, 0x55, 0x56, 0xf8, 0x2f, 0x43, 0xf3, 0x6,
    0xfd, 0x10, 0xb7, 0x4, 0xf2, 0x2f, 0x43, 0xf3,
    0x0, 0x3f, 0xc0, 0x8f, 0x47, 0xf0, 0x2f, 0x43,
    0xf3, 0x0, 0x4, 0x40, 0xb, 0xed, 0xb0, 0x2f,
    0x43, 0xf3, 0x0, 0x0, 0x10, 0x2, 0xff, 0x60,
    0x2f, 0x43, 0xf3, 0x0, 0x4, 0xf2, 0x0, 0xaf,
    0x40, 0x2f, 0x43, 0xf3, 0x0, 0x9, 0xe0, 0x1,
    0xff, 0xb0, 0x2f, 0x43, 0xf3, 0x0, 0x1f, 0x80,
    0xb, 0xfa, 0xf3, 0x2f, 0x43, 0xf3, 0x0, 0x8f,
    0x20, 0x8f, 0x61, 0xfa, 0x1a, 0x23, 0xf3, 0x3,
    0xf8, 0x8, 0xf9, 0x0, 0x8a, 0x0, 0x3, 0xf3,
    0xd, 0xd0, 0x2f, 0x90, 0x0, 0x0, 0x3, 0x8a,
    0xf3, 0x2, 0x20, 0x2, 0x0, 0x0, 0x0, 0x3,
    0xff, 0xc0,

    /* U+6D88 "消" */
    0x0, 0x0, 0x0, 0x0, 0x0, 0x4a, 0x0, 0x0,
    0x0, 0x1, 0xb4, 0x0, 0x92, 0x0, 0x7f, 0x10,
    0x1, 0xa1, 0x1, 0xbf, 0x92, 0xdf, 0x30, 0x7f,
    0x10, 0xc, 0xf1, 0x0, 0x9, 0xf7, 0x1c, 0xe1,
    0x7f, 0x10, 0xbf, 0x50, 0x0, 0x0, 0x94, 0x1,
    0xf7, 0x7f, 0x1a, 0xf7, 0x0, 0x6, 0x0, 0x0,
    0x1, 0x31, 0x7f, 0x22, 0x61, 0x0, 0x5f, 0xe5,
    0x0, 0x8f, 0xff, 0xff, 0xff, 0xff, 0x90, 0x1,
    0xbf, 0x60, 0x8f, 0x66, 0x66, 0x66, 0x6f, 0x90,
    0x0, 0x9, 0x50, 0x8f, 0x0, 0x0, 0x0, 0xe,
    0x90, 0x0, 0x0, 0x0, 0x8f, 0xff, 0xff, 0xff,
    0xff, 0x90, 0x0, 0x1, 0xb1, 0x8f, 0x88, 0x88,
    0x88, 0x8f, 0x90, 0x0, 0x5, 0xf1, 0x8f, 0x0,
    0x0, 0x0, 0xe, 0x90, 0x0, 0xa, 0xd0, 0x8f,
    0x33, 0x33, 0x33, 0x3f, 0x90, 0x0, 0x1f, 0x70,
    0x8f, 0xff, 0xff, 0xff, 0xff, 0x90, 0x0, 0xaf,
    0x10, 0x8f, 0x33, 0x33, 0x33, 0x3f, 0x90, 0x3,
    0xf8, 0x0, 0x8f, 0x0, 0x0, 0x0, 0xe, 0x90,
    0x1e, 0xd0, 0x0, 0x8f, 0x0, 0x0, 0x77, 0x7f,
    0x80, 0x2c, 0x20, 0x0, 0x8f, 0x0, 0x0, 0xbf,
    0xfc, 0x20,

    /* U+6DF1 "深" */
    0x0, 0x0, 0x0, 0x0, 0x0, 0x0, 0x0, 0x0,
    0x0, 0x0, 0x4, 0xf9, 0x0, 0xaf, 0xff, 0xff,
    0xff, 0xff, 0xfd, 0x0, 0x1, 0x8f, 0xd1, 0xbe,
    0x88, 0x88, 0x88, 0x88, 0xdd, 0x0, 0x0, 0x4,
    0xf9, 0xbd, 0x6, 0xe2, 0x1f, 0x60, 0xbd, 0x0,
    0x0, 0x0, 0x30, 0xbd, 0xc, 0xe0, 0x1f, 0x60,
    0xbd, 0x0, 0x6, 0x80, 0x0, 0x22, 0x7f, 0x70,
    0x1f, 0x60, 0x29, 0x0, 0x9, 0xfd, 0x20, 0x7,
    0xfc, 0x0, 0x1f, 0xc8, 0x8f, 0x80, 0x0, 0x3e,
    0xe1, 0x5f, 0xd1, 0x4, 0x7a, 0xff, 0xfc, 0x10,
    0x0, 0x3, 0xa0, 0x6, 0x0, 0xa, 0xe0, 0x0,
    0x0, 0x0, 0x0, 0x0, 0x0, 0x77, 0x77, 0x7c,
    0xf7, 0x77, 0x77, 0x10, 0x0, 0x0, 0x70, 0xff,
    0xff, 0xff, 0xff, 0xff, 0xff, 0x30, 0x0, 0x4,
    0xf3, 0x0, 0x9, 0xfb, 0xea, 0xe1, 0x0, 0x0,
    0x0, 0x9, 0xf0, 0x0, 0x1f, 0xaa, 0xe3, 0xf6,
    0x0, 0x0, 0x0, 0xf, 0xa0, 0x0, 0xcf, 0x2a,
    0xe0, 0xaf, 0x30, 0x0, 0x0, 0x7f, 0x40, 0x1c,
    0xf5, 0xa, 0xe0, 0x1d, 0xf5, 0x0, 0x1, 0xec,
    0x8, 0xff, 0x40, 0xa, 0xe0, 0x1, 0xdf, 0xb0,
    0x9, 0xf4, 0x4, 0x91, 0x0, 0xa, 0xe0, 0x0,
    0x7, 0x70, 0x1, 0x60, 0x0, 0x0, 0x0, 0xa,
    0xe0, 0x0, 0x0, 0x0,

    /* U+6E29 "温" */
    0x0, 0x17, 0x0, 0x4, 0x55, 0x55, 0x55, 0x55,
    0x30, 0x0, 0x6, 0xfe, 0x40, 0xdf, 0xff, 0xff,
    0xff, 0xf9, 0x0, 0x0, 0x2, 0xdf, 0x4d, 0xb2,
    0x22, 0x22, 0x2f, 0x90, 0x0, 0x0, 0x1, 0xe5,
    0xdc, 0x44, 0x44, 0x44, 0xf9, 0x0, 0x4, 0x50,
    0x0, 0xd, 0xff, 0xff, 0xff, 0xff, 0x90, 0x0,
    0xcf, 0xd2, 0x0, 0xdb, 0x22, 0x22, 0x22, 0xf9,
    0x0, 0x0, 0x5e, 0xe3, 0xd, 0xb1, 0x11, 0x11,
    0x1f, 0x90, 0x0, 0x0, 0x2d, 0x30, 0xdf, 0xff,
    0xff, 0xff, 0xf9, 0x0, 0x0, 0x0, 0x0, 0x4,
    0x55, 0x55, 0x55, 0x55, 0x30, 0x0, 0x0, 0xd,
    0x45, 0x77, 0x77, 0x77, 0x77, 0x77, 0x40, 0x0,
    0x2, 0xf5, 0xdf, 0xff, 0xff, 0xff, 0xff, 0xf9,
    0x0, 0x0, 0x7f, 0x1d, 0xa0, 0x8f, 0x4, 0xf4,
    0xf, 0x90, 0x0, 0xd, 0xc0, 0xda, 0x8, 0xf0,
    0x4f, 0x40, 0xf9, 0x0, 0x3, 0xf7, 0xd, 0xa0,
    0x8f, 0x4, 0xf4, 0xf, 0x90, 0x0, 0xcf, 0x10,
    0xda, 0x8, 0xf0, 0x4f, 0x40, 0xf9, 0x0, 0x6f,
    0x81, 0x7e, 0xd7, 0xcf, 0x79, 0xf9, 0x7f, 0xc6,
    0xd, 0xd0, 0x2f, 0xff, 0xff, 0xff, 0xff, 0xff,
    0xff, 0xe0, 0x2, 0x0, 0x0, 0x0, 0x0, 0x0,
    0x0, 0x0, 0x0,

    /* U+6E7F "湿" */
    0x0, 0x0, 0x0, 0x0, 0x0, 0x0, 0x0, 0x0,
    0x0, 0x0, 0x5, 0xd4, 0x0, 0x27, 0x77, 0x77,
    0x77, 0x77, 0x20, 0x0, 0x3c, 0xf8, 0x4, 0xff,
    0xff, 0xff, 0xff, 0xf5, 0x0, 0x0, 0x8, 0xf5,
    0x4f, 0x30, 0x0, 0x0, 0x3f, 0x50, 0x0, 0x0,
    0x5, 0x4, 0xf9, 0x88, 0x88, 0x89, 0xf5, 0x0,
    0x4a, 0x20, 0x0, 0x4f, 0xff, 0xff, 0xff, 0xff,
    0x50, 0x3, 0xdf, 0x70, 0x4, 0xf3, 0x0, 0x0,
    0x3, 0xf5, 0x0, 0x0, 0x8f, 0x20, 0x4f, 0xff,
    0xff, 0xff, 0xff, 0x50, 0x0, 0x0, 0x20, 0x2,
    0x88, 0x88, 0x88, 0x88, 0x82, 0x0, 0x0, 0x0,
    0x0, 0x0, 0x2a, 0x30, 0x69, 0x0, 0x0, 0x0,
    0x0, 0x62, 0xb7, 0x3, 0xf5, 0xa, 0xe0, 0xc,
    0x40, 0x0, 0xe, 0x97, 0xf2, 0x3f, 0x50, 0xae,
    0x3, 0xf3, 0x0, 0x4, 0xf4, 0xe, 0xa3, 0xf5,
    0xa, 0xe0, 0x9e, 0x0, 0x0, 0xbe, 0x0, 0x8f,
    0x4f, 0x50, 0xae, 0x1f, 0x80, 0x0, 0x4f, 0x70,
    0x2, 0xf8, 0xf5, 0xa, 0xe9, 0xf1, 0x0, 0x1e,
    0xe0, 0x3, 0x36, 0x5f, 0x73, 0xbe, 0x37, 0x32,
    0xb, 0xf4, 0x0, 0xff, 0xff, 0xff, 0xff, 0xff,
    0xff, 0xa0, 0x37, 0x0, 0x3, 0x44, 0x44, 0x44,
    0x44, 0x44, 0x42,

    /* U+6E90 "源" */
    0x0, 0x77, 0x0, 0x78, 0x88, 0x88, 0x88, 0x88,
    0x88, 0x20, 0x9, 0xfb, 0xe, 0xff, 0xff, 0xff,
    0xff, 0xff, 0xf4, 0x0, 0x4, 0xf7, 0xe9, 0x0,
    0x0, 0xdb, 0x0, 0x0, 0x0, 0x0, 0x4, 0xe,
    0x96, 0xff, 0xff, 0xff, 0xff, 0x10, 0xb, 0xc1,
    0x0, 0xe9, 0x7f, 0x88, 0x88, 0x8b, 0xf1, 0x0,
    0x4e, 0xd1, 0xe, 0x97, 0xf5, 0x44, 0x44, 0x9f,
    0x10, 0x0, 0x2f, 0x80, 0xe9, 0x7f, 0xff, 0xff,
    0xff, 0xf1, 0x0, 0x0, 0x40, 0xe, 0x97, 0xf4,
    0x33, 0x33, 0x9f, 0x10, 0x0, 0x1, 0x10, 0xe9,
    0x7f, 0x44, 0x44, 0x49, 0xf1, 0x0, 0x0, 0x6f,
    0x1f, 0x97, 0xff, 0xff, 0xff, 0xff, 0x10, 0x0,
    0x9, 0xe0, 0xf8, 0x14, 0x53, 0xbf, 0x37, 0x30,
    0x0, 0x0, 0xea, 0x2f, 0x70, 0x8f, 0x1a, 0xe2,
    0xeb, 0x0, 0x0, 0x3f, 0x56, 0xf4, 0x2f, 0x80,
    0xae, 0x3, 0xf8, 0x0, 0xb, 0xe0, 0xbf, 0x3e,
    0xc0, 0xa, 0xe0, 0x8, 0xf2, 0x5, 0xf7, 0x2f,
    0xac, 0xd1, 0x0, 0xae, 0x0, 0x1f, 0x60, 0xed,
    0xb, 0xf3, 0x1, 0x7, 0x7e, 0xe0, 0x0, 0x10,
    0x1, 0x20, 0x89, 0x0, 0x0, 0xdf, 0xf8, 0x0,
    0x0, 0x0, 0x0, 0x0, 0x0, 0x0, 0x0, 0x0,
    0x0, 0x0, 0x0,

    /* U+6EA2 "溢" */
    0x0, 0x0, 0x0, 0x24, 0x0, 0x0, 0x0, 0x43,
    0x0, 0x0, 0x6a, 0x10, 0x9, 0xfa, 0x0, 0x0,
    0x1e, 0xc0, 0x0, 0x6, 0xfe, 0x30, 0x5, 0xfb,
    0x0, 0xc, 0xf2, 0x0, 0x0, 0x2, 0xef, 0x20,
    0x5, 0xf4, 0x8, 0xf4, 0x0, 0x0, 0x0, 0x2,
    0xa7, 0x88, 0x8a, 0x88, 0x8b, 0x88, 0x84, 0x8,
    0xc2, 0x0, 0xcf, 0xff, 0xff, 0xff, 0xff, 0xff,
    0x80, 0x4e, 0xe2, 0x0, 0x0, 0x28, 0x0, 0x6a,
    0x0, 0x0, 0x0, 0x1e, 0xd1, 0x0, 0x2d, 0xe1,
    0x4, 0xfa, 0x0, 0x0, 0x0, 0x39, 0x0, 0x5e,
    0xe3, 0x0, 0x6, 0xfd, 0x30, 0x0, 0x0, 0x3,
    0xdf, 0xb1, 0x0, 0x0, 0x4, 0xef, 0x90, 0x0,
    0xe, 0x59, 0x87, 0x77, 0x77, 0x77, 0x77, 0x95,
    0x0, 0x4, 0xf4, 0x9, 0xff, 0xff, 0xff, 0xff,
    0xf4, 0x0, 0x0, 0x9f, 0x0, 0x9e, 0xd, 0xb0,
    0xf8, 0x3f, 0x40, 0x0, 0xe, 0xa0, 0x9, 0xe0,
    0xdb, 0xf, 0x83, 0xf4, 0x0, 0x6, 0xf4, 0x0,
    0x9e, 0xd, 0xb0, 0xf8, 0x3f, 0x40, 0x1, 0xec,
    0x0, 0x9, 0xe0, 0xdb, 0xf, 0x83, 0xf4, 0x0,
    0x9f, 0x30, 0x9f, 0xff, 0xff, 0xff, 0xff, 0xff,
    0xfe, 0x1, 0x50, 0x4, 0x77, 0x77, 0x77, 0x77,
    0x77, 0x77, 0x60,

    /* U+706F "灯" */
    0x0, 0x0, 0x66, 0x0, 0x0, 0x0, 0x0, 0x0,
    0x0, 0x0, 0x0, 0xd, 0xc0, 0x27, 0x77, 0x77,
    0x77, 0x77, 0x77, 0x0, 0x0, 0xdc, 0x4, 0xff,
    0xff, 0xff, 0xff, 0xff, 0xe0, 0x0, 0xd, 0xc0,
    0x0, 0x0, 0x5, 0xf6, 0x0, 0x0, 0x0, 0x84,
    0xdc, 0x18, 0x0, 0x0, 0x4f, 0x60, 0x0, 0x0,
    0xe, 0x9d, 0xcc, 0xf2, 0x0, 0x4, 0xf6, 0x0,
    0x0, 0x1, 0xf8, 0xdf, 0xf5, 0x0, 0x0, 0x4f,
    0x60, 0x0, 0x0, 0x6f, 0x5d, 0xe3, 0x0, 0x0,
    0x4, 0xf6, 0x0, 0x0, 0xc, 0xf0, 0xdc, 0x0,
    0x0, 0x0, 0x4f, 0x60, 0x0, 0x0, 0x2, 0xe,
    0xc0, 0x0, 0x0, 0x4, 0xf6, 0x0, 0x0, 0x0,
    0x0, 0xfb, 0x0, 0x0, 0x0, 0x4f, 0x60, 0x0,
    0x0, 0x0, 0xf, 0xd1, 0x0, 0x0, 0x4, 0xf6,
    0x0, 0x0, 0x0, 0x3, 0xff, 0xf4, 0x0, 0x0,
    0x4f, 0x60, 0x0, 0x0, 0x0, 0x6f, 0x8d, 0xf3,
    0x0, 0x4, 0xf6, 0x0, 0x0, 0x0, 0xc, 0xf1,
    0x1e, 0xc0, 0x0, 0x4f, 0x60, 0x0, 0x0, 0x5,
    0xfa, 0x0, 0x30, 0x0, 0x4, 0xf6, 0x0, 0x0,
    0x3, 0xff, 0x20, 0x0, 0x1, 0x98, 0xbf, 0x50,
    0x0, 0x0, 0x9f, 0x50, 0x0, 0x0, 0xe, 0xff,
    0xb0, 0x0, 0x0, 0x0, 0x30, 0x0, 0x0, 0x0,
    0x0, 0x0, 0x0, 0x0, 0x0,

    /* U+7070 "灰" */
    0x0, 0x5, 0x88, 0x88, 0x88, 0x88, 0x88, 0x88,
    0x88, 0x20, 0x0, 0xa, 0xff, 0xff, 0xff, 0xff,
    0xff, 0xff, 0xff, 0x40, 0x0, 0xa, 0xf0, 0x0,
    0x0, 0x0, 0x0, 0x0, 0x0, 0x0, 0x0, 0xa,
    0xf0, 0x0, 0x0, 0xe, 0xa0, 0x0, 0x0, 0x0,
    0x0, 0xa, 0xf0, 0x0, 0x0, 0xe, 0xb0, 0x0,
    0x0, 0x0, 0x0, 0xa, 0xf0, 0x9, 0xb0, 0xe,
    0xb0, 0x0, 0xe6, 0x0, 0x0, 0xb, 0xe0, 0xd,
    0xb0, 0xe, 0xb0, 0x3, 0xf5, 0x0, 0x0, 0xb,
    0xe0, 0x2f, 0x70, 0xf, 0xa0, 0x8, 0xf1, 0x0,
    0x0, 0xb, 0xd0, 0xaf, 0x10, 0xf, 0x90, 0x1e,
    0xc0, 0x0, 0x0, 0xd, 0xb1, 0xc8, 0x0, 0x3f,
    0x80, 0x5f, 0x40, 0x0, 0x0, 0xf, 0x90, 0x0,
    0x0, 0x6f, 0x60, 0x1, 0x0, 0x0, 0x0, 0x2f,
    0x70, 0x0, 0x0, 0xbf, 0xe2, 0x0, 0x0, 0x0,
    0x0, 0x6f, 0x30, 0x0, 0x5, 0xfa, 0xed, 0x20,
    0x0, 0x0, 0x0, 0xcf, 0x0, 0x0, 0x5f, 0xd0,
    0x4f, 0xe3, 0x0, 0x0, 0x2, 0xf9, 0x0, 0x19,
    0xfe, 0x20, 0x4, 0xff, 0x91, 0x0, 0xd, 0xf2,
    0x39, 0xff, 0xc2, 0x0, 0x0, 0x2c, 0xff, 0xa0,
    0x1d, 0x60, 0x4f, 0xd6, 0x0, 0x0, 0x0, 0x0,
    0x6d, 0x80, 0x0, 0x0, 0x2, 0x0, 0x0, 0x0,
    0x0, 0x0, 0x0, 0x0,

    /* U+7136 "然" */
    0x0, 0x0, 0x18, 0x10, 0x0, 0x5, 0x80, 0x0,
    0x0, 0x0, 0x0, 0x7, 0xf3, 0x0, 0x0, 0x9e,
    0x59, 0x0, 0x0, 0x0, 0x0, 0xde, 0x22, 0x21,
    0x9, 0xe5, 0xfd, 0x0, 0x0, 0x0, 0x5f, 0xff,
    0xff, 0x90, 0x9e, 0x3, 0xf9, 0x0, 0x0, 0xd,
    0xe4, 0x47, 0xf6, 0x9, 0xe0, 0x4, 0x0, 0x0,
    0xa, 0xf6, 0x60, 0x6f, 0xff, 0xff, 0xff, 0xff,
    0x10, 0x8, 0xf8, 0x6f, 0xac, 0xe8, 0x8f, 0xff,
    0x98, 0x80, 0x1, 0xda, 0x30, 0x5f, 0xf8, 0x2,
    0xf9, 0xf6, 0x0, 0x0, 0x0, 0x8f, 0x61, 0xee,
    0x10, 0x9f, 0x3d, 0xb0, 0x0, 0x0, 0x0, 0x9f,
    0xdf, 0x40, 0x5f, 0xa0, 0x7f, 0x30, 0x0, 0x0,
    0x1, 0xff, 0x60, 0x5f, 0xd1, 0x0, 0xed, 0x0,
    0x0, 0x4, 0xef, 0x60, 0x8f, 0xe2, 0x0, 0x4,
    0xfb, 0x0, 0x1b, 0xfd, 0x30, 0x6f, 0xc1, 0x0,
    0x0, 0x7, 0xfc, 0x0, 0x99, 0x50, 0x1, 0x60,
    0x3, 0x30, 0x5, 0xc7, 0x40, 0x0, 0x7f, 0x20,
    0xbe, 0x0, 0xce, 0x10, 0x3f, 0xb0, 0x0, 0x1f,
    0xa0, 0x5, 0xf4, 0x2, 0xf9, 0x0, 0x6f, 0x60,
    0xc, 0xf2, 0x0, 0x1f, 0x70, 0xa, 0xe0, 0x0,
    0xce, 0x7, 0xf5, 0x0, 0x0, 0xa4, 0x0, 0x46,
    0x0, 0x4, 0xc1, 0x2, 0x0, 0x0, 0x0, 0x0,
    0x0, 0x0, 0x0, 0x0, 0x0,

    /* U+7167 "照" */
    0x2, 0x55, 0x55, 0x50, 0xcc, 0xcc, 0xcc, 0xcc,
    0x70, 0x7, 0xff, 0xff, 0xf0, 0xbb, 0xcf, 0xcb,
    0xbf, 0x80, 0x7, 0xf3, 0x18, 0xf0, 0x0, 0x7f,
    0x10, 0x1f, 0x60, 0x7, 0xf2, 0x7, 0xf0, 0x1,
    0xec, 0x0, 0x4f, 0x40, 0x7, 0xf5, 0x38, 0xf0,
    0x3d, 0xf4, 0xda, 0xef, 0x0, 0x7, 0xff, 0xff,
    0xfa, 0xfe, 0x30, 0x9c, 0xd5, 0x0, 0x7, 0xf5,
    0x49, 0xf2, 0x98, 0x88, 0x88, 0x88, 0x0, 0x7,
    0xf1, 0x7, 0xf0, 0x7f, 0xff, 0xff, 0xff, 0x10,
    0x7, 0xf1, 0x7, 0xf0, 0x7f, 0x10, 0x0, 0x7f,
    0x10, 0x7, 0xff, 0xff, 0xf0, 0x7f, 0x43, 0x33,
    0x9f, 0x10, 0x7, 0xf7, 0x6a, 0xf0, 0x7f, 0xff,
    0xff, 0xff, 0x10, 0x4, 0xa0, 0x4, 0xa0, 0x7f,
    0x44, 0x44, 0x9f, 0x10, 0x0, 0x5, 0x0, 0x40,
    0x25, 0x41, 0x0, 0x57, 0x0, 0x0, 0x6f, 0x24,
    0xf6, 0x2, 0xec, 0x1, 0xee, 0x10, 0x2, 0xfa,
    0x0, 0x9e, 0x0, 0x3f, 0x60, 0x2e, 0xb0, 0x1d,
    0xe1, 0x0, 0x1f, 0x60, 0xa, 0xe0, 0x5, 0xf4,
    0x7e, 0x30, 0x0, 0xa, 0x50, 0x3, 0xb1, 0x0,
    0xd7, 0x1, 0x0, 0x0, 0x0, 0x0, 0x0, 0x0,
    0x0, 0x0,

    /* U+7231 "爱" */
    0x0, 0x0, 0x0, 0x0, 0x0, 0x0, 0x0, 0x44,
    0x0, 0x2, 0x44, 0x44, 0x45, 0x67, 0x8b, 0xdf,
    0xff, 0x20, 0x4, 0xff, 0xff, 0xff, 0xff, 0xfd,
    0xbb, 0x51, 0x0, 0x0, 0x3b, 0xd4, 0x4a, 0xf2,
    0x0, 0xe, 0x90, 0x0, 0x0, 0x6, 0xf7, 0x1,
    0xeb, 0x0, 0x6f, 0x40, 0x0, 0x2, 0x22, 0xce,
    0x22, 0x8f, 0x43, 0xec, 0x22, 0x20, 0x1f, 0xff,
    0xff, 0xff, 0xff, 0xff, 0xff, 0xff, 0xf3, 0x1f,
    0x95, 0x55, 0x58, 0xf8, 0x55, 0x55, 0x57, 0xf3,
    0x1f, 0x87, 0x77, 0x7c, 0xf7, 0x77, 0x77, 0x76,
    0xf3, 0x2, 0x4f, 0xff, 0xff, 0xff, 0xff, 0xff,
    0xf7, 0x20, 0x0, 0x0, 0x1, 0xec, 0x0, 0x0,
    0x0, 0x0, 0x0, 0x0, 0x0, 0xc, 0xff, 0xff,
    0xff, 0xff, 0xe0, 0x0, 0x0, 0x1, 0xcf, 0xdf,
    0x76, 0x66, 0x8f, 0xc0, 0x0, 0x0, 0x4e, 0xe4,
    0x1e, 0xc1, 0x3, 0xed, 0x10, 0x0, 0x1a, 0xfd,
    0x20, 0x2, 0xde, 0x9f, 0xc1, 0x0, 0x0, 0x8f,
    0x80, 0x0, 0x1, 0x8f, 0xff, 0x71, 0x0, 0x0,
    0x3, 0x1, 0x48, 0xcf, 0xfa, 0x5b, 0xff, 0xc8,
    0x41, 0x0, 0xa, 0xff, 0xb6, 0x10, 0x0, 0x28,
    0xdf, 0xfa, 0x0, 0x0, 0x30, 0x0, 0x0, 0x0,
    0x0, 0x1, 0x51,

    /* U+7247 "片" */
    0x0, 0x0, 0x0, 0x0, 0x0, 0x93, 0x0, 0x0,
    0x0, 0x0, 0x24, 0x0, 0x0, 0x1f, 0x60, 0x0,
    0x0, 0x0, 0x9, 0xe0, 0x0, 0x1, 0xf6, 0x0,
    0x0, 0x0, 0x0, 0x9e, 0x0, 0x0, 0x1f, 0x60,
    0x0, 0x0, 0x0, 0x9, 0xe0, 0x0, 0x1, 0xf6,
    0x0, 0x0, 0x0, 0x0, 0x9f, 0x66, 0x66, 0x7f,
    0xa6, 0x66, 0x65, 0x0, 0x9, 0xff, 0xff, 0xff,
    0xff, 0xff, 0xff, 0xf0, 0x0, 0x9e, 0x11, 0x11,
    0x11, 0x11, 0x11, 0x10, 0x0, 0x9, 0xe0, 0x0,
    0x0, 0x0, 0x0, 0x0, 0x0, 0x0, 0x9e, 0x0,
    0x0, 0x0, 0x0, 0x0, 0x0, 0x0, 0x9, 0xf8,
    0x88, 0x88, 0x88, 0x84, 0x0, 0x0, 0x0, 0xaf,
    0xff, 0xff, 0xff, 0xff, 0x90, 0x0, 0x0, 0xc,
    0xd0, 0x0, 0x0, 0x0, 0xe9, 0x0, 0x0, 0x0,
    0xfa, 0x0, 0x0, 0x0, 0xe, 0x90, 0x0, 0x0,
    0x7f, 0x50, 0x0, 0x0, 0x0, 0xe9, 0x0, 0x0,
    0x3f, 0xd0, 0x0, 0x0, 0x0, 0xe, 0x90, 0x0,
    0x6f, 0xf2, 0x0, 0x0, 0x0, 0x0, 0xe9, 0x0,
    0x7, 0xd2, 0x0, 0x0, 0x0, 0x0, 0xe, 0x90,
    0x0, 0x0, 0x0, 0x0, 0x0, 0x0, 0x0, 0x0,
    0x0, 0x0,

    /* U+72B6 "状" */
    0x0, 0x0, 0x1c, 0x30, 0x0, 0x6, 0xb0, 0x0,
    0x0, 0x0, 0x0, 0x2, 0xf4, 0x0, 0x0, 0x9f,
    0x19, 0x10, 0x0, 0x0, 0x0, 0x2f, 0x40, 0x0,
    0x9, 0xf2, 0xec, 0x0, 0x0, 0x98, 0x2, 0xf4,
    0x0, 0x0, 0x9f, 0x3, 0xf9, 0x0, 0x8, 0xf2,
    0x2f, 0x40, 0x0, 0x9, 0xf0, 0x8, 0xf2, 0x0,
    0x1f, 0x92, 0xf4, 0x0, 0x0, 0x9f, 0x0, 0x4,
    0x0, 0x0, 0xaf, 0x2f, 0x4d, 0xff, 0xff, 0xff,
    0xff, 0xff, 0x30, 0x5, 0xc3, 0xf4, 0x78, 0x88,
    0xdf, 0xfa, 0x88, 0x82, 0x0, 0x0, 0x2f, 0x40,
    0x0, 0xb, 0xcf, 0x60, 0x0, 0x0, 0x0, 0x9,
    0xf4, 0x0, 0x0, 0xe8, 0xe8, 0x0, 0x0, 0x0,
    0x1c, 0xff, 0x40, 0x0, 0x1f, 0x4b, 0xc0, 0x0,
    0x0, 0x4e, 0xe6, 0xf4, 0x0, 0x7, 0xf1, 0x7f,
    0x20, 0x0, 0xc, 0xd2, 0x2f, 0x40, 0x0, 0xda,
    0x1, 0xf7, 0x0, 0x0, 0x10, 0x2, 0xf4, 0x0,
    0x6f, 0x40, 0xb, 0xe1, 0x0, 0x0, 0x0, 0x2f,
    0x40, 0x2f, 0xb0, 0x0, 0x3f, 0xa0, 0x0, 0x0,
    0x2, 0xf4, 0x2d, 0xe1, 0x0, 0x0, 0x8f, 0x60,
    0x0, 0x0, 0x2f, 0x7e, 0xf4, 0x0, 0x0, 0x0,
    0xcf, 0x50, 0x0, 0x2, 0xf5, 0xa3, 0x0, 0x0,
    0x0, 0x0, 0xb5, 0x0, 0x0, 0x0, 0x0, 0x0,
    0x0, 0x0, 0x0, 0x0, 0x0,

    /* U+72EC "独" */
    0x0, 0x0, 0x0, 0x0, 0x0, 0x0, 0x85, 0x0,
    0x0, 0x0, 0x4, 0x30, 0x3, 0x0, 0x0, 0x0,
    0xf9, 0x0, 0x0, 0x0, 0xd, 0xf7, 0x1e, 0x70,
    0x0, 0x0, 0xf9, 0x0, 0x0, 0x0, 0x0, 0x9f,
    0xef, 0x10, 0x0, 0x0, 0xf9, 0x0, 0x0, 0x0,
    0x0, 0x9, 0xf9, 0x0, 0x66, 0x66, 0xfc, 0x66,
    0x63, 0x0, 0x0, 0x2e, 0xfe, 0x0, 0xef, 0xff,
    0xff, 0xff, 0xf7, 0x0, 0x4, 0xee, 0x7f, 0x30,
    0xea, 0x0, 0xf9, 0x1, 0xf7, 0x0, 0xd, 0xf4,
    0x1f, 0x60, 0xe9, 0x0, 0xf9, 0x1, 0xf7, 0x0,
    0x2, 0x20, 0x7f, 0x80, 0xe9, 0x0, 0xf9, 0x1,
    0xf7, 0x0, 0x0, 0x4, 0xff, 0x90, 0xe9, 0x0,
    0xf9, 0x1, 0xf7, 0x0, 0x0, 0x2e, 0xcd, 0xa0,
    0xeb, 0x55, 0xfb, 0x56, 0xf7, 0x0, 0x4, 0xee,
    0x1e, 0xa0, 0xef, 0xff, 0xff, 0xff, 0xf7, 0x0,
    0x3f, 0xd2, 0xe, 0x90, 0x11, 0x11, 0xf9, 0x13,
    0x50, 0x0, 0x6, 0x10, 0xf, 0x90, 0x0, 0x0,
    0xf9, 0xb, 0xf2, 0x0, 0x0, 0x0, 0x1f, 0x70,
    0x0, 0x0, 0xf9, 0x27, 0xfc, 0x0, 0x0, 0x0,
    0x4f, 0x50, 0x14, 0x69, 0xff, 0xff, 0xef, 0x50,
    0x6, 0x97, 0xdf, 0x17, 0xff, 0xff, 0xb8, 0x41,
    0xf, 0xc0, 0x3, 0xdf, 0xe5, 0x1, 0x96, 0x20,
    0x0, 0x0, 0x7, 0x50,

    /* U+7387 "率" */
    0x0, 0x0, 0x0, 0x0, 0x21, 0x0, 0x0, 0x0,
    0x0, 0x0, 0x0, 0x0, 0x0, 0xf8, 0x0, 0x0,
    0x0, 0x0, 0x0, 0x0, 0x0, 0x0, 0xf8, 0x0,
    0x0, 0x0, 0x0, 0xf, 0xff, 0xff, 0xff, 0xff,
    0xff, 0xff, 0xff, 0x70, 0x8, 0x88, 0x88, 0x8a,
    0xfb, 0x88, 0x88, 0x8a, 0x30, 0xb, 0xb1, 0x0,
    0xd, 0xd0, 0x55, 0x0, 0x5f, 0x70, 0x7, 0xfe,
    0x24, 0xaf, 0x32, 0xfa, 0x3b, 0xfc, 0x10, 0x0,
    0x3f, 0xbd, 0xfe, 0x7d, 0xe1, 0x7f, 0x90, 0x0,
    0x0, 0x3, 0x21, 0x6d, 0xff, 0x30, 0x2, 0x0,
    0x0, 0x0, 0x7, 0xe2, 0x6, 0xf6, 0xbb, 0x5d,
    0x82, 0x0, 0x6, 0xde, 0x60, 0x4f, 0xa3, 0xaf,
    0x79, 0xef, 0x80, 0x5d, 0x71, 0xb, 0xed, 0xdc,
    0xaf, 0x80, 0x7, 0x90, 0x0, 0x0, 0x0, 0x0,
    0xf9, 0x6, 0x10, 0x0, 0x0, 0x68, 0x88, 0x88,
    0x88, 0xfc, 0x88, 0x88, 0x88, 0x82, 0xbf, 0xff,
    0xff, 0xff, 0xff, 0xff, 0xff, 0xff, 0xf5, 0x0,
    0x0, 0x0, 0x0, 0xf9, 0x0, 0x0, 0x0, 0x0,
    0x0, 0x0, 0x0, 0x0, 0xf9, 0x0, 0x0, 0x0,
    0x0, 0x0, 0x0, 0x0, 0x0, 0xf9, 0x0, 0x0,
    0x0, 0x0, 0x0, 0x0, 0x0, 0x0, 0xf9, 0x0,
    0x0, 0x0, 0x0,

    /* U+73AF "环" */
    0x0, 0x0, 0x0, 0x3, 0x66, 0x66, 0x66, 0x66,
    0x66, 0x10, 0x68, 0x88, 0x88, 0x8f, 0xff, 0xff,
    0xff, 0xff, 0xf2, 0xb, 0xff, 0xff, 0xf1, 0x0,
    0x8, 0xf1, 0x0, 0x0, 0x0, 0x0, 0x9f, 0x0,
    0x0, 0x0, 0xbd, 0x0, 0x0, 0x0, 0x0, 0x9,
    0xf0, 0x0, 0x0, 0xe, 0x90, 0x0, 0x0, 0x0,
    0x0, 0x9f, 0x0, 0x0, 0x3, 0xf4, 0x0, 0x0,
    0x0, 0x9, 0xff, 0xff, 0xb0, 0x0, 0x9f, 0xf5,
    0xc3, 0x0, 0x0, 0x47, 0xcf, 0x75, 0x0, 0x1f,
    0xff, 0x4d, 0xf3, 0x0, 0x0, 0x9, 0xf0, 0x0,
    0xa, 0xf9, 0xf1, 0x1e, 0xe2, 0x0, 0x0, 0x9f,
    0x0, 0x4, 0xf9, 0x7f, 0x10, 0x3f, 0xc0, 0x0,
    0x9, 0xf0, 0x75, 0xfd, 0x7, 0xf1, 0x0, 0x8f,
    0x50, 0x0, 0x9f, 0xef, 0xfe, 0x20, 0x7f, 0x10,
    0x0, 0xe8, 0x5, 0xbf, 0xe8, 0x15, 0x20, 0x7,
    0xf1, 0x0, 0x2, 0x0, 0xcd, 0x60, 0x0, 0x0,
    0x0, 0x7f, 0x10, 0x0, 0x0, 0x0, 0x0, 0x0,
    0x0, 0x0, 0x7, 0xf1, 0x0, 0x0, 0x0, 0x0,
    0x0, 0x0, 0x0, 0x0, 0x7f, 0x10, 0x0, 0x0,
    0x0, 0x0, 0x0, 0x0, 0x0, 0x7, 0xf1, 0x0,
    0x0, 0x0,

    /* U+7406 "理" */
    0x0, 0x0, 0x0, 0x2, 0x88, 0x88, 0x88, 0x88,
    0x83, 0x0, 0xef, 0xff, 0xff, 0x9f, 0xff, 0xff,
    0xff, 0xff, 0x70, 0x7, 0x8c, 0xf8, 0x87, 0xf4,
    0x1, 0xf7, 0x0, 0xf7, 0x0, 0x0, 0x8f, 0x0,
    0x5f, 0x40, 0x1f, 0x70, 0xf, 0x70, 0x0, 0x8,
    0xf0, 0x5, 0xff, 0xff, 0xff, 0xff, 0xf7, 0x0,
    0x0, 0x8f, 0x0, 0x5f, 0xa8, 0x8f, 0xb8, 0x8f,
    0x70, 0x5, 0x9c, 0xf9, 0x95, 0xf4, 0x1, 0xf7,
    0x1, 0xf7, 0x0, 0x7d, 0xef, 0xdd, 0x5f, 0x63,
    0x4f, 0x83, 0x4f, 0x70, 0x0, 0x8, 0xf0, 0x5,
    0xff, 0xff, 0xff, 0xff, 0xf7, 0x0, 0x0, 0x8f,
    0x0, 0x13, 0x33, 0x4f, 0x93, 0x33, 0x10, 0x0,
    0x8, 0xf0, 0x0, 0x0, 0x1, 0xf7, 0x0, 0x0,
    0x0, 0x0, 0x8f, 0x6c, 0x9f, 0xff, 0xff, 0xff,
    0xff, 0x40, 0x0, 0x3c, 0xff, 0xb4, 0x88, 0x88,
    0xfb, 0x88, 0x82, 0x2, 0xdf, 0xf9, 0x20, 0x0,
    0x0, 0x1f, 0x70, 0x0, 0x0, 0x6, 0x60, 0x0,
    0x12, 0x22, 0x23, 0xf8, 0x22, 0x22, 0x10, 0x0,
    0x0, 0x7, 0xff, 0xff, 0xff, 0xff, 0xff, 0xfa,
    0x0, 0x0, 0x0, 0x25, 0x55, 0x55, 0x55, 0x55,
    0x55, 0x30,

    /* U+7531 "由" */
    0x0, 0x0, 0x0, 0x8, 0xb0, 0x0, 0x0, 0x0,
    0x0, 0x0, 0x0, 0xb, 0xf0, 0x0, 0x0, 0x0,
    0x0, 0x0, 0x0, 0xb, 0xf0, 0x0, 0x0, 0x0,
    0x0, 0x0, 0x0, 0xb, 0xf0, 0x0, 0x0, 0x0,
    0x8, 0x88, 0x88, 0x8d, 0xf8, 0x88, 0x88, 0x83,
    0x1f, 0xff, 0xff, 0xff, 0xff, 0xff, 0xff, 0xf6,
    0x1f, 0x80, 0x0, 0xb, 0xf0, 0x0, 0x4, 0xf6,
    0x1f, 0x80, 0x0, 0xb, 0xf0, 0x0, 0x4, 0xf6,
    0x1f, 0x70, 0x0, 0xb, 0xf0, 0x0, 0x4, 0xf6,
    0x1f, 0xa6, 0x66, 0x6c, 0xf6, 0x66, 0x69, 0xf6,
    0x1f, 0xff, 0xff, 0xff, 0xff, 0xff, 0xff, 0xf6,
    0x1f, 0x81, 0x11, 0x1b, 0xf1, 0x11, 0x15, 0xf6,
    0x1f, 0x80, 0x0, 0xb, 0xf0, 0x0, 0x4, 0xf6,
    0x1f, 0x80, 0x0, 0xb, 0xf0, 0x0, 0x4, 0xf6,
    0x1f, 0x70, 0x0, 0xb, 0xf0, 0x0, 0x4, 0xf6,
    0x1f, 0xff, 0xff, 0xff, 0xff, 0xff, 0xff, 0xf6,
    0x1f, 0xc9, 0x99, 0x99, 0x99, 0x99, 0x9b, 0xf6,
    0x1f, 0x70, 0x0, 0x0, 0x0, 0x0, 0x4, 0xf6,
    0x2, 0x10, 0x0, 0x0, 0x0, 0x0, 0x0, 0x0,

    /* U+7535 "电" */
    0x0, 0x0, 0x0, 0xa, 0x40, 0x0, 0x0, 0x0,
    0x0, 0x0, 0x0, 0x0, 0x1f, 0x70, 0x0, 0x0,
    0x0, 0x0, 0x0, 0x0, 0x0, 0x1f, 0x70, 0x0,
    0x0, 0x0, 0x0, 0x6, 0x66, 0x66, 0x7f, 0xa6,
    0x66, 0x66, 0x30, 0x0, 0xf, 0xff, 0xff, 0xff,
    0xff, 0xff, 0xff, 0x70, 0x0, 0xf, 0x71, 0x11,
    0x2f, 0x71, 0x11, 0x1f, 0x70, 0x0, 0xf, 0x60,
    0x0, 0x1f, 0x70, 0x0, 0x1f, 0x70, 0x0, 0xf,
    0x95, 0x55, 0x6f, 0xa5, 0x55, 0x6f, 0x70, 0x0,
    0xf, 0xff, 0xff, 0xff, 0xff, 0xff, 0xff, 0x70,
    0x0, 0xf, 0x72, 0x22, 0x3f, 0x82, 0x22, 0x2f,
    0x70, 0x0, 0xf, 0x60, 0x0, 0x1f, 0x70, 0x0,
    0x1f, 0x70, 0x0, 0xf, 0x71, 0x11, 0x2f, 0x81,
    0x11, 0x2f, 0x70, 0x0, 0xf, 0xff, 0xff, 0xff,
    0xff, 0xff, 0xff, 0x70, 0x0, 0x5, 0x55, 0x55,
    0x6f, 0xa5, 0x55, 0x55, 0x23, 0x50, 0x0, 0x0,
    0x0, 0x1f, 0x70, 0x0, 0x0, 0x6, 0xf0, 0x0,
    0x0, 0x0, 0x1f, 0x70, 0x0, 0x0, 0x9, 0xf0,
    0x0, 0x0, 0x0, 0xe, 0xff, 0xff, 0xff, 0xff,
    0xa0, 0x0, 0x0, 0x0, 0x1, 0x66, 0x66, 0x66,
    0x65, 0x0,

    /* U+7684 "的" */
    0x0, 0x6, 0x0, 0x0, 0x6, 0x80, 0x0, 0x0,
    0x0, 0x3f, 0x50, 0x0, 0xc, 0xd0, 0x0, 0x0,
    0x0, 0x8f, 0x10, 0x0, 0xf, 0x90, 0x0, 0x0,
    0x11, 0xeb, 0x11, 0x0, 0x5f, 0x96, 0x66, 0x63,
    0xff, 0xff, 0xff, 0x80, 0xaf, 0xff, 0xff, 0xfa,
    0xfc, 0x66, 0x6f, 0x82, 0xf9, 0x0, 0x0, 0xe9,
    0xf9, 0x0, 0x1f, 0x8a, 0xf2, 0x0, 0x0, 0xe9,
    0xf9, 0x0, 0x1f, 0xcf, 0x90, 0x0, 0x0, 0xe8,
    0xf9, 0x0, 0x1f, 0xcc, 0x1e, 0x90, 0x0, 0xf8,
    0xff, 0xff, 0xff, 0x80, 0x9, 0xf5, 0x0, 0xf7,
    0xfc, 0x88, 0x8f, 0x80, 0x0, 0xde, 0x1, 0xf6,
    0xf9, 0x0, 0x1f, 0x80, 0x0, 0x5f, 0x73, 0xf5,
    0xf9, 0x0, 0x1f, 0x80, 0x0, 0xd, 0xb5, 0xf3,
    0xf9, 0x0, 0x1f, 0x80, 0x0, 0x1, 0x7, 0xf1,
    0xfb, 0x55, 0x5f, 0x80, 0x0, 0x0, 0xb, 0xe0,
    0xff, 0xff, 0xff, 0x80, 0x1, 0x0, 0xf, 0xa0,
    0xfa, 0x22, 0x3f, 0x80, 0xd, 0xc9, 0xbf, 0x40,
    0xf9, 0x0, 0x7, 0x30, 0x5, 0xae, 0xf8, 0x0,

    /* U+76D1 "监" */
    0x0, 0x0, 0x2, 0x10, 0x0, 0x0, 0x0, 0x0,
    0x0, 0x4, 0x30, 0xf, 0x80, 0x0, 0x6c, 0x0,
    0x0, 0x0, 0xd, 0xb0, 0xf, 0x80, 0x0, 0xac,
    0x0, 0x0, 0x0, 0xd, 0xb0, 0xf, 0x80, 0x0,
    0xec, 0x66, 0x66, 0x60, 0xd, 0xb0, 0xf, 0x80,
    0x4, 0xff, 0xff, 0xff, 0xf0, 0xd, 0xb0, 0xf,
    0x80, 0xa, 0xe1, 0x11, 0x11, 0x10, 0xd, 0xb0,
    0xf, 0x80, 0x3f, 0x82, 0xc4, 0x0, 0x0, 0xd,
    0xb0, 0xf, 0x80, 0xce, 0x11, 0xaf, 0xa0, 0x0,
    0xd, 0xb0, 0xf, 0x8b, 0xf5, 0x0, 0x5, 0xfb,
    0x0, 0xa, 0x90, 0xf, 0x85, 0x70, 0x0, 0x0,
    0x46, 0x0, 0x0, 0x35, 0x5a, 0x85, 0x55, 0x55,
    0x55, 0x51, 0x0, 0x0, 0xaf, 0xff, 0xff, 0xff,
    0xff, 0xff, 0xf3, 0x0, 0x0, 0xae, 0x22, 0xcc,
    0x22, 0xf9, 0x26, 0xf3, 0x0, 0x0, 0xae, 0x0,
    0xcb, 0x0, 0xf9, 0x4, 0xf3, 0x0, 0x0, 0xae,
    0x0, 0xcb, 0x0, 0xf9, 0x4, 0xf3, 0x0, 0x0,
    0xae, 0x0, 0xcb, 0x0, 0xf9, 0x4, 0xf3, 0x0,
    0xff, 0xff, 0xff, 0xff, 0xff, 0xff, 0xff, 0xff,
    0xfd, 0x77, 0x77, 0x77, 0x77, 0x77, 0x77, 0x77,
    0x77, 0x76,

    /* U+76EE "目" */
    0x66, 0x66, 0x66, 0x66, 0x66, 0x63, 0xef, 0xff,
    0xff, 0xff, 0xff, 0xf8, 0xea, 0x0, 0x0, 0x0,
    0x1, 0xf8, 0xea, 0x0, 0x0, 0x0, 0x1, 0xf8,
    0xec, 0x44, 0x44, 0x44, 0x45, 0xf8, 0xef, 0xff,
    0xff, 0xff, 0xff, 0xf8, 0xeb, 0x22, 0x22, 0x22,
    0x23, 0xf8, 0xea, 0x0, 0x0, 0x0, 0x1, 0xf8,
    0xea, 0x0, 0x0, 0x0, 0x1, 0xf8, 0xef, 0xff,
    0xff, 0xff, 0xff, 0xf8, 0xed, 0x88, 0x88, 0x88,
    0x88, 0xf8, 0xea, 0x0, 0x0, 0x0, 0x1, 0xf8,
    0xea, 0x0, 0x0, 0x0, 0x1, 0xf8, 0xed, 0x77,
    0x77, 0x77, 0x78, 0xf8, 0xef, 0xff, 0xff, 0xff,
    0xff, 0xf8, 0xea, 0x0, 0x0, 0x0, 0x1, 0xf8,
    0xea, 0x0, 0x0, 0x0, 0x1, 0xf8,

    /* U+76F8 "相" */
    0x0, 0x0, 0x3d, 0x30, 0x0, 0x0, 0x0, 0x0,
    0x0, 0x0, 0x0, 0x4f, 0x40, 0x1, 0x88, 0x88,
    0x88, 0x85, 0x0, 0x0, 0x4f, 0x40, 0x2, 0xff,
    0xff, 0xff, 0xfa, 0x0, 0x0, 0x4f, 0x40, 0x2,
    0xf6, 0x0, 0x0, 0xea, 0x4, 0xbb, 0xcf, 0xcb,
    0xb2, 0xf6, 0x0, 0x0, 0xea, 0x4, 0xcc, 0xdf,
    0xdc, 0xc2, 0xf7, 0x11, 0x11, 0xea, 0x0, 0x0,
    0xaf, 0x40, 0x2, 0xff, 0xff, 0xff, 0xfa, 0x0,
    0x0, 0xef, 0x60, 0x2, 0xf9, 0x66, 0x66, 0xfa,
    0x0, 0x4, 0xff, 0xf5, 0x2, 0xf6, 0x0, 0x0,
    0xea, 0x0, 0xa, 0xff, 0xef, 0x32, 0xf6, 0x0,
    0x0, 0xea, 0x0, 0x1f, 0xff, 0x6f, 0xd3, 0xfa,
    0x77, 0x77, 0xfa, 0x0, 0x9f, 0x9f, 0x47, 0xe5,
    0xff, 0xff, 0xff, 0xfa, 0x2, 0xfc, 0x4f, 0x40,
    0x12, 0xf6, 0x0, 0x0, 0xea, 0xc, 0xf2, 0x4f,
    0x40, 0x2, 0xf6, 0x0, 0x0, 0xea, 0x8, 0x60,
    0x4f, 0x40, 0x2, 0xf6, 0x0, 0x0, 0xea, 0x0,
    0x0, 0x4f, 0x40, 0x2, 0xfb, 0x88, 0x88, 0xfa,
    0x0, 0x0, 0x4f, 0x40, 0x2, 0xff, 0xff, 0xff,
    0xfa, 0x0, 0x0, 0x4f, 0x40, 0x2, 0xf6, 0x0,
    0x0, 0xea,

    /* U+770B "看" */
    0x0, 0x0, 0x0, 0x0, 0x0, 0x0, 0x1, 0x40,
    0x0, 0x0, 0x33, 0x34, 0x56, 0x78, 0xac, 0xef,
    0xf5, 0x0, 0x0, 0xef, 0xff, 0xff, 0xfd, 0xb9,
    0x74, 0x10, 0x0, 0x0, 0x37, 0x65, 0x5a, 0xf4,
    0x44, 0x44, 0x40, 0x0, 0x0, 0x3f, 0xff, 0xff,
    0xff, 0xff, 0xff, 0xf2, 0x0, 0x0, 0x1, 0x11,
    0x6f, 0x71, 0x11, 0x11, 0x10, 0x0, 0xc, 0xdd,
    0xdd, 0xff, 0xdd, 0xdd, 0xdd, 0xdd, 0xd1, 0x8,
    0x99, 0x9e, 0xfa, 0x99, 0x99, 0x99, 0x99, 0x91,
    0x0, 0x0, 0x8f, 0xe8, 0x88, 0x88, 0x88, 0x50,
    0x0, 0x0, 0xa, 0xff, 0xff, 0xff, 0xff, 0xff,
    0xa0, 0x0, 0x3, 0xdf, 0xfe, 0x22, 0x22, 0x22,
    0x2e, 0xa0, 0x0, 0x6f, 0xe4, 0xaf, 0xff, 0xff,
    0xff, 0xff, 0xa0, 0x0, 0x7, 0x10, 0xae, 0x11,
    0x11, 0x11, 0x1e, 0xa0, 0x0, 0x0, 0x0, 0xaf,
    0xff, 0xff, 0xff, 0xff, 0xa0, 0x0, 0x0, 0x0,
    0xaf, 0x66, 0x66, 0x66, 0x6e, 0xa0, 0x0, 0x0,
    0x0, 0xae, 0x44, 0x44, 0x44, 0x4e, 0xa0, 0x0,
    0x0, 0x0, 0xaf, 0xff, 0xff, 0xff, 0xff, 0xa0,
    0x0, 0x0, 0x0, 0xae, 0x33, 0x33, 0x33, 0x3e,
    0xa0, 0x0, 0x0, 0x0, 0x1, 0x0, 0x0, 0x0,
    0x0, 0x0, 0x0,

    /* U+7720 "眠" */
    0x3, 0x33, 0x33, 0x14, 0xbb, 0xbb, 0xbb, 0xbb,
    0x60, 0x0, 0xff, 0xff, 0xf6, 0x7f, 0xcc, 0xcc,
    0xcc, 0xf9, 0x0, 0xf, 0x94, 0x5f, 0x67, 0xf1,
    0x0, 0x0, 0xf, 0x90, 0x0, 0xf7, 0x1, 0xf6,
    0x7f, 0x10, 0x0, 0x0, 0xf9, 0x0, 0xf, 0xa4,
    0x5f, 0x67, 0xfc, 0xbb, 0xbb, 0xbf, 0x90, 0x0,
    0xff, 0xff, 0xf6, 0x7f, 0xbb, 0xcf, 0xdb, 0xb6,
    0x0, 0xf, 0x92, 0x3f, 0x67, 0xf1, 0x1, 0xf7,
    0x0, 0x0, 0x0, 0xf7, 0x1, 0xf6, 0x7f, 0x10,
    0x1f, 0x70, 0x0, 0x0, 0xf, 0xa4, 0x5f, 0x67,
    0xf8, 0x88, 0xfb, 0x88, 0x83, 0x0, 0xff, 0xff,
    0xf6, 0x7f, 0xff, 0xff, 0xff, 0xff, 0x70, 0xf,
    0x92, 0x3f, 0x67, 0xf1, 0x0, 0xdb, 0x0, 0x0,
    0x0, 0xf7, 0x1, 0xf6, 0x7f, 0x10, 0xb, 0xd0,
    0x0, 0x0, 0xf, 0x93, 0x4f, 0x67, 0xf1, 0x0,
    0x6f, 0x20, 0x10, 0x0, 0xff, 0xff, 0xf6, 0x7f,
    0x10, 0x1, 0xf9, 0x6, 0xd0, 0xf, 0xa4, 0x5f,
    0x67, 0xf1, 0x3, 0x39, 0xf4, 0x8f, 0x0, 0x73,
    0x0, 0x77, 0xbf, 0xcf, 0xf6, 0x1d, 0xfe, 0xb0,
    0x0, 0x0, 0x0, 0x6f, 0xb7, 0x30, 0x0, 0x1b,
    0xe3, 0x0, 0x0, 0x0, 0x0, 0x0, 0x0, 0x0,
    0x0, 0x0, 0x0,

    /* U+7740 "着" */
    0x0, 0x0, 0x18, 0x70, 0x0, 0x0, 0x97, 0x0,
    0x0, 0x0, 0x0, 0x8, 0xf6, 0x0, 0x5, 0xf8,
    0x0, 0x0, 0x0, 0xff, 0xff, 0xff, 0xff, 0xff,
    0xff, 0xff, 0x90, 0x0, 0x88, 0x88, 0x88, 0xbf,
    0x98, 0x88, 0x88, 0x50, 0x0, 0x8, 0xaa, 0xaa,
    0xcf, 0xba, 0xaa, 0xa3, 0x0, 0x0, 0xa, 0xdd,
    0xdd, 0xef, 0xdd, 0xdd, 0xd4, 0x0, 0x13, 0x33,
    0x33, 0x33, 0x8f, 0x53, 0x33, 0x33, 0x32, 0x5f,
    0xff, 0xff, 0xff, 0xff, 0xff, 0xff, 0xff, 0xfc,
    0x14, 0x4f, 0xb4, 0x44, 0x44, 0x44, 0x44, 0x44,
    0x43, 0x0, 0xf, 0x7c, 0xdd, 0xdd, 0xdd, 0xdd,
    0xdb, 0x0, 0x0, 0x2f, 0x5e, 0xeb, 0xbb, 0xbb,
    0xbb, 0xee, 0x0, 0x0, 0x6f, 0x1e, 0xc7, 0x77,
    0x77, 0x77, 0xde, 0x0, 0x0, 0xbd, 0xe, 0xfe,
    0xee, 0xee, 0xee, 0xfe, 0x0, 0x3, 0xf7, 0xe,
    0xb4, 0x44, 0x44, 0x44, 0xce, 0x0, 0xc, 0xe0,
    0xe, 0xff, 0xff, 0xff, 0xff, 0xfe, 0x0, 0x9f,
    0x60, 0xe, 0xb3, 0x33, 0x33, 0x33, 0xbe, 0x0,
    0x69, 0x0, 0xe, 0xff, 0xff, 0xff, 0xff, 0xfe,
    0x0, 0x0, 0x0, 0xe, 0xb4, 0x44, 0x44, 0x44,
    0xce, 0x0,

    /* U+7761 "睡" */
    0x0, 0x0, 0x0, 0x0, 0x0, 0x0, 0x0, 0x27,
    0x20, 0x37, 0x77, 0x73, 0x1, 0x24, 0x68, 0xbe,
    0xff, 0x80, 0x7f, 0xff, 0xf8, 0x6f, 0xff, 0xff,
    0xe9, 0x51, 0x0, 0x7f, 0x10, 0xf8, 0x5, 0x42,
    0xe, 0x90, 0x0, 0x0, 0x7f, 0x10, 0xf8, 0x67,
    0x77, 0x7f, 0xc7, 0x77, 0x74, 0x7f, 0x87, 0xf8,
    0xdf, 0xff, 0xff, 0xff, 0xff, 0xf9, 0x7f, 0xff,
    0xf8, 0x1, 0xf6, 0xe, 0x90, 0xcb, 0x0, 0x7f,
    0x10, 0xf8, 0x1, 0xf6, 0xe, 0x90, 0xcb, 0x0,
    0x7f, 0x10, 0xf9, 0x67, 0xf9, 0x6f, 0xb6, 0xdd,
    0x64, 0x7f, 0x98, 0xfa, 0xff, 0xff, 0xff, 0xff,
    0xff, 0xfb, 0x7f, 0xff, 0xf8, 0x13, 0xf7, 0x1e,
    0xa1, 0xcb, 0x11, 0x7f, 0x10, 0xf8, 0x1, 0xf6,
    0xe, 0x90, 0xcb, 0x0, 0x7f, 0x10, 0xf8, 0x37,
    0xfa, 0x6f, 0xc6, 0xdd, 0x60, 0x7f, 0x88, 0xf8,
    0x9f, 0xff, 0xff, 0xff, 0xff, 0xf1, 0x7f, 0xff,
    0xf8, 0x1, 0x11, 0x1e, 0xa1, 0x11, 0x10, 0x7f,
    0x10, 0xb6, 0x0, 0x0, 0xe, 0x90, 0x0, 0x0,
    0x13, 0x0, 0x2, 0xff, 0xff, 0xff, 0xff, 0xff,
    0xf9, 0x0, 0x0, 0x1, 0x77, 0x77, 0x77, 0x77,
    0x77, 0x74,

    /* U+77E5 "知" */
    0x0, 0x4, 0x70, 0x0, 0x0, 0x0, 0x0, 0x0,
    0x0, 0x0, 0x9, 0xf0, 0x0, 0x0, 0x0, 0x0,
    0x0, 0x0, 0x0, 0xc, 0xc0, 0x0, 0x0, 0x1a,
    0xaa, 0xaa, 0xa0, 0x0, 0x1f, 0xc8, 0x88, 0x88,
    0x3f, 0xdc, 0xce, 0xf1, 0x0, 0x7f, 0xff, 0xff,
    0xff, 0x4f, 0x60, 0x8, 0xf1, 0x1, 0xfc, 0x6,
    0xf1, 0x0, 0x1f, 0x60, 0x8, 0xf1, 0xa, 0xf3,
    0x6, 0xf1, 0x0, 0x1f, 0x60, 0x8, 0xf1, 0x2e,
    0x80, 0x7, 0xf0, 0x0, 0x1f, 0x60, 0x8, 0xf1,
    0x8, 0x88, 0x8b, 0xf8, 0x88, 0x5f, 0x60, 0x8,
    0xf1, 0xe, 0xff, 0xff, 0xff, 0xff, 0x8f, 0x60,
    0x8, 0xf1, 0x0, 0x0, 0xb, 0xd0, 0x0, 0x1f,
    0x60, 0x8, 0xf1, 0x0, 0x0, 0xe, 0xa0, 0x0,
    0x1f, 0x60, 0x8, 0xf1, 0x0, 0x0, 0x4f, 0xfa,
    0x10, 0x1f, 0x60, 0x8, 0xf1, 0x0, 0x0, 0xcf,
    0x8f, 0xe2, 0x1f, 0x83, 0x39, 0xf1, 0x0, 0x8,
    0xf7, 0x3, 0xef, 0x5f, 0xff, 0xff, 0xf1, 0x0,
    0x9f, 0xb0, 0x0, 0x1d, 0x9f, 0x84, 0x4a, 0xf1,
    0x1c, 0xfb, 0x0, 0x0, 0x1, 0x1c, 0x40, 0x6,
    0xc0, 0x7f, 0x90, 0x0, 0x0, 0x0, 0x0, 0x0,
    0x0, 0x0, 0x3, 0x0, 0x0, 0x0, 0x0, 0x0,
    0x0, 0x0, 0x0,

    /* U+77ED "短" */
    0x0, 0xb8, 0x0, 0x0, 0x0, 0x0, 0x0, 0x0,
    0x0, 0x0, 0xe, 0x80, 0x0, 0x58, 0x88, 0x88,
    0x88, 0x88, 0x40, 0x2, 0xfa, 0x66, 0x6c, 0xff,
    0xff, 0xff, 0xff, 0xf7, 0x0, 0x7f, 0xff, 0xff,
    0x60, 0x0, 0x0, 0x0, 0x0, 0x0, 0xe, 0xb3,
    0xf6, 0x0, 0x47, 0x77, 0x77, 0x77, 0x30, 0x9,
    0xf3, 0x3f, 0x60, 0x9, 0xff, 0xff, 0xff, 0xf7,
    0x0, 0x26, 0x3, 0xf6, 0x0, 0x9f, 0x0, 0x0,
    0x1f, 0x70, 0x5, 0xaa, 0xbf, 0xca, 0xa9, 0xf0,
    0x0, 0x1, 0xf7, 0x0, 0x6d, 0xdd, 0xfe, 0xdd,
    0x9f, 0x11, 0x11, 0x2f, 0x70, 0x0, 0x0, 0x4f,
    0x40, 0x9, 0xff, 0xff, 0xff, 0xf7, 0x0, 0x0,
    0x6, 0xf3, 0x0, 0x36, 0x76, 0x66, 0x66, 0x20,
    0x0, 0x0, 0xbf, 0xe6, 0x0, 0xbb, 0x0, 0xe,
    0x60, 0x0, 0x0, 0x1f, 0xba, 0xfa, 0x4, 0xf4,
    0x5, 0xf4, 0x0, 0x0, 0xa, 0xf3, 0x6, 0xf9,
    0xd, 0xb0, 0xae, 0x0, 0x0, 0x5, 0xf9, 0x0,
    0x5, 0x10, 0x7f, 0x3f, 0x60, 0x0, 0x5, 0xfd,
    0x0, 0x0, 0x77, 0x78, 0x8c, 0xf7, 0x77, 0x70,
    0xae, 0x20, 0x0, 0xf, 0xff, 0xff, 0xff, 0xff,
    0xff, 0x0, 0x20, 0x0, 0x0, 0x0, 0x0, 0x0,
    0x0, 0x0, 0x0,

    /* U+7801 "码" */
    0x0, 0x0, 0x0, 0x0, 0x28, 0x88, 0x88, 0x88,
    0x40, 0x0, 0xaf, 0xff, 0xff, 0xf6, 0xff, 0xff,
    0xff, 0xf7, 0x0, 0x5, 0x89, 0xfb, 0x88, 0x1,
    0x60, 0x0, 0xf, 0x60, 0x0, 0x0, 0x3f, 0x40,
    0x0, 0x4f, 0x30, 0x2, 0xf5, 0x0, 0x0, 0x6,
    0xf1, 0x0, 0x7, 0xf0, 0x0, 0x3f, 0x40, 0x0,
    0x0, 0xbd, 0x0, 0x0, 0xae, 0x0, 0x5, 0xf2,
    0x0, 0x0, 0x1f, 0xd9, 0x96, 0xd, 0xb0, 0x0,
    0x8f, 0x0, 0x0, 0xa, 0xff, 0xff, 0xb0, 0xfa,
    0x33, 0x3b, 0xe3, 0x30, 0x5, 0xff, 0x40, 0xcb,
    0x2f, 0xff, 0xff, 0xff, 0xff, 0x1, 0xff, 0xf4,
    0xc, 0xb0, 0x44, 0x44, 0x44, 0x49, 0xf0, 0x4,
    0x5f, 0x40, 0xcb, 0x0, 0x0, 0x0, 0x0, 0x8f,
    0x0, 0x3, 0xf4, 0xc, 0xb3, 0x66, 0x66, 0x66,
    0x3a, 0xe0, 0x0, 0x3f, 0x52, 0xcb, 0x9f, 0xff,
    0xff, 0xf8, 0xbc, 0x0, 0x3, 0xff, 0xff, 0xb0,
    0x0, 0x0, 0x0, 0xd, 0xa0, 0x0, 0x3f, 0x75,
    0xdb, 0x0, 0x0, 0x0, 0x0, 0xf8, 0x0, 0x2,
    0xb3, 0x8, 0x80, 0x0, 0x0, 0x76, 0x9f, 0x40,
    0x0, 0x0, 0x0, 0x0, 0x0, 0x0, 0xb, 0xff,
    0xa0, 0x0,

    /* U+793A "示" */
    0x0, 0x12, 0x22, 0x22, 0x22, 0x22, 0x22, 0x10,
    0x0, 0xd, 0xff, 0xff, 0xff, 0xff, 0xff, 0xfa,
    0x0, 0x0, 0x45, 0x55, 0x55, 0x55, 0x55, 0x55,
    0x30, 0x0, 0x0, 0x0, 0x0, 0x0, 0x0, 0x0,
    0x0, 0x0, 0x0, 0x0, 0x0, 0x0, 0x0, 0x0,
    0x0, 0x0, 0x2, 0xff, 0xff, 0xff, 0xff, 0xff,
    0xff, 0xff, 0xe0, 0x18, 0x88, 0x88, 0x8a, 0xf9,
    0x88, 0x88, 0x87, 0x0, 0x0, 0x1, 0x0, 0x5f,
    0x30, 0x0, 0x0, 0x0, 0x0, 0x1, 0xf6, 0x5,
    0xf3, 0xc, 0xc1, 0x0, 0x0, 0x0, 0x9f, 0x20,
    0x5f, 0x30, 0x5f, 0xd1, 0x0, 0x0, 0x4f, 0x80,
    0x5, 0xf3, 0x0, 0x4f, 0xc0, 0x0, 0x2e, 0xd0,
    0x0, 0x5f, 0x30, 0x0, 0x6f, 0x90, 0x1d, 0xe2,
    0x0, 0x5, 0xf3, 0x0, 0x0, 0xaf, 0x3b, 0xf3,
    0x0, 0x0, 0x5f, 0x30, 0x0, 0x1, 0xea, 0x13,
    0x0, 0x0, 0x5, 0xf3, 0x0, 0x0, 0x3, 0x0,
    0x0, 0x2, 0xa9, 0xdf, 0x30, 0x0, 0x0, 0x0,
    0x0, 0x0, 0xd, 0xff, 0xa0, 0x0, 0x0, 0x0,
    0x0, 0x0, 0x0, 0x0, 0x0, 0x0, 0x0, 0x0,
    0x0,

    /* U+79BB "离" */
    0x0, 0x0, 0x0, 0x2, 0x80, 0x0, 0x0, 0x0,
    0x0, 0x0, 0x0, 0x0, 0x6, 0xfb, 0x0, 0x0,
    0x0, 0x0, 0x12, 0x22, 0x22, 0x22, 0x8f, 0x72,
    0x22, 0x22, 0x22, 0x7f, 0xff, 0xff, 0xff, 0xff,
    0xff, 0xff, 0xff, 0xfe, 0x24, 0x4c, 0xa9, 0xff,
    0xb5, 0x7e, 0xf9, 0xb6, 0x44, 0x0, 0xd, 0xb0,
    0x3b, 0xfe, 0xfe, 0x44, 0xf4, 0x0, 0x0, 0xd,
    0xb1, 0x6c, 0xff, 0xfd, 0x34, 0xf4, 0x0, 0x0,
    0xd, 0xba, 0xfd, 0x70, 0x5e, 0xf6, 0xf4, 0x0,
    0x0, 0xd, 0xff, 0xfe, 0xee, 0xef, 0xff, 0xf4,
    0x0, 0x0, 0x4d, 0x88, 0x88, 0xfc, 0x88, 0x88,
    0x82, 0x0, 0x0, 0x9f, 0x0, 0x0, 0xf8, 0x0,
    0x0, 0x0, 0x0, 0x4f, 0xff, 0xff, 0xff, 0xff,
    0xff, 0xff, 0xff, 0x30, 0x27, 0xcf, 0x77, 0x77,
    0xfc, 0x8b, 0x88, 0xaf, 0x30, 0x0, 0x9f, 0x0,
    0x0, 0xf9, 0x5f, 0x70, 0x5f, 0x30, 0x0, 0x9f,
    0x0, 0x1, 0xfc, 0xaf, 0xf4, 0x5f, 0x30, 0x0,
    0x9f, 0x9, 0xff, 0xff, 0xda, 0xdd, 0x5f, 0x30,
    0x0, 0x9f, 0x1, 0x85, 0x30, 0x0, 0xaa, 0xaf,
    0x30, 0x0, 0x9f, 0x0, 0x0, 0x0, 0x0, 0xaf,
    0xfc, 0x0,

    /* U+79FB "移" */
    0x0, 0x0, 0x0, 0x17, 0x10, 0x0, 0x4a, 0x0,
    0x0, 0x0, 0x2, 0x58, 0xcf, 0xf6, 0x0, 0xd,
    0xb0, 0x0, 0x0, 0x1, 0xef, 0xff, 0x81, 0x0,
    0xb, 0xff, 0xff, 0xff, 0x10, 0x2, 0x24, 0xf3,
    0x0, 0xb, 0xf9, 0x88, 0x8f, 0xc0, 0x0, 0x0,
    0x4f, 0x30, 0x3d, 0xf8, 0x0, 0x7, 0xf4, 0x0,
    0x8, 0x8a, 0xfa, 0x87, 0xb5, 0xfb, 0x5, 0xf9,
    0x0, 0x0, 0xff, 0xff, 0xff, 0x80, 0x5, 0xfb,
    0xfa, 0x0, 0x0, 0x0, 0x8, 0xf3, 0x0, 0x0,
    0x5f, 0xf9, 0x0, 0x0, 0x0, 0x0, 0xef, 0xa1,
    0x27, 0xdf, 0xd7, 0xf3, 0x0, 0x0, 0x0, 0x6f,
    0xff, 0xe8, 0xfb, 0x52, 0xef, 0x88, 0x85, 0x0,
    0x1e, 0xff, 0x5e, 0xc1, 0x3, 0xef, 0xff, 0xff,
    0x60, 0xb, 0xf7, 0xf3, 0x4b, 0x17, 0xfb, 0x10,
    0x8, 0xe0, 0x9, 0xf6, 0x4f, 0x30, 0x5d, 0xfa,
    0x60, 0x3, 0xf6, 0x0, 0x68, 0x4, 0xf3, 0x5f,
    0xa2, 0x7f, 0x63, 0xfa, 0x0, 0x0, 0x0, 0x4f,
    0x30, 0x10, 0x0, 0x8f, 0xfa, 0x0, 0x0, 0x0,
    0x4, 0xf3, 0x0, 0x2, 0x7e, 0xe5, 0x0, 0x0,
    0x0, 0x0, 0x4f, 0x56, 0x9d, 0xfe, 0x70, 0x0,
    0x0, 0x0, 0x0, 0x4, 0xf4, 0xcd, 0x94, 0x0,
    0x0, 0x0, 0x0, 0x0, 0x0, 0x0, 0x0, 0x0,
    0x0, 0x0, 0x0, 0x0, 0x0,

    /* U+7A3F "稿" */
    0x0, 0x0, 0x0, 0x10, 0x0, 0x5, 0x90, 0x0,
    0x0, 0x2, 0x36, 0xaf, 0xc2, 0x22, 0x2a, 0xf2,
    0x22, 0x21, 0x3f, 0xff, 0xf7, 0x4f, 0xff, 0xff,
    0xff, 0xff, 0xfc, 0x3, 0x2b, 0xd0, 0x5, 0x55,
    0x55, 0x55, 0x55, 0x54, 0x0, 0xb, 0xd0, 0x0,
    0x9f, 0xff, 0xff, 0xff, 0x0, 0x28, 0x8d, 0xe8,
    0x81, 0x9f, 0x77, 0x77, 0xcf, 0x0, 0x4e, 0xef,
    0xfe, 0xe2, 0x9f, 0x55, 0x55, 0xbf, 0x0, 0x0,
    0xe, 0xd0, 0x0, 0x9f, 0xff, 0xff, 0xff, 0x0,
    0x0, 0x3f, 0xe7, 0x1, 0x23, 0x33, 0x33, 0x33,
    0x10, 0x0, 0xaf, 0xff, 0x6c, 0xff, 0xff, 0xff,
    0xff, 0xf2, 0x3, 0xff, 0xda, 0xfe, 0xd5, 0x55,
    0x55, 0x59, 0xf2, 0xd, 0xdb, 0xd1, 0xad, 0xd3,
    0xff, 0xff, 0x96, 0xf2, 0x9f, 0x4b, 0xd0, 0xc,
    0xd3, 0xf9, 0x8e, 0x96, 0xf2, 0x37, 0xb, 0xd0,
    0xc, 0xd3, 0xf2, 0xd, 0x96, 0xf2, 0x0, 0xb,
    0xd0, 0xc, 0xd3, 0xff, 0xff, 0x96, 0xf2, 0x0,
    0xb, 0xd0, 0xc, 0xd1, 0x88, 0x88, 0x46, 0xf2,
    0x0, 0xb, 0xd0, 0xc, 0xd0, 0x0, 0x3, 0x6b,
    0xf1, 0x0, 0x9, 0xb0, 0xc, 0xd0, 0x0, 0x4,
    0xff, 0xa0, 0x0, 0x0, 0x0, 0x0, 0x0, 0x0,
    0x0, 0x0, 0x0,

    /* U+7A7A "空" */
    0x0, 0x0, 0x0, 0x0, 0x88, 0x0, 0x0, 0x0,
    0x0, 0x0, 0x0, 0x0, 0x0, 0xcc, 0x0, 0x0,
    0x0, 0x0, 0x6, 0x77, 0x77, 0x77, 0xdd, 0x77,
    0x77, 0x77, 0x60, 0xe, 0xff, 0xff, 0xff, 0xff,
    0xff, 0xff, 0xff, 0xe0, 0xe, 0xa0, 0x3, 0x10,
    0x0, 0x24, 0x0, 0x9, 0xe0, 0xe, 0xa0, 0xd,
    0xd0, 0x0, 0x9e, 0x0, 0x9, 0xe0, 0x5, 0x30,
    0x8f, 0x50, 0x0, 0x9e, 0x0, 0x4, 0x60, 0x0,
    0x8, 0xf9, 0x0, 0x0, 0x9f, 0x10, 0x5, 0xe2,
    0x4, 0xcf, 0x90, 0x0, 0x0, 0x7f, 0xff, 0xff,
    0xd0, 0xe, 0xe5, 0x0, 0x0, 0x0, 0x5, 0x66,
    0x66, 0x10, 0x2, 0x15, 0x55, 0x55, 0x55, 0x55,
    0x55, 0x51, 0x0, 0x0, 0x3f, 0xff, 0xff, 0xff,
    0xff, 0xff, 0xf3, 0x0, 0x0, 0x2, 0x22, 0x22,
    0xcd, 0x22, 0x22, 0x20, 0x0, 0x0, 0x0, 0x0,
    0x0, 0xcc, 0x0, 0x0, 0x0, 0x0, 0x0, 0x0,
    0x0, 0x0, 0xcc, 0x0, 0x0, 0x0, 0x0, 0x2,
    0x22, 0x22, 0x22, 0xcd, 0x22, 0x22, 0x22, 0x20,
    0x3f, 0xff, 0xff, 0xff, 0xff, 0xff, 0xff, 0xff,
    0xf1, 0x15, 0x55, 0x55, 0x55, 0x55, 0x55, 0x55,
    0x55, 0x50,

    /* U+7ACB "立" */
    0x0, 0x0, 0x0, 0x0, 0x55, 0x0, 0x0, 0x0,
    0x0, 0x0, 0x0, 0x0, 0x0, 0xcc, 0x0, 0x0,
    0x0, 0x0, 0x0, 0x0, 0x0, 0x0, 0xcc, 0x0,
    0x0, 0x0, 0x0, 0x0, 0x11, 0x11, 0x11, 0xcc,
    0x11, 0x11, 0x11, 0x0, 0x3, 0xff, 0xff, 0xff,
    0xff, 0xff, 0xff, 0xff, 0x40, 0x1, 0x66, 0x66,
    0x66, 0x66, 0x66, 0x76, 0x66, 0x10, 0x0, 0x1,
    0xe8, 0x0, 0x0, 0x0, 0xaf, 0x0, 0x0, 0x0,
    0x0, 0xbf, 0x10, 0x0, 0x0, 0xdd, 0x0, 0x0,
    0x0, 0x0, 0x4f, 0x70, 0x0, 0x0, 0xfa, 0x0,
    0x0, 0x0, 0x0, 0xd, 0xd0, 0x0, 0x3, 0xf6,
    0x0, 0x0, 0x0, 0x0, 0x8, 0xf3, 0x0, 0x8,
    0xf2, 0x0, 0x0, 0x0, 0x0, 0x3, 0xf7, 0x0,
    0xd, 0xd0, 0x0, 0x0, 0x0, 0x0, 0x0, 0xfa,
    0x0, 0x2f, 0x80, 0x0, 0x0, 0x0, 0x0, 0x0,
    0xcd, 0x0, 0x8f, 0x20, 0x0, 0x0, 0x0, 0x0,
    0x0, 0x9a, 0x1, 0xfb, 0x0, 0x0, 0x0, 0x6,
    0x66, 0x66, 0x66, 0x6a, 0xf9, 0x66, 0x66, 0x61,
    0x1f, 0xff, 0xff, 0xff, 0xff, 0xff, 0xff, 0xff,
    0xf4, 0x1, 0x11, 0x11, 0x11, 0x11, 0x11, 0x11,
    0x11, 0x10,

    /* U+7AD9 "站" */
    0x0, 0x0, 0x41, 0x0, 0x0, 0x5, 0x90, 0x0,
    0x0, 0x0, 0x2, 0xf5, 0x0, 0x0, 0x9, 0xf0,
    0x0, 0x0, 0x0, 0x2, 0xf5, 0x0, 0x0, 0x9,
    0xf0, 0x0, 0x0, 0x0, 0x2, 0xf5, 0x0, 0x0,
    0x9, 0xf0, 0x0, 0x0, 0x3f, 0xff, 0xff, 0xff,
    0xb0, 0x9, 0xff, 0xff, 0xf8, 0x18, 0x88, 0x88,
    0xa8, 0x60, 0x9, 0xf8, 0x88, 0x84, 0x5, 0xd0,
    0x0, 0xf9, 0x0, 0x9, 0xf0, 0x0, 0x0, 0x2,
    0xf6, 0x1, 0xf8, 0x0, 0x9, 0xf0, 0x0, 0x0,
    0x0, 0xcb, 0x3, 0xf6, 0x0, 0x9, 0xf0, 0x0,
    0x0, 0x0, 0x7f, 0x5, 0xf3, 0x5, 0x5b, 0xf5,
    0x55, 0x50, 0x0, 0x4f, 0x28, 0xf0, 0x1f, 0xff,
    0xff, 0xff, 0xe0, 0x0, 0x1f, 0x4d, 0xb0, 0x1f,
    0x71, 0x11, 0x1a, 0xe0, 0x0, 0xf, 0x7f, 0x50,
    0x1f, 0x60, 0x0, 0x9, 0xe0, 0x0, 0x8, 0xae,
    0x59, 0x9f, 0x60, 0x0, 0x9, 0xe0, 0x0, 0x4,
    0xff, 0xfe, 0x7f, 0x60, 0x0, 0x9, 0xe0, 0x19,
    0xef, 0xe9, 0x40, 0x1f, 0xb8, 0x88, 0x8c, 0xe0,
    0x9, 0xa4, 0x0, 0x0, 0x1f, 0xff, 0xff, 0xff,
    0xe0, 0x0, 0x0, 0x0, 0x0, 0x1f, 0x60, 0x0,
    0x9, 0xe0,

    /* U+7B2C "第" */
    0x0, 0x6, 0x60, 0x0, 0x0, 0x8, 0x20, 0x0,
    0x0, 0x0, 0xe, 0xa0, 0x0, 0x0, 0x4f, 0x50,
    0x0, 0x0, 0x0, 0x7f, 0xfe, 0xee, 0xe5, 0xcf,
    0xff, 0xff, 0xf7, 0x2, 0xfc, 0x9f, 0xe9, 0x9a,
    0xf9, 0x9f, 0xc8, 0x84, 0x1d, 0xe1, 0x6, 0xf5,
    0x4f, 0xa0, 0xa, 0xf2, 0x0, 0x7e, 0x53, 0x33,
    0xc5, 0x4b, 0x33, 0x35, 0x93, 0x0, 0x0, 0xff,
    0xff, 0xff, 0xff, 0xff, 0xff, 0xff, 0x0, 0x0,
    0x44, 0x44, 0x44, 0xaf, 0x54, 0x44, 0xaf, 0x0,
    0x0, 0x4, 0x44, 0x44, 0xaf, 0x44, 0x44, 0xaf,
    0x0, 0x0, 0x4f, 0xff, 0xff, 0xff, 0xff, 0xff,
    0xff, 0x0, 0x0, 0x8f, 0x43, 0x33, 0x9f, 0x43,
    0x33, 0x33, 0x0, 0x0, 0xbe, 0x22, 0x22, 0x9f,
    0x32, 0x22, 0x22, 0x20, 0x0, 0xef, 0xff, 0xff,
    0xff, 0xff, 0xff, 0xff, 0xb0, 0x1, 0xe9, 0x44,
    0xdf, 0xcf, 0x54, 0x44, 0x4e, 0x90, 0x0, 0x0,
    0x3c, 0xf6, 0x8f, 0x10, 0x0, 0x1f, 0x60, 0x3,
    0x7c, 0xfd, 0x30, 0x8f, 0x14, 0xd9, 0xbf, 0x20,
    0x9f, 0xfb, 0x40, 0x0, 0x8f, 0x11, 0x9c, 0xd6,
    0x0, 0x13, 0x0, 0x0, 0x0, 0x8f, 0x10, 0x0,
    0x0, 0x0,

    /* U+7B97 "算" */
    0x0, 0x9, 0x30, 0x0, 0x0, 0x48, 0x0, 0x0,
    0x0, 0x0, 0x1f, 0x71, 0x11, 0x10, 0x9e, 0x22,
    0x22, 0x21, 0x0, 0x9f, 0xff, 0xff, 0xf5, 0xff,
    0xff, 0xff, 0xfb, 0x4, 0xfb, 0x6a, 0xf7, 0x6e,
    0xe5, 0x4a, 0xf6, 0x43, 0x6f, 0xd0, 0x0, 0xb3,
    0x2c, 0x40, 0x1, 0xa2, 0x0, 0x5b, 0x1d, 0xff,
    0xff, 0xff, 0xff, 0xff, 0xf0, 0x0, 0x0, 0xd,
    0xc6, 0x66, 0x66, 0x66, 0x6b, 0xf0, 0x0, 0x0,
    0xd, 0xfe, 0xee, 0xee, 0xee, 0xef, 0xf0, 0x0,
    0x0, 0xd, 0xc6, 0x66, 0x66, 0x66, 0x6b, 0xf0,
    0x0, 0x0, 0xd, 0xff, 0xff, 0xff, 0xff, 0xff,
    0xf0, 0x0, 0x0, 0xd, 0xc4, 0x44, 0x44, 0x44,
    0x4a, 0xf0, 0x0, 0x0, 0xd, 0xfd, 0xdd, 0xdd,
    0xdd, 0xde, 0xf0, 0x0, 0x0, 0x8, 0xaa, 0xee,
    0xaa, 0xbf, 0xca, 0x90, 0x0, 0x7, 0x77, 0x77,
    0xed, 0x77, 0x8f, 0xa7, 0x77, 0x73, 0xf, 0xff,
    0xff, 0xff, 0xff, 0xff, 0xff, 0xff, 0xf7, 0x0,
    0x0, 0x19, 0xf3, 0x0, 0x3f, 0x50, 0x0, 0x0,
    0x46, 0x8b, 0xfd, 0x30, 0x0, 0x3f, 0x50, 0x0,
    0x0, 0x7f, 0xc9, 0x40, 0x0, 0x0, 0x3f, 0x50,
    0x0, 0x0, 0x0, 0x0, 0x0, 0x0, 0x0, 0x0,
    0x0, 0x0, 0x0,

    /* U+7EA7 "级" */
    0x0, 0x2, 0x10, 0x0, 0x0, 0x0, 0x0, 0x0,
    0x0, 0x0, 0xc, 0xc0, 0x48, 0x88, 0x88, 0x88,
    0x84, 0x0, 0x0, 0x3f, 0x50, 0x8f, 0xff, 0xff,
    0xff, 0xf6, 0x0, 0x0, 0xae, 0x0, 0x0, 0xe9,
    0x0, 0x6, 0xf2, 0x0, 0x1, 0xf7, 0x5, 0x20,
    0xe9, 0x0, 0xc, 0xd0, 0x0, 0x9, 0xe0, 0x1f,
    0xa0, 0xe9, 0x0, 0x3f, 0x60, 0x0, 0x2f, 0x71,
    0xbf, 0x20, 0xed, 0x0, 0xcf, 0x88, 0x30, 0x9f,
    0xef, 0xf8, 0x0, 0xef, 0x20, 0xdf, 0xff, 0x50,
    0x4e, 0xaf, 0xd0, 0x0, 0xef, 0x90, 0x0, 0x5f,
    0x20, 0x0, 0x9f, 0x30, 0x0, 0xff, 0xe0, 0x0,
    0x9e, 0x0, 0x8, 0xf6, 0x5a, 0xe1, 0xfc, 0xf7,
    0x0, 0xe9, 0x0, 0x6f, 0xff, 0xfd, 0x90, 0xf8,
    0xbe, 0x14, 0xf4, 0x0, 0x4e, 0xa6, 0x10, 0x1,
    0xf7, 0x3f, 0x9c, 0xd0, 0x0, 0x0, 0x0, 0x3,
    0x85, 0xf4, 0x9, 0xff, 0x50, 0x0, 0x0, 0x39,
    0xef, 0xea, 0xf1, 0x6, 0xff, 0x20, 0x0, 0x5e,
    0xff, 0xa4, 0x1f, 0xb0, 0x6f, 0xde, 0xe2, 0x0,
    0x1b, 0x50, 0x0, 0x9f, 0x69, 0xfc, 0x13, 0xff,
    0x60, 0x0, 0x0, 0x1, 0xec, 0x5f, 0xb0, 0x0,
    0x2d, 0xf7, 0x0, 0x0, 0x0, 0x11, 0x3, 0x0,
    0x0, 0x0, 0x50,

    /* U+7EAA "纪" */
    0x0, 0x4, 0x10, 0x0, 0x0, 0x0, 0x0, 0x0,
    0x0, 0x0, 0xe, 0xa0, 0x28, 0x88, 0x88, 0x88,
    0x87, 0x0, 0x0, 0x5f, 0x30, 0x4f, 0xff, 0xff,
    0xff, 0xfe, 0x0, 0x0, 0xcc, 0x0, 0x0, 0x0,
    0x0, 0x0, 0x9e, 0x0, 0x3, 0xf4, 0x5, 0x30,
    0x0, 0x0, 0x0, 0x9e, 0x0, 0xb, 0xd0, 0x1f,
    0xb0, 0x0, 0x0, 0x0, 0x9e, 0x0, 0x3f, 0x42,
    0xaf, 0x20, 0x0, 0x0, 0x0, 0x9e, 0x0, 0xbf,
    0xef, 0xf9, 0x0, 0x33, 0x33, 0x33, 0xbe, 0x0,
    0x5c, 0x9f, 0xe0, 0x0, 0xff, 0xff, 0xff, 0xfe,
    0x0, 0x0, 0xaf, 0x30, 0x0, 0xfa, 0x33, 0x33,
    0xae, 0x0, 0x9, 0xf6, 0x49, 0xd2, 0xf9, 0x0,
    0x0, 0x69, 0x0, 0x8f, 0xff, 0xfe, 0x91, 0xf9,
    0x0, 0x0, 0x0, 0x0, 0x6e, 0xa6, 0x20, 0x0,
    0xf9, 0x0, 0x0, 0x0, 0x0, 0x0, 0x0, 0x1,
    0x77, 0xf9, 0x0, 0x0, 0x0, 0x30, 0x0, 0x27,
    0xcf, 0xf7, 0xf9, 0x0, 0x0, 0x0, 0xe9, 0x5d,
    0xff, 0xc6, 0x10, 0xfa, 0x0, 0x0, 0x5, 0xf4,
    0x3c, 0x61, 0x0, 0x0, 0xbf, 0xff, 0xff, 0xff,
    0xc0, 0x0, 0x0, 0x0, 0x0, 0x6, 0x77, 0x77,
    0x76, 0x0,

    /* U+7EBF "线" */
    0x0, 0x0, 0x92, 0x0, 0x0, 0x3a, 0x3, 0x0,
    0x0, 0x0, 0x0, 0x3f, 0x60, 0x0, 0x7, 0xf3,
    0xfc, 0x10, 0x0, 0x0, 0x9, 0xf1, 0x0, 0x0,
    0x7f, 0x13, 0xed, 0x0, 0x0, 0x0, 0xfa, 0x2,
    0x0, 0x7, 0xf1, 0x2, 0x65, 0x0, 0x0, 0x7f,
    0x20, 0xe9, 0x2, 0x9f, 0xbd, 0xff, 0xf1, 0x0,
    0x1f, 0x90, 0x7f, 0x4f, 0xff, 0xfd, 0xa7, 0x41,
    0x0, 0xb, 0xfa, 0xbf, 0xc0, 0x75, 0x9f, 0x10,
    0x2, 0x58, 0x10, 0x9f, 0xdf, 0xf2, 0x0, 0x18,
    0xfa, 0xdf, 0xff, 0xf3, 0x1, 0x16, 0xf7, 0x5,
    0xef, 0xff, 0xeb, 0x85, 0x20, 0x0, 0x2, 0xfb,
    0x0, 0x39, 0x67, 0xf3, 0x0, 0x88, 0x0, 0x3,
    0xee, 0x68, 0xb8, 0x0, 0x2f, 0x60, 0x5f, 0x80,
    0x0, 0xcf, 0xff, 0xda, 0x50, 0x0, 0xfb, 0x5f,
    0xa0, 0x0, 0x4, 0x84, 0x10, 0x4, 0x0, 0xa,
    0xff, 0xb0, 0x0, 0x0, 0x0, 0x4, 0xaf, 0xf1,
    0x0, 0x8f, 0xe0, 0x0, 0x0, 0x4, 0xaf, 0xff,
    0xa4, 0x0, 0x9f, 0xef, 0x70, 0x4, 0x0, 0xdf,
    0xb5, 0x0, 0x5, 0xdf, 0xa0, 0xbf, 0x90, 0xe9,
    0x2, 0x10, 0x0, 0x2d, 0xfd, 0x40, 0x0, 0x9f,
    0xef, 0x70, 0x0, 0x0, 0x0, 0xa6, 0x0, 0x0,
    0x0, 0x4c, 0xd1,

    /* U+7ED9 "给" */
    0x0, 0x0, 0x0, 0x0, 0x0, 0x0, 0x0, 0x0,
    0x0, 0x0, 0x0, 0x4, 0x0, 0x0, 0x0, 0x4b,
    0x10, 0x0, 0x0, 0x0, 0x1, 0xf7, 0x0, 0x0,
    0xa, 0xf4, 0x0, 0x0, 0x0, 0x0, 0x8f, 0x10,
    0x0, 0x2, 0xff, 0xd0, 0x0, 0x0, 0x0, 0xe,
    0x90, 0x0, 0x0, 0xbe, 0x4f, 0x70, 0x0, 0x0,
    0x6, 0xf2, 0x7, 0x10, 0x6f, 0x60, 0x9f, 0x40,
    0x0, 0x0, 0xda, 0x5, 0xf5, 0x4f, 0xa0, 0x0,
    0xcf, 0x50, 0x0, 0x6f, 0x22, 0xec, 0x6f, 0xc0,
    0x0, 0x1, 0xdf, 0x91, 0xe, 0xff, 0xff, 0x8f,
    0xc7, 0x88, 0x88, 0x87, 0xaf, 0x80, 0x8c, 0xbf,
    0x90, 0x50, 0xbf, 0xff, 0xff, 0xb0, 0x40, 0x0,
    0xd, 0xd0, 0x0, 0x0, 0x0, 0x0, 0x0, 0x0,
    0x0, 0xb, 0xe3, 0x59, 0x83, 0x88, 0x88, 0x88,
    0x84, 0x0, 0xa, 0xff, 0xff, 0xc6, 0x7f, 0xff,
    0xff, 0xff, 0x90, 0x0, 0x8e, 0x94, 0x0, 0x7,
    0xf1, 0x0, 0x0, 0xf9, 0x0, 0x0, 0x0, 0x0,
    0x48, 0x7f, 0x10, 0x0, 0xf, 0x90, 0x0, 0x0,
    0x39, 0xef, 0xd7, 0xf1, 0x0, 0x0, 0xf9, 0x0,
    0x7, 0xef, 0xfa, 0x40, 0x7f, 0x88, 0x88, 0x8f,
    0x90, 0x0, 0x6b, 0x50, 0x0, 0x7, 0xff, 0xff,
    0xff, 0xf9, 0x0, 0x0, 0x0, 0x0, 0x0, 0x7f,
    0x10, 0x0, 0xf, 0x90, 0x0,

    /* U+7EDC "络" */
    0x0, 0x1, 0x30, 0x0, 0x1, 0xc3, 0x0, 0x0,
    0x0, 0x0, 0x0, 0x8f, 0x0, 0x0, 0x5f, 0x30,
    0x0, 0x0, 0x0, 0x0, 0xe, 0xa0, 0x0, 0xc,
    0xff, 0xff, 0xff, 0x10, 0x0, 0x5, 0xf4, 0x0,
    0x5, 0xff, 0x87, 0x7e, 0xf0, 0x0, 0x0, 0xdc,
    0x8, 0x42, 0xee, 0xf8, 0x3, 0xf8, 0x0, 0x0,
    0x6f, 0x32, 0xf8, 0xef, 0x3a, 0xf5, 0xed, 0x0,
    0x0, 0xe, 0xe9, 0xde, 0x8, 0x40, 0x1e, 0xfe,
    0x20, 0x0, 0x0, 0xee, 0xdf, 0x60, 0x0, 0x4,
    0xef, 0xc1, 0x0, 0x0, 0x0, 0xd, 0xc0, 0x0,
    0x2a, 0xfd, 0x7f, 0xe6, 0x0, 0x0, 0x8, 0xf3,
    0x2, 0xcf, 0xf9, 0x0, 0x2c, 0xff, 0xb2, 0x4,
    0xf7, 0x15, 0x6b, 0x98, 0x66, 0x66, 0x69, 0xab,
    0x1, 0xef, 0xef, 0xfb, 0x1, 0xff, 0xff, 0xff,
    0xe0, 0x0, 0xc, 0xd9, 0x62, 0x0, 0x1f, 0x70,
    0x0, 0xae, 0x0, 0x0, 0x0, 0x0, 0x28, 0x1,
    0xf7, 0x0, 0xa, 0xe0, 0x0, 0x0, 0x17, 0xcf,
    0xf0, 0x1f, 0x70, 0x0, 0xae, 0x0, 0x1, 0xcf,
    0xfa, 0x50, 0x1, 0xfb, 0x88, 0x8d, 0xe0, 0x0,
    0x8, 0x50, 0x0, 0x0, 0x1f, 0xff, 0xff, 0xfe,
    0x0, 0x0, 0x0, 0x0, 0x0, 0x1, 0xf7, 0x0,
    0xa, 0xe0, 0x0,

    /* U+7EDF "统" */
    0x0, 0x0, 0x0, 0x0, 0x6, 0x60, 0x0, 0x0,
    0x0, 0x0, 0xc, 0x80, 0x0, 0xa, 0xfc, 0x10,
    0x0, 0x0, 0x0, 0x2f, 0x60, 0x23, 0x33, 0x8f,
    0xa3, 0x33, 0x30, 0x0, 0x9e, 0x0, 0xaf, 0xff,
    0xff, 0xff, 0xff, 0xf0, 0x1, 0xf7, 0x1, 0x23,
    0x35, 0xfc, 0x33, 0x33, 0x30, 0x8, 0xf1, 0x1e,
    0x80, 0xc, 0xf2, 0x5, 0x50, 0x0, 0x1f, 0x80,
    0x9f, 0x31, 0xcf, 0x40, 0xb, 0xf5, 0x0, 0x9f,
    0x9c, 0xfa, 0x4e, 0xe5, 0x34, 0x67, 0xff, 0x30,
    0x9f, 0xef, 0xe1, 0xaf, 0xff, 0xff, 0xff, 0xef,
    0xe0, 0x13, 0x7f, 0x40, 0x29, 0x75, 0x42, 0x10,
    0x2, 0xc2, 0x4, 0xf7, 0x3, 0x60, 0x1d, 0x50,
    0xaa, 0x0, 0x0, 0x4f, 0xeb, 0xff, 0xe0, 0x2f,
    0x60, 0xcc, 0x0, 0x0, 0x8f, 0xfa, 0x62, 0x0,
    0x3f, 0x50, 0xcc, 0x0, 0x0, 0x14, 0x0, 0x0,
    0x43, 0x5f, 0x30, 0xcc, 0x0, 0x21, 0x0, 0x4,
    0x9e, 0xf6, 0xbf, 0x0, 0xcc, 0x0, 0xcb, 0x3a,
    0xef, 0xe9, 0x37, 0xf7, 0x0, 0xcc, 0x1, 0xf7,
    0x5f, 0xa4, 0x4, 0xbf, 0xa0, 0x0, 0x9f, 0xff,
    0xf1, 0x0, 0x0, 0xc, 0xf7, 0x0, 0x0, 0x6,
    0x87, 0x30, 0x0, 0x0, 0x1, 0x10, 0x0, 0x0,
    0x0, 0x0, 0x0,

    /* U+7F3A "缺" */
    0x0, 0x42, 0x0, 0x0, 0x0, 0xa, 0x70, 0x0,
    0x0, 0x0, 0xbc, 0x0, 0x0, 0x0, 0xe, 0x90,
    0x0, 0x0, 0x0, 0xf9, 0x11, 0x11, 0x0, 0xe,
    0x90, 0x0, 0x0, 0x6, 0xff, 0xff, 0xff, 0x4,
    0x4f, 0xb4, 0x44, 0x0, 0x1e, 0xc6, 0xfb, 0x66,
    0xf, 0xff, 0xff, 0xff, 0x10, 0x8f, 0x20, 0xf8,
    0x0, 0x3, 0x3e, 0xb3, 0x8f, 0x10, 0x4, 0x0,
    0xf8, 0x0, 0x0, 0xf, 0xa0, 0x7f, 0x10, 0xbf,
    0xff, 0xff, 0xff, 0xf0, 0xf, 0x90, 0x7f, 0x10,
    0x68, 0x88, 0xfc, 0x88, 0x80, 0xf, 0x80, 0x7f,
    0x10, 0x3, 0x30, 0xf8, 0x15, 0x5a, 0xaf, 0xca,
    0xcf, 0xa3, 0xc, 0xc0, 0xf8, 0x5f, 0x8d, 0xef,
    0xff, 0xdd, 0xd5, 0xc, 0xc0, 0xf8, 0x5f, 0x30,
    0x6f, 0xaf, 0x10, 0x0, 0xc, 0xc0, 0xf8, 0x5f,
    0x30, 0xaf, 0x3f, 0x60, 0x0, 0xc, 0xc0, 0xf8,
    0x5f, 0x31, 0xfa, 0xd, 0xd0, 0x0, 0xc, 0xe9,
    0xfc, 0xbf, 0x3a, 0xf3, 0x5, 0xf7, 0x0, 0xc,
    0xfd, 0xdd, 0xdd, 0x9f, 0x90, 0x0, 0xcf, 0x30,
    0xc, 0xc0, 0x0, 0x7, 0xfc, 0x0, 0x0, 0x2e,
    0xf4, 0x1, 0x10, 0x0, 0x2e, 0xc1, 0x0, 0x0,
    0x3, 0xe7, 0x0, 0x0, 0x0, 0x1, 0x0, 0x0,
    0x0, 0x0, 0x10,

    /* U+7F51 "网" */
    0x48, 0x88, 0x88, 0x88, 0x88, 0x88, 0x88, 0x84,
    0x9f, 0xff, 0xff, 0xff, 0xff, 0xff, 0xff, 0xf9,
    0x9e, 0x0, 0x0, 0x51, 0x0, 0x4, 0x20, 0xe9,
    0x9e, 0x2, 0x0, 0xf6, 0x0, 0xd, 0x90, 0xe9,
    0x9e, 0x7f, 0x43, 0xf7, 0xd1, 0x1f, 0x50, 0xe9,
    0x9e, 0xb, 0xfb, 0xe2, 0xec, 0x7f, 0x10, 0xe9,
    0x9e, 0x0, 0xdf, 0xa0, 0x3f, 0xfc, 0x0, 0xe9,
    0x9e, 0x0, 0x4f, 0xb0, 0x7, 0xf7, 0x0, 0xe9,
    0x9e, 0x0, 0xaf, 0xf6, 0x8, 0xfe, 0x0, 0xe9,
    0x9e, 0x2, 0xf8, 0xbe, 0x1f, 0xaf, 0x90, 0xe9,
    0x9e, 0xb, 0xf1, 0x3a, 0xbf, 0x19, 0xf1, 0xe9,
    0x9e, 0x7f, 0x60, 0x6, 0xf6, 0x1, 0xf8, 0xe9,
    0x9e, 0x49, 0x0, 0x1e, 0xb0, 0x0, 0x82, 0xe9,
    0x9e, 0x0, 0x0, 0x2, 0x10, 0x0, 0x0, 0xe9,
    0x9e, 0x0, 0x0, 0x0, 0x0, 0x0, 0x0, 0xe9,
    0x9e, 0x0, 0x0, 0x0, 0x0, 0x1, 0x77, 0xf9,
    0x9e, 0x0, 0x0, 0x0, 0x0, 0x0, 0xef, 0xf4,
    0x0, 0x0, 0x0, 0x0, 0x0, 0x0, 0x0, 0x0,

    /* U+7F6E "置" */
    0x4, 0x44, 0x44, 0x44, 0x44, 0x44, 0x44, 0x41,
    0x1, 0xff, 0xff, 0xff, 0xff, 0xff, 0xff, 0xff,
    0x40, 0x1f, 0x83, 0x3d, 0xc3, 0x39, 0xf3, 0x36,
    0xf4, 0x1, 0xfb, 0x88, 0xed, 0x88, 0xcf, 0x88,
    0xaf, 0x40, 0x1f, 0xff, 0xff, 0xff, 0xff, 0xff,
    0xff, 0xf4, 0x4, 0x44, 0x44, 0x44, 0x4f, 0xb4,
    0x44, 0x44, 0x41, 0xff, 0xff, 0xff, 0xff, 0xff,
    0xff, 0xff, 0xff, 0x42, 0x22, 0x24, 0x44, 0x6f,
    0x94, 0x44, 0x42, 0x20, 0xca, 0x3, 0xff, 0xff,
    0xff, 0xff, 0xff, 0x30, 0xd, 0xb0, 0x3f, 0x84,
    0x44, 0x44, 0x47, 0xf3, 0x0, 0xdb, 0x3, 0xff,
    0xff, 0xff, 0xff, 0xff, 0x30, 0xd, 0xb0, 0x3f,
    0x84, 0x44, 0x44, 0x47, 0xf3, 0x0, 0xdb, 0x3,
    0xff, 0xff, 0xff, 0xff, 0xff, 0x30, 0xd, 0xb0,
    0x3f, 0x95, 0x55, 0x55, 0x58, 0xf3, 0x0, 0xdb,
    0x3, 0xff, 0xff, 0xff, 0xff, 0xff, 0x30, 0xd,
    0xb0, 0x4, 0x44, 0x44, 0x44, 0x44, 0x40, 0x0,
    0xdf, 0xff, 0xff, 0xff, 0xff, 0xff, 0xff, 0xff,
    0xdd, 0xd8, 0x88, 0x88, 0x88, 0x88, 0x88, 0x88,
    0x87,

    /* U+7F8E "美" */
    0x0, 0x0, 0x2a, 0x30, 0x0, 0x0, 0x76, 0x0,
    0x0, 0x0, 0x0, 0x2, 0xdf, 0x20, 0x0, 0x6f,
    0xb0, 0x0, 0x0, 0x0, 0x77, 0x78, 0xfd, 0x77,
    0x8f, 0xf7, 0x77, 0x40, 0x0, 0x2f, 0xff, 0xff,
    0xff, 0xff, 0xff, 0xff, 0xfa, 0x0, 0x0, 0x0,
    0x0, 0x0, 0x9f, 0x10, 0x0, 0x0, 0x0, 0x0,
    0x0, 0x68, 0x88, 0x8c, 0xf8, 0x88, 0x88, 0x20,
    0x0, 0x0, 0xb, 0xff, 0xff, 0xff, 0xff, 0xff,
    0xf5, 0x0, 0x0, 0x0, 0x0, 0x0, 0x9, 0xf1,
    0x0, 0x0, 0x0, 0x0, 0x15, 0x55, 0x55, 0x55,
    0xbf, 0x65, 0x55, 0x55, 0x55, 0x4, 0xff, 0xff,
    0xff, 0xff, 0xff, 0xff, 0xff, 0xff, 0xe0, 0x1,
    0x11, 0x11, 0x11, 0xa9, 0x11, 0x11, 0x11, 0x11,
    0x0, 0x15, 0x55, 0x55, 0x5e, 0xd5, 0x55, 0x55,
    0x54, 0x0, 0x6, 0xff, 0xff, 0xff, 0xff, 0xff,
    0xff, 0xff, 0xe0, 0x0, 0x2, 0x22, 0x22, 0xbf,
    0x9f, 0x72, 0x22, 0x21, 0x0, 0x0, 0x0, 0x0,
    0x9f, 0x80, 0xbf, 0x60, 0x0, 0x0, 0x0, 0x0,
    0x16, 0xdf, 0x90, 0x0, 0xbf, 0xb4, 0x0, 0x0,
    0x48, 0xbf, 0xfd, 0x40, 0x0, 0x0, 0x7e, 0xfe,
    0x95, 0x7, 0xfe, 0x94, 0x0, 0x0, 0x0, 0x0,
    0x6, 0xbf, 0xd0, 0x1, 0x0, 0x0, 0x0, 0x0,
    0x0, 0x0, 0x0, 0x1, 0x0,

    /* U+800C "而" */
    0x5, 0x55, 0x55, 0x55, 0x55, 0x55, 0x55, 0x55,
    0x53, 0x1f, 0xff, 0xff, 0xff, 0xff, 0xff, 0xff,
    0xff, 0xf9, 0x1, 0x11, 0x11, 0x11, 0xaf, 0x21,
    0x11, 0x11, 0x11, 0x0, 0x0, 0x0, 0x0, 0xcd,
    0x0, 0x0, 0x0, 0x0, 0x0, 0x0, 0x0, 0x2,
    0xf9, 0x0, 0x0, 0x0, 0x0, 0x0, 0xaf, 0xff,
    0xff, 0xff, 0xff, 0xff, 0xff, 0x30, 0x0, 0xbf,
    0x88, 0xcf, 0x88, 0xbf, 0x88, 0xaf, 0x40, 0x0,
    0xbe, 0x0, 0x8f, 0x0, 0x7f, 0x0, 0x4f, 0x40,
    0x0, 0xbe, 0x0, 0x8f, 0x0, 0x7f, 0x0, 0x4f,
    0x40, 0x0, 0xbe, 0x0, 0x8f, 0x0, 0x7f, 0x0,
    0x4f, 0x40, 0x0, 0xbe, 0x0, 0x8f, 0x0, 0x7f,
    0x0, 0x4f, 0x40, 0x0, 0xbe, 0x0, 0x8f, 0x0,
    0x7f, 0x0, 0x4f, 0x40, 0x0, 0xbe, 0x0, 0x8f,
    0x0, 0x7f, 0x0, 0x4f, 0x40, 0x0, 0xbe, 0x0,
    0x8f, 0x0, 0x7f, 0x0, 0x4f, 0x40, 0x0, 0xbe,
    0x0, 0x8f, 0x0, 0x7f, 0x0, 0x4f, 0x40, 0x0,
    0xbe, 0x0, 0x36, 0x0, 0x36, 0x48, 0xbf, 0x20,
    0x0, 0xbe, 0x0, 0x0, 0x0, 0x0, 0x4f, 0xe9,
    0x0, 0x0, 0x0, 0x0, 0x0, 0x0, 0x0, 0x0,
    0x0, 0x0,

    /* U+80FD "能" */
    0x0, 0x0, 0xb3, 0x0, 0x0, 0x42, 0x0, 0x0,
    0x0, 0x0, 0x0, 0x8f, 0x50, 0x0, 0xe, 0x90,
    0x0, 0x1, 0x0, 0x0, 0x1e, 0xc0, 0x75, 0x0,
    0xe9, 0x0, 0x3c, 0xe0, 0x0, 0xa, 0xf3, 0xc,
    0xf3, 0xe, 0xa6, 0xcf, 0xe5, 0x0, 0x37, 0xfd,
    0x78, 0xaf, 0xd0, 0xef, 0xfc, 0x60, 0x0, 0x7,
    0xff, 0xff, 0xed, 0xdf, 0x6e, 0xb1, 0x0, 0xc,
    0x50, 0x1, 0x10, 0x0, 0x0, 0xb4, 0xe9, 0x0,
    0x0, 0xf7, 0x0, 0x48, 0x88, 0x88, 0x84, 0xe,
    0xc3, 0x33, 0x7f, 0x30, 0x9, 0xff, 0xff, 0xff,
    0x90, 0x8f, 0xff, 0xff, 0xa0, 0x0, 0x9e, 0x0,
    0x0, 0xe9, 0x2, 0x43, 0x33, 0x20, 0x0, 0x9,
    0xff, 0xff, 0xff, 0x90, 0xda, 0x0, 0x1, 0x60,
    0x0, 0x9f, 0x77, 0x77, 0xf9, 0xd, 0xa0, 0x17,
    0xff, 0x30, 0x9, 0xf5, 0x55, 0x5f, 0x90, 0xdd,
    0xbf, 0xfc, 0x30, 0x0, 0x9f, 0xff, 0xff, 0xf9,
    0xd, 0xfd, 0x93, 0x0, 0x0, 0x9, 0xe2, 0x22,
    0x2e, 0x90, 0xda, 0x0, 0x0, 0x6d, 0x0, 0x9e,
    0x0, 0x0, 0xe9, 0xd, 0xa0, 0x0, 0x9, 0xe0,
    0x9, 0xe0, 0x27, 0x8f, 0x90, 0xce, 0x99, 0x99,
    0xf9, 0x0, 0x9e, 0x0, 0xef, 0xd2, 0x3, 0xce,
    0xee, 0xea, 0x10, 0x1, 0x10, 0x0, 0x0, 0x0,
    0x0, 0x0, 0x0, 0x0, 0x0,

    /* U+8111 "脑" */
    0x0, 0x0, 0x0, 0x0, 0x0, 0x3, 0xc3, 0x0,
    0x0, 0x0, 0x0, 0xff, 0xff, 0xf0, 0x0, 0x1,
    0xde, 0x10, 0x0, 0x0, 0x0, 0xfc, 0x8b, 0xf1,
    0x0, 0x0, 0x2e, 0x40, 0x0, 0x0, 0x0, 0xf8,
    0x7, 0xf5, 0xbb, 0xbb, 0xbb, 0xbb, 0xbb, 0xb0,
    0x0, 0xf8, 0x7, 0xf6, 0xdd, 0xdd, 0xdd, 0xdd,
    0xdd, 0xd0, 0x0, 0xf9, 0x39, 0xf1, 0x12, 0x37,
    0x0, 0x47, 0x12, 0x0, 0x0, 0xff, 0xff, 0xf1,
    0x8e, 0x4f, 0x40, 0xad, 0x7f, 0x10, 0x0, 0xf9,
    0x39, 0xf1, 0x8e, 0xb, 0xe1, 0xf8, 0x7f, 0x10,
    0x0, 0xf8, 0x7, 0xf1, 0x8e, 0x2, 0xfd, 0xf1,
    0x7f, 0x10, 0x0, 0xf8, 0x7, 0xf1, 0x8e, 0x0,
    0xaf, 0xb0, 0x7f, 0x10, 0x0, 0xfc, 0x8b, 0xf1,
    0x8e, 0x0, 0x6f, 0xa0, 0x7f, 0x10, 0x0, 0xff,
    0xff, 0xf1, 0x8e, 0x0, 0xdf, 0xf3, 0x7f, 0x10,
    0x0, 0xf8, 0x7, 0xf1, 0x8e, 0x7, 0xf5, 0xec,
    0x7f, 0x10, 0x0, 0xf7, 0x7, 0xf1, 0x8e, 0x2f,
    0xb0, 0x7f, 0x9f, 0x10, 0x1, 0xf6, 0x7, 0xf1,
    0x8e, 0x9e, 0x10, 0x1b, 0x8f, 0x10, 0x4, 0xf4,
    0x7, 0xf1, 0x8f, 0x68, 0x66, 0x66, 0xaf, 0x10,
    0xa, 0xe3, 0x6a, 0xf0, 0x8f, 0xff, 0xff, 0xff,
    0xff, 0x10, 0xa, 0x62, 0xff, 0x90, 0x0, 0x0,
    0x0, 0x0, 0x7f, 0x10, 0x0, 0x0, 0x0, 0x0,
    0x0, 0x0, 0x0, 0x0, 0x0, 0x0,

    /* U+81EA "自" */
    0x0, 0x0, 0x0, 0x0, 0x0, 0x0, 0x0, 0x0,
    0x0, 0x9, 0xd1, 0x0, 0x0, 0x0, 0x0, 0x3,
    0xfc, 0x0, 0x0, 0x0, 0x0, 0x0, 0xdf, 0x20,
    0x0, 0x0, 0xef, 0xff, 0xff, 0xff, 0xff, 0xff,
    0x9f, 0xc8, 0x88, 0x88, 0x88, 0x88, 0xf9, 0xf9,
    0x0, 0x0, 0x0, 0x0, 0x1f, 0x9f, 0x90, 0x0,
    0x0, 0x0, 0x1, 0xf9, 0xff, 0xff, 0xff, 0xff,
    0xff, 0xff, 0x9f, 0xc8, 0x88, 0x88, 0x88, 0x88,
    0xf9, 0xf9, 0x0, 0x0, 0x0, 0x0, 0x1f, 0x9f,
    0x90, 0x0, 0x0, 0x0, 0x1, 0xf9, 0xff, 0xff,
    0xff, 0xff, 0xff, 0xff, 0x9f, 0xc8, 0x88, 0x88,
    0x88, 0x88, 0xf9, 0xf9, 0x0, 0x0, 0x0, 0x0,
    0x1f, 0x9f, 0x90, 0x0, 0x0, 0x0, 0x1, 0xf9,
    0xff, 0xff, 0xff, 0xff, 0xff, 0xff, 0x9f, 0xd9,
    0x99, 0x99, 0x99, 0x99, 0xf9, 0xf9, 0x0, 0x0,
    0x0, 0x0, 0x1f, 0x90, 0x0, 0x0, 0x0, 0x0,
    0x0, 0x0,

    /* U+8349 "草" */
    0x0, 0x0, 0x27, 0x10, 0x0, 0x0, 0x72, 0x0,
    0x0, 0x0, 0x0, 0x4f, 0x30, 0x0, 0x2, 0xf6,
    0x0, 0x0, 0x38, 0x88, 0xaf, 0x98, 0x88, 0x89,
    0xfb, 0x88, 0x84, 0x7f, 0xff, 0xff, 0xff, 0xff,
    0xff, 0xff, 0xff, 0xf8, 0x0, 0x0, 0x4f, 0x30,
    0x0, 0x2, 0xf6, 0x0, 0x0, 0x0, 0x7, 0xae,
    0x98, 0x88, 0x89, 0xea, 0x80, 0x0, 0x0, 0xf,
    0xff, 0xff, 0xff, 0xff, 0xff, 0xf1, 0x0, 0x0,
    0xf, 0x80, 0x0, 0x0, 0x0, 0x6, 0xf1, 0x0,
    0x0, 0xf, 0xff, 0xff, 0xff, 0xff, 0xff, 0xf1,
    0x0, 0x0, 0xf, 0xc8, 0x88, 0x88, 0x88, 0x8b,
    0xf1, 0x0, 0x0, 0xf, 0x80, 0x0, 0x0, 0x0,
    0x6, 0xf1, 0x0, 0x0, 0xf, 0xff, 0xff, 0xff,
    0xff, 0xff, 0xf1, 0x0, 0x0, 0x7, 0x88, 0x88,
    0xde, 0x88, 0x88, 0x80, 0x0, 0x22, 0x22, 0x22,
    0x22, 0xbe, 0x22, 0x22, 0x22, 0x22, 0xdf, 0xff,
    0xff, 0xff, 0xff, 0xff, 0xff, 0xff, 0xff, 0x34,
    0x44, 0x44, 0x44, 0xce, 0x44, 0x44, 0x44, 0x44,
    0x0, 0x0, 0x0, 0x0, 0xad, 0x0, 0x0, 0x0,
    0x0, 0x0, 0x0, 0x0, 0x0, 0xad, 0x0, 0x0,
    0x0, 0x0,

    /* U+83B7 "获" */
    0x0, 0x0, 0x0, 0x95, 0x0, 0x3, 0x92, 0x0,
    0x0, 0x0, 0x1, 0x11, 0x1f, 0x81, 0x11, 0x5f,
    0x41, 0x11, 0x10, 0xe, 0xff, 0xff, 0xff, 0xff,
    0xff, 0xff, 0xff, 0xff, 0x10, 0x56, 0x66, 0x6f,
    0xb6, 0x66, 0x9f, 0x86, 0x66, 0x60, 0x0, 0x0,
    0x0, 0x94, 0x0, 0x3, 0xa2, 0x0, 0x0, 0x0,
    0xa, 0xa1, 0xc, 0xa0, 0x0, 0x4f, 0x48, 0x20,
    0x0, 0x0, 0x8f, 0xeb, 0xf3, 0x0, 0x4, 0xf6,
    0xcf, 0x60, 0x0, 0x0, 0x4f, 0xf6, 0x0, 0x0,
    0x4f, 0x30, 0x8e, 0x10, 0x0, 0x2c, 0xff, 0xc1,
    0x88, 0x8a, 0xf9, 0x88, 0x98, 0x10, 0x8f, 0xe3,
    0x6f, 0x7f, 0xff, 0xff, 0xff, 0xff, 0xf2, 0x1d,
    0xa1, 0x7, 0xf8, 0x0, 0x7, 0xfe, 0x70, 0x0,
    0x0, 0x0, 0x5, 0xff, 0xb0, 0x0, 0xac, 0xab,
    0x0, 0x0, 0x0, 0x8, 0xfa, 0xdc, 0x0, 0xe,
    0x96, 0xf2, 0x0, 0x0, 0x5d, 0xf8, 0xc, 0xc0,
    0x4, 0xf4, 0xe, 0x90, 0x0, 0x1e, 0xc3, 0x0,
    0xdb, 0x0, 0xde, 0x0, 0x7f, 0x40, 0x0, 0x10,
    0x0, 0xf, 0x90, 0xaf, 0x60, 0x0, 0xce, 0x20,
    0x0, 0x8, 0x79, 0xf6, 0xbf, 0xa0, 0x0, 0x2,
    0xfe, 0x20, 0x0, 0x8f, 0xf9, 0x4f, 0x80, 0x0,
    0x0, 0x3, 0xe7, 0x0, 0x0, 0x0, 0x0, 0x10,
    0x0, 0x0, 0x0, 0x1, 0x0,

    /* U+8425 "营" */
    0x0, 0x0, 0x5, 0x30, 0x0, 0x16, 0x10, 0x0,
    0x0, 0x34, 0x44, 0x4f, 0xa4, 0x44, 0x7f, 0x64,
    0x44, 0x40, 0xef, 0xff, 0xff, 0xff, 0xff, 0xff,
    0xff, 0xff, 0xf1, 0x33, 0x33, 0x3f, 0xa3, 0x33,
    0x7f, 0x53, 0x33, 0x30, 0x0, 0x0, 0xa, 0x50,
    0x0, 0x3a, 0x10, 0x0, 0x0, 0x6c, 0xcc, 0xcc,
    0xcc, 0xcc, 0xcc, 0xcc, 0xcc, 0x80, 0x9f, 0xbb,
    0xbb, 0xbb, 0xbb, 0xbb, 0xbb, 0xbf, 0xb0, 0x9f,
    0x1, 0x88, 0x88, 0x88, 0x88, 0x82, 0xd, 0xb0,
    0x35, 0x2, 0xff, 0xff, 0xff, 0xff, 0xf4, 0x5,
    0x40, 0x0, 0x2, 0xf6, 0x0, 0x0, 0x4, 0xf4,
    0x0, 0x0, 0x0, 0x2, 0xfe, 0xee, 0xee, 0xee,
    0xf4, 0x0, 0x0, 0x0, 0x1, 0xaa, 0xaa, 0xaa,
    0xaa, 0xa2, 0x0, 0x0, 0x0, 0x58, 0x88, 0x88,
    0x88, 0x88, 0x88, 0x60, 0x0, 0x0, 0xbf, 0xff,
    0xff, 0xff, 0xff, 0xff, 0xc0, 0x0, 0x0, 0xbd,
    0x0, 0x0, 0x0, 0x0, 0xb, 0xc0, 0x0, 0x0,
    0xbd, 0x33, 0x33, 0x33, 0x33, 0x3c, 0xc0, 0x0,
    0x0, 0xbf, 0xff, 0xff, 0xff, 0xff, 0xff, 0xc0,
    0x0, 0x0, 0xbd, 0x44, 0x44, 0x44, 0x44, 0x4c,
    0xc0, 0x0,

    /* U+884C "行" */
    0x0, 0x0, 0xa, 0x10, 0x0, 0x0, 0x0, 0x0,
    0x0, 0x0, 0x0, 0xaf, 0x30, 0x45, 0x55, 0x55,
    0x55, 0x30, 0x0, 0x7, 0xf7, 0x0, 0xef, 0xff,
    0xff, 0xff, 0xb0, 0x0, 0x6f, 0xa0, 0x0, 0x12,
    0x22, 0x22, 0x22, 0x10, 0x7, 0xfc, 0x0, 0x0,
    0x0, 0x0, 0x0, 0x0, 0x0, 0x6f, 0xc0, 0x3,
    0xd2, 0x0, 0x0, 0x0, 0x0, 0x0, 0x4, 0x0,
    0x1e, 0xe4, 0x77, 0x77, 0x77, 0x77, 0x77, 0x0,
    0x1, 0xcf, 0x35, 0xff, 0xff, 0xff, 0xff, 0xfe,
    0x0, 0x1c, 0xf5, 0x0, 0x0, 0x0, 0x3f, 0x50,
    0x0, 0x2, 0xdf, 0xf0, 0x0, 0x0, 0x0, 0x3f,
    0x50, 0x0, 0x6f, 0xfd, 0xf0, 0x0, 0x0, 0x0,
    0x3f, 0x50, 0x0, 0x6d, 0x39, 0xf0, 0x0, 0x0,
    0x0, 0x3f, 0x50, 0x0, 0x0, 0x9, 0xf0, 0x0,
    0x0, 0x0, 0x3f, 0x50, 0x0, 0x0, 0x9, 0xf0,
    0x0, 0x0, 0x0, 0x3f, 0x50, 0x0, 0x0, 0x9,
    0xf0, 0x0, 0x0, 0x0, 0x3f, 0x50, 0x0, 0x0,
    0x9, 0xf0, 0x0, 0x0, 0x0, 0x3f, 0x50, 0x0,
    0x0, 0x9, 0xf0, 0x0, 0x3, 0x99, 0xcf, 0x40,
    0x0, 0x0, 0x9, 0xf0, 0x0, 0x1, 0xee, 0xe9,
    0x0, 0x0,

    /* U+89C1 "见" */
    0x0, 0x0, 0x78, 0x88, 0x88, 0x88, 0x88, 0x40,
    0x0, 0x0, 0x0, 0xe, 0xff, 0xff, 0xff, 0xff,
    0xf9, 0x0, 0x0, 0x0, 0x0, 0xe9, 0x0, 0x0,
    0x0, 0xe, 0x90, 0x0, 0x0, 0x0, 0xe, 0x90,
    0x9, 0xf0, 0x0, 0xe9, 0x0, 0x0, 0x0, 0x0,
    0xe9, 0x0, 0x9f, 0x0, 0xe, 0x90, 0x0, 0x0,
    0x0, 0xe, 0x90, 0x9, 0xf0, 0x0, 0xe9, 0x0,
    0x0, 0x0, 0x0, 0xe9, 0x0, 0x9f, 0x0, 0xe,
    0x90, 0x0, 0x0, 0x0, 0xe, 0x90, 0x9, 0xf7,
    0x30, 0xe9, 0x0, 0x0, 0x0, 0x0, 0xe9, 0x0,
    0xae, 0xf6, 0xe, 0x90, 0x0, 0x0, 0x0, 0xe,
    0x90, 0xd, 0xcf, 0x60, 0xe9, 0x0, 0x0, 0x0,
    0x0, 0xe9, 0x1, 0xf9, 0xf6, 0xe, 0x90, 0x0,
    0x0, 0x0, 0xe, 0x90, 0x9f, 0x3f, 0x60, 0xe9,
    0x0, 0x0, 0x0, 0x0, 0x0, 0x4f, 0x91, 0xf6,
    0x0, 0x0, 0x0, 0x0, 0x0, 0x0, 0x6f, 0xd0,
    0x1f, 0x60, 0x0, 0x3, 0xc1, 0x0, 0x4, 0xbf,
    0xc1, 0x1, 0xf7, 0x11, 0x11, 0x9f, 0x3, 0x9d,
    0xff, 0x70, 0x0, 0xe, 0xff, 0xff, 0xff, 0x90,
    0x1e, 0xc7, 0x0, 0x0, 0x0, 0x15, 0x66, 0x66,
    0x40, 0x0, 0x0, 0x0, 0x0, 0x0, 0x0, 0x0,
    0x0, 0x0, 0x0,

    /* U+89C8 "览" */
    0x0, 0x0, 0x0, 0x46, 0x0, 0x3, 0x50, 0x0,
    0x0, 0x0, 0x2, 0x40, 0x9, 0xe0, 0x0, 0x9f,
    0x0, 0x0, 0x0, 0x0, 0x7f, 0x10, 0x9e, 0x0,
    0xe, 0xe8, 0x88, 0x88, 0x10, 0x7, 0xf1, 0x9,
    0xe0, 0x7, 0xff, 0xff, 0xff, 0xf2, 0x0, 0x7f,
    0x10, 0x9e, 0x2, 0xfd, 0x7, 0x40, 0x0, 0x0,
    0x7, 0xf1, 0x9, 0xe2, 0xdf, 0x31, 0xbf, 0x80,
    0x0, 0x0, 0x7f, 0x10, 0x9e, 0x7f, 0x50, 0x0,
    0x9f, 0x60, 0x0, 0x0, 0x15, 0x58, 0xa5, 0x75,
    0x55, 0x55, 0x70, 0x0, 0x0, 0x0, 0xff, 0xff,
    0xff, 0xff, 0xff, 0xf0, 0x0, 0x0, 0x0, 0xf,
    0xa1, 0x15, 0x71, 0x11, 0x8f, 0x0, 0x0, 0x0,
    0x0, 0xfa, 0x0, 0x9d, 0x0, 0x8, 0xf0, 0x0,
    0x0, 0x0, 0xf, 0xa0, 0xa, 0xc3, 0x10, 0x8f,
    0x0, 0x0, 0x0, 0x0, 0xfa, 0x0, 0xdc, 0xf5,
    0x8, 0xf0, 0x0, 0x0, 0x0, 0xf, 0xa0, 0x3f,
    0x9f, 0x50, 0x8f, 0x0, 0x0, 0x0, 0x0, 0x53,
    0x3e, 0xf3, 0xf5, 0x2, 0x50, 0x2a, 0x0, 0x0,
    0x2, 0x9f, 0xf4, 0x1f, 0x50, 0x0, 0x7, 0xe0,
    0x16, 0x9d, 0xff, 0xb2, 0x0, 0xef, 0xff, 0xff,
    0xf7, 0x0, 0xcf, 0xc8, 0x20, 0x0, 0x1, 0x67,
    0x77, 0x75, 0x0, 0x1, 0x0, 0x0, 0x0, 0x0,
    0x0, 0x0, 0x0, 0x0, 0x0,

    /* U+8BA1 "计" */
    0x0, 0x0, 0x0, 0x0, 0x0, 0x0, 0x0, 0x0,
    0x0, 0x1, 0xc6, 0x0, 0x0, 0x0, 0x6, 0xf1,
    0x0, 0x0, 0x0, 0xaf, 0x60, 0x0, 0x0, 0x7,
    0xf1, 0x0, 0x0, 0x0, 0xc, 0xf2, 0x0, 0x0,
    0x7, 0xf1, 0x0, 0x0, 0x0, 0x2, 0xd2, 0x0,
    0x0, 0x7, 0xf1, 0x0, 0x0, 0x0, 0x0, 0x0,
    0x0, 0x0, 0x7, 0xf1, 0x0, 0x0, 0x1, 0x11,
    0x0, 0x0, 0x0, 0x7, 0xf1, 0x0, 0x0, 0x8f,
    0xff, 0xe0, 0x8, 0x88, 0x8b, 0xf8, 0x88, 0x86,
    0x37, 0x7c, 0xe0, 0x1f, 0xff, 0xff, 0xff, 0xff,
    0xfb, 0x0, 0x9, 0xe0, 0x0, 0x0, 0x7, 0xf1,
    0x0, 0x0, 0x0, 0x9, 0xe0, 0x0, 0x0, 0x7,
    0xf1, 0x0, 0x0, 0x0, 0x9, 0xe0, 0x0, 0x0,
    0x7, 0xf1, 0x0, 0x0, 0x0, 0x9, 0xe0, 0x0,
    0x0, 0x7, 0xf1, 0x0, 0x0, 0x0, 0x9, 0xe0,
    0x0, 0x0, 0x7, 0xf1, 0x0, 0x0, 0x0, 0x9,
    0xe0, 0x0, 0x0, 0x7, 0xf1, 0x0, 0x0, 0x0,
    0x9, 0xe0, 0x3a, 0x0, 0x7, 0xf1, 0x0, 0x0,
    0x0, 0x9, 0xfb, 0xfc, 0x0, 0x7, 0xf1, 0x0,
    0x0, 0x0, 0xb, 0xfd, 0x50, 0x0, 0x7, 0xf1,
    0x0, 0x0, 0x0, 0x2, 0x60, 0x0, 0x0, 0x7,
    0xf1, 0x0, 0x0,

    /* U+8BA9 "让" */
    0x0, 0x0, 0x0, 0x0, 0x0, 0x62, 0x0, 0x0,
    0x0, 0x0, 0x9c, 0x20, 0x0, 0x0, 0xf7, 0x0,
    0x0, 0x0, 0x0, 0x3e, 0xe2, 0x0, 0x0, 0xf7,
    0x0, 0x0, 0x0, 0x0, 0x2, 0xfd, 0x0, 0x0,
    0xf7, 0x0, 0x0, 0x0, 0x0, 0x0, 0x54, 0x0,
    0x0, 0xf7, 0x0, 0x0, 0x0, 0x47, 0x77, 0x30,
    0x0, 0x0, 0xf7, 0x0, 0x0, 0x0, 0xaf, 0xff,
    0x70, 0x0, 0x0, 0xf7, 0x0, 0x0, 0x0, 0x0,
    0xf, 0x70, 0x0, 0x0, 0xff, 0xff, 0xff, 0x80,
    0x0, 0xf, 0x70, 0x0, 0x0, 0xfb, 0x88, 0x88,
    0x40, 0x0, 0xf, 0x70, 0x0, 0x0, 0xf7, 0x0,
    0x0, 0x0, 0x0, 0xf, 0x70, 0x0, 0x0, 0xf7,
    0x0, 0x0, 0x0, 0x0, 0xf, 0x70, 0x0, 0x0,
    0xf7, 0x0, 0x0, 0x0, 0x0, 0xf, 0x70, 0x4,
    0x10, 0xf7, 0x0, 0x0, 0x0, 0x0, 0xf, 0x75,
    0xcf, 0x30, 0xf7, 0x0, 0x0, 0x0, 0x0, 0xf,
    0xff, 0xe5, 0x0, 0xf7, 0x0, 0x0, 0x0, 0x0,
    0x1f, 0xe7, 0x0, 0x0, 0xf7, 0x0, 0x0, 0x0,
    0x0, 0x4, 0xc, 0xff, 0xff, 0xff, 0xff, 0xff,
    0xf8, 0x0, 0x0, 0x5, 0x66, 0x66, 0x66, 0x66,
    0x66, 0x63,

    /* U+8BBE "设" */
    0x0, 0x0, 0x0, 0x0, 0x0, 0x0, 0x0, 0x0,
    0x0, 0x0, 0xa, 0xc1, 0x0, 0x6, 0xff, 0xff,
    0xfe, 0x0, 0x0, 0x0, 0x3f, 0xc0, 0x0, 0x7f,
    0x88, 0x8c, 0xe0, 0x0, 0x0, 0x0, 0x4f, 0x80,
    0x7, 0xf1, 0x0, 0x9e, 0x0, 0x0, 0x0, 0x0,
    0x72, 0x0, 0x8f, 0x0, 0x9, 0xe0, 0x0, 0x0,
    0x0, 0x0, 0x0, 0xd, 0xd0, 0x0, 0x9f, 0x11,
    0x0, 0x78, 0x88, 0x30, 0x1b, 0xf5, 0x0, 0x6,
    0xff, 0xf6, 0xe, 0xff, 0xf7, 0xc, 0xf7, 0x0,
    0x0, 0x4, 0x55, 0x20, 0x0, 0x1f, 0x70, 0x17,
    0x55, 0x55, 0x55, 0x55, 0x0, 0x0, 0x1, 0xf7,
    0x0, 0xcf, 0xff, 0xff, 0xff, 0xc0, 0x0, 0x0,
    0x1f, 0x70, 0x1, 0xaf, 0x21, 0x14, 0xf7, 0x0,
    0x0, 0x1, 0xf7, 0x0, 0x2, 0xf8, 0x0, 0xcf,
    0x10, 0x0, 0x0, 0x1f, 0x70, 0x0, 0x9, 0xf3,
    0x9f, 0x60, 0x0, 0x0, 0x1, 0xf7, 0x3b, 0x40,
    0x1e, 0xff, 0x90, 0x0, 0x0, 0x0, 0x2f, 0xdf,
    0xe2, 0x1, 0xbf, 0xf6, 0x0, 0x0, 0x0, 0x2,
    0xff, 0x70, 0x18, 0xff, 0x7b, 0xfc, 0x40, 0x0,
    0x0, 0x5, 0x13, 0xaf, 0xfa, 0x10, 0x6, 0xef,
    0xe8, 0x0, 0x0, 0x0, 0x3e, 0x81, 0x0, 0x0,
    0x0, 0x7d, 0x60, 0x0, 0x0, 0x0, 0x0, 0x0,
    0x0, 0x0, 0x0, 0x0, 0x0,

    /* U+8BBF "访" */
    0x1, 0x80, 0x0, 0x0, 0x2, 0xb3, 0x0, 0x0,
    0x0, 0x4, 0xfc, 0x0, 0x0, 0x2, 0xdf, 0x60,
    0x0, 0x0, 0x0, 0x4f, 0xa0, 0x0, 0x0, 0xc,
    0xf4, 0x0, 0x0, 0x0, 0x8, 0xb0, 0x0, 0x0,
    0x1, 0x90, 0x0, 0x0, 0x0, 0x0, 0x2, 0xff,
    0xff, 0xff, 0xff, 0xff, 0xfc, 0x13, 0x33, 0x11,
    0x77, 0x7f, 0xc7, 0x77, 0x77, 0x75, 0xaf, 0xff,
    0x90, 0x0, 0xf, 0xa0, 0x0, 0x0, 0x0, 0x24,
    0x4f, 0x90, 0x0, 0xf, 0xa0, 0x0, 0x0, 0x0,
    0x0, 0xe, 0x90, 0x0, 0xf, 0xc8, 0x88, 0x88,
    0x30, 0x0, 0xe, 0x90, 0x0, 0x1f, 0xff, 0xff,
    0xff, 0x60, 0x0, 0xe, 0x90, 0x0, 0x3f, 0x60,
    0x0, 0x4f, 0x50, 0x0, 0xe, 0x90, 0x0, 0x6f,
    0x30, 0x0, 0x5f, 0x30, 0x0, 0xe, 0x90, 0x0,
    0xaf, 0x0, 0x0, 0x7f, 0x20, 0x0, 0xe, 0x90,
    0x20, 0xfa, 0x0, 0x0, 0x9f, 0x0, 0x0, 0xe,
    0xba, 0xc7, 0xf5, 0x0, 0x0, 0xcd, 0x0, 0x0,
    0x1f, 0xfe, 0x8f, 0xc0, 0x0, 0x0, 0xf9, 0x0,
    0x0, 0xc, 0x92, 0xdf, 0x20, 0x3b, 0x79, 0xf4,
    0x0, 0x0, 0x0, 0x6, 0xf5, 0x0, 0xc, 0xef,
    0xa0, 0x0, 0x0, 0x0, 0x0, 0x30, 0x0, 0x0,
    0x0, 0x0, 0x0,

    /* U+8BE5 "该" */
    0x0, 0x40, 0x0, 0x0, 0x5, 0x81, 0x0, 0x0,
    0x0, 0x5, 0xf9, 0x0, 0x0, 0x8, 0xfe, 0x40,
    0x0, 0x0, 0x0, 0x8f, 0x70, 0x11, 0x11, 0x3e,
    0xb1, 0x11, 0x10, 0x0, 0xb, 0xd4, 0xff, 0xff,
    0xff, 0xff, 0xff, 0xf2, 0x0, 0x1, 0x11, 0x66,
    0x66, 0xee, 0x66, 0x66, 0x60, 0x0, 0x0, 0x0,
    0x0, 0x6, 0xf6, 0x0, 0x30, 0x0, 0xbf, 0xff,
    0x90, 0x0, 0x4f, 0xa0, 0x3, 0xf5, 0x0, 0x68,
    0x8f, 0x90, 0x6, 0xfe, 0x8a, 0xce, 0xd0, 0x0,
    0x0, 0xe, 0x90, 0x5f, 0xff, 0xfc, 0xff, 0x30,
    0x0, 0x0, 0xe, 0x90, 0x7, 0x42, 0x9, 0xf6,
    0x8, 0x20, 0x0, 0xe, 0x90, 0x0, 0x2, 0xcf,
    0x70, 0x4f, 0x60, 0x0, 0xe, 0x90, 0x0, 0x7f,
    0xe4, 0x1, 0xec, 0x0, 0x0, 0xe, 0x90, 0x8e,
    0xfb, 0x10, 0xb, 0xf3, 0x0, 0x0, 0xe, 0x90,
    0x6b, 0x30, 0x0, 0xbf, 0x50, 0x0, 0x0, 0xe,
    0x90, 0x40, 0x0, 0x2c, 0xff, 0xd3, 0x0, 0x0,
    0xe, 0xbb, 0xf1, 0x6, 0xff, 0x65, 0xef, 0x60,
    0x0, 0x1f, 0xfe, 0x65, 0xdf, 0xd3, 0x0, 0x1d,
    0xf7, 0x0, 0x9, 0x80, 0xaf, 0xf7, 0x0, 0x0,
    0x1, 0xd4, 0x0, 0x0, 0x0, 0x6, 0x0, 0x0,
    0x0, 0x0, 0x0,

    /* U+8BF4 "说" */
    0x0, 0x0, 0x0, 0x4, 0x70, 0x0, 0x0, 0x55,
    0x0, 0x0, 0x8, 0x50, 0x0, 0x6f, 0x70, 0x0,
    0xe, 0xa0, 0x0, 0x0, 0xbf, 0x60, 0x0, 0x9f,
    0x20, 0x8, 0xf2, 0x0, 0x0, 0x0, 0xbf, 0x30,
    0x0, 0xe9, 0x6, 0xf8, 0x0, 0x0, 0x0, 0x1,
    0xd3, 0x0, 0x4, 0x10, 0x16, 0x0, 0x0, 0x0,
    0x0, 0x0, 0x0, 0xef, 0xff, 0xff, 0xff, 0xc0,
    0x0, 0x48, 0x88, 0x30, 0xe, 0xc7, 0x77, 0x77,
    0xdc, 0x0, 0x8, 0xff, 0xf7, 0x0, 0xe9, 0x0,
    0x0, 0xc, 0xc0, 0x0, 0x0, 0x1f, 0x70, 0xe,
    0x90, 0x0, 0x0, 0xcc, 0x0, 0x0, 0x1, 0xf7,
    0x0, 0xeb, 0x44, 0x44, 0x4d, 0xc0, 0x0, 0x0,
    0x1f, 0x70, 0xe, 0xff, 0xff, 0xff, 0xfc, 0x0,
    0x0, 0x1, 0xf7, 0x0, 0x22, 0xec, 0x2f, 0xa2,
    0x20, 0x0, 0x0, 0x1f, 0x70, 0x0, 0xf, 0xa0,
    0xf9, 0x0, 0x0, 0x0, 0x1, 0xf7, 0x18, 0x44,
    0xf7, 0xf, 0x90, 0x1, 0x0, 0x0, 0x1f, 0xce,
    0xf3, 0xbf, 0x20, 0xf9, 0x0, 0x6e, 0x10, 0x1,
    0xff, 0xb2, 0x8f, 0x90, 0xf, 0x90, 0x8, 0xf0,
    0x0, 0x7, 0x42, 0xaf, 0xc0, 0x0, 0xfc, 0x77,
    0xea, 0x0, 0x0, 0x0, 0xaf, 0xa0, 0x0, 0x8,
    0xff, 0xfd, 0x20, 0x0, 0x0, 0x1, 0x20, 0x0,
    0x0, 0x0, 0x0, 0x0, 0x0,

    /* U+8BF7 "请" */
    0x0, 0x0, 0x0, 0x0, 0x0, 0x1a, 0x40, 0x0,
    0x0, 0x4, 0x90, 0x0, 0x1, 0x11, 0x3f, 0x71,
    0x11, 0x10, 0x4, 0xfc, 0x0, 0x5f, 0xff, 0xff,
    0xff, 0xff, 0xe0, 0x0, 0x4f, 0x90, 0x14, 0x44,
    0x5f, 0x94, 0x44, 0x30, 0x0, 0x8, 0x70, 0xb,
    0xff, 0xff, 0xff, 0xff, 0x10, 0x0, 0x0, 0x0,
    0x6, 0x88, 0x9f, 0xb8, 0x88, 0x0, 0x12, 0x22,
    0x11, 0x33, 0x33, 0x5f, 0x83, 0x33, 0x32, 0xcf,
    0xff, 0x97, 0xff, 0xff, 0xff, 0xff, 0xff, 0xfd,
    0x34, 0x4f, 0x91, 0x35, 0x66, 0x66, 0x66, 0x66,
    0x32, 0x0, 0xf, 0x90, 0xa, 0xff, 0xff, 0xff,
    0xff, 0x0, 0x0, 0xf, 0x90, 0xa, 0xe2, 0x22,
    0x22, 0x9f, 0x0, 0x0, 0xf, 0x90, 0xa, 0xff,
    0xff, 0xff, 0xff, 0x0, 0x0, 0xf, 0x90, 0xa,
    0xe6, 0x66, 0x66, 0xbf, 0x0, 0x0, 0xf, 0x90,
    0xa, 0xe6, 0x66, 0x66, 0xbf, 0x0, 0x0, 0xf,
    0x90, 0x4a, 0xff, 0xff, 0xff, 0xff, 0x0, 0x0,
    0xf, 0xce, 0xda, 0xe0, 0x0, 0x0, 0x8f, 0x0,
    0x0, 0xf, 0xfd, 0x5a, 0xe0, 0x0, 0x66, 0xcf,
    0x0, 0x0, 0x6, 0x50, 0xa, 0xe0, 0x0, 0xaf,
    0xf8, 0x0,

    /* U+8BFB "读" */
    0x0, 0x0, 0x0, 0x0, 0x0, 0x2b, 0x30, 0x0,
    0x0, 0xc, 0xb1, 0x0, 0x0, 0x0, 0x3f, 0x50,
    0x0, 0x0, 0x4, 0xfd, 0x10, 0x6e, 0xee, 0xff,
    0xfe, 0xee, 0x90, 0x0, 0x4f, 0xa0, 0x37, 0x77,
    0x9f, 0x97, 0x77, 0x40, 0x0, 0x9, 0x70, 0x0,
    0x0, 0x3f, 0x50, 0x0, 0x0, 0x0, 0x0, 0x4,
    0xaa, 0xaa, 0xbf, 0xba, 0xaa, 0xa6, 0x78, 0x87,
    0x6, 0xee, 0xee, 0xee, 0xee, 0xee, 0xf9, 0xdf,
    0xff, 0x0, 0x3, 0xa1, 0x7, 0x50, 0x5, 0xf4,
    0x0, 0x8f, 0x0, 0x2, 0xde, 0x2e, 0xa0, 0x1e,
    0xc0, 0x0, 0x8f, 0x2, 0xd7, 0xc, 0x8e, 0xa0,
    0x4, 0x30, 0x0, 0x8f, 0x0, 0x7f, 0x90, 0xe,
    0x90, 0x0, 0x0, 0x0, 0x8f, 0x3, 0x39, 0xf6,
    0x3f, 0xa3, 0x33, 0x32, 0x0, 0x8f, 0xe, 0xff,
    0xff, 0xff, 0xff, 0xff, 0xf9, 0x0, 0x8f, 0x2,
    0x32, 0x22, 0xcf, 0x52, 0x22, 0x21, 0x0, 0x8f,
    0x4d, 0x60, 0x6, 0xf9, 0xed, 0x50, 0x0, 0x0,
    0xaf, 0xfb, 0x22, 0xaf, 0xb0, 0x4c, 0xfb, 0x10,
    0x0, 0xae, 0x55, 0xaf, 0xf8, 0x0, 0x0, 0x7f,
    0xe2, 0x0, 0x0, 0x2f, 0xfa, 0x20, 0x0, 0x0,
    0x3, 0xf7, 0x0, 0x0, 0x3, 0x10, 0x0, 0x0,
    0x0, 0x0, 0x20,

    /* U+8C03 "调" */
    0x0, 0x0, 0x0, 0x0, 0x0, 0x0, 0x0, 0x0,
    0x0, 0x1d, 0x60, 0x0, 0x88, 0x88, 0x88, 0x88,
    0x87, 0x0, 0x9f, 0x60, 0xf, 0xff, 0xff, 0xff,
    0xff, 0xf0, 0x0, 0xae, 0x0, 0xf8, 0x0, 0x97,
    0x0, 0x9f, 0x0, 0x1, 0x20, 0xf, 0x80, 0xd,
    0xa0, 0x9, 0xf0, 0x0, 0x0, 0x0, 0xf8, 0xff,
    0xff, 0xfd, 0x9f, 0x8f, 0xff, 0x80, 0xf, 0x84,
    0x5d, 0xc5, 0x49, 0xf4, 0x88, 0xf8, 0x0, 0xf8,
    0x33, 0xdb, 0x33, 0x9f, 0x0, 0xf, 0x80, 0xf,
    0x9f, 0xff, 0xff, 0xf9, 0xf0, 0x0, 0xf8, 0x0,
    0xf8, 0x44, 0x44, 0x44, 0x9f, 0x0, 0xf, 0x80,
    0xf, 0x86, 0xff, 0xff, 0x49, 0xf0, 0x0, 0xf8,
    0x0, 0xf8, 0x7f, 0x68, 0xf4, 0x9f, 0x0, 0xf,
    0x80, 0x2f, 0x87, 0xf0, 0x3f, 0x49, 0xf0, 0x0,
    0xfb, 0xc9, 0xf6, 0x7f, 0x14, 0xf4, 0x9f, 0x0,
    0x1f, 0xfe, 0x8f, 0x47, 0xff, 0xff, 0x49, 0xf0,
    0x0, 0xc9, 0xa, 0xf0, 0x14, 0x44, 0x41, 0x9f,
    0x0, 0x0, 0x3, 0xf9, 0x0, 0x0, 0x17, 0x6d,
    0xd0, 0x0, 0x0, 0xdf, 0x10, 0x0, 0x0, 0xff,
    0xe5, 0x0, 0x0, 0x2, 0x40, 0x0, 0x0, 0x0,
    0x0, 0x0,

    /* U+8D25 "败" */
    0x0, 0x0, 0x0, 0x0, 0x0, 0xb, 0x50, 0x0,
    0x0, 0x4, 0x77, 0x77, 0x77, 0x0, 0x1f, 0x60,
    0x0, 0x0, 0x9, 0xff, 0xff, 0xff, 0x10, 0x3f,
    0x40, 0x0, 0x0, 0x9, 0xe0, 0x0, 0x7f, 0x10,
    0x6f, 0x10, 0x0, 0x0, 0x9, 0xe0, 0xc5, 0x7f,
    0x10, 0xaf, 0xff, 0xff, 0xf2, 0x9, 0xe0, 0xf7,
    0x7f, 0x10, 0xed, 0x88, 0xcf, 0x81, 0x9, 0xe0,
    0xf7, 0x7f, 0x15, 0xf8, 0x0, 0x8d, 0x0, 0x9,
    0xe0, 0xf7, 0x7f, 0x1c, 0xfb, 0x0, 0xac, 0x0,
    0x9, 0xe0, 0xf7, 0x7f, 0x8f, 0xef, 0x0, 0xd9,
    0x0, 0x9, 0xe0, 0xf7, 0x7f, 0x5b, 0x4f, 0x41,
    0xf6, 0x0, 0x9, 0xe1, 0xf7, 0x7f, 0x10, 0xf,
    0x96, 0xf1, 0x0, 0x9, 0xe3, 0xf6, 0x7f, 0x10,
    0x9, 0xfd, 0xc0, 0x0, 0x8, 0xd5, 0xf4, 0x6e,
    0x10, 0x3, 0xff, 0x50, 0x0, 0x0, 0xa, 0xf4,
    0x10, 0x0, 0x0, 0xef, 0x20, 0x0, 0x0, 0x2f,
    0xbc, 0xe2, 0x0, 0x9, 0xff, 0xd0, 0x0, 0x1,
    0xdf, 0x21, 0xde, 0x10, 0x8f, 0x65, 0xfb, 0x0,
    0x4e, 0xf5, 0x0, 0x2f, 0x8a, 0xf8, 0x0, 0x7f,
    0xc1, 0x9e, 0x40, 0x0, 0x3, 0x6f, 0x70, 0x0,
    0x6, 0xfa, 0x1, 0x0, 0x0, 0x0, 0x2, 0x0,
    0x0, 0x0, 0x30,

    /* U+8D27 "货" */
    0x0, 0x0, 0x0, 0x83, 0x0, 0x86, 0x0, 0x0,
    0x0, 0x0, 0x0, 0x0, 0x6f, 0x50, 0xd, 0x90,
    0x3, 0x0, 0x0, 0x0, 0x0, 0x3f, 0xb0, 0x0,
    0xd9, 0x9, 0xf6, 0x0, 0x0, 0x0, 0x2e, 0xf2,
    0x0, 0xd, 0xce, 0xf6, 0x0, 0x0, 0x0, 0x4e,
    0xff, 0x0, 0x5, 0xff, 0xb2, 0x0, 0x0, 0x1,
    0xaf, 0xca, 0xf0, 0x5c, 0xff, 0xa0, 0x0, 0x4,
    0xd1, 0x1d, 0x70, 0x8f, 0x9f, 0xd4, 0xda, 0x22,
    0x22, 0x9f, 0x0, 0x0, 0x8, 0xf1, 0x40, 0xb,
    0xff, 0xff, 0xff, 0x90, 0x0, 0x0, 0x3b, 0x55,
    0x55, 0x59, 0x99, 0x74, 0x40, 0x0, 0x0, 0x2,
    0xff, 0xff, 0xff, 0xff, 0xf9, 0x0, 0x0, 0x0,
    0x0, 0x2f, 0x71, 0x19, 0x61, 0x1e, 0x90, 0x0,
    0x0, 0x0, 0x2, 0xf6, 0x0, 0xf9, 0x0, 0xe9,
    0x0, 0x0, 0x0, 0x0, 0x2f, 0x60, 0xf, 0x80,
    0xe, 0x90, 0x0, 0x0, 0x0, 0x2, 0xf6, 0x3,
    0xf6, 0x0, 0xe9, 0x0, 0x0, 0x0, 0x0, 0x2f,
    0x61, 0xdf, 0x32, 0xc, 0x80, 0x0, 0x0, 0x0,
    0x0, 0x38, 0xff, 0x4b, 0xfe, 0xa5, 0x0, 0x0,
    0x6, 0x8a, 0xdf, 0xfb, 0x20, 0x1, 0x6b, 0xff,
    0xa2, 0x0, 0x7f, 0xeb, 0x72, 0x0, 0x0, 0x0,
    0x1, 0x8e, 0x60, 0x0, 0x0, 0x0, 0x0, 0x0,
    0x0, 0x0, 0x0, 0x0, 0x0,

    /* U+8DDF "跟" */
    0x3, 0x77, 0x77, 0x73, 0x8c, 0xcc, 0xcc, 0xcb,
    0x0, 0x0, 0x8f, 0xff, 0xff, 0x7b, 0xfb, 0xbb,
    0xbe, 0xe0, 0x0, 0x8, 0xe0, 0x1, 0xf7, 0xbe,
    0x0, 0x0, 0x9e, 0x0, 0x0, 0x8e, 0x0, 0x1f,
    0x7b, 0xe4, 0x44, 0x4b, 0xe0, 0x0, 0x8, 0xe0,
    0x1, 0xf7, 0xbf, 0xff, 0xff, 0xfe, 0x0, 0x0,
    0x8f, 0xff, 0xff, 0x7b, 0xe2, 0x22, 0x2a, 0xe0,
    0x0, 0x4, 0x88, 0xfc, 0x83, 0xbe, 0x0, 0x0,
    0x9e, 0x0, 0x0, 0x12, 0xf, 0x90, 0xb, 0xfa,
    0xaa, 0xad, 0xe0, 0x0, 0x8, 0xe0, 0xf9, 0x0,
    0xbf, 0xde, 0xfd, 0xdb, 0x0, 0x0, 0x8e, 0xf,
    0xff, 0x8b, 0xe0, 0x4f, 0x40, 0x3b, 0x10, 0x8,
    0xe0, 0xfc, 0x84, 0xbe, 0x1, 0xf8, 0x6f, 0xd1,
    0x0, 0x8e, 0xf, 0x90, 0xb, 0xe0, 0xc, 0xff,
    0xc1, 0x0, 0x8, 0xe0, 0xf9, 0x0, 0xbe, 0x0,
    0x6f, 0xb0, 0x0, 0x0, 0x8e, 0xf, 0xa5, 0x9b,
    0xe0, 0x0, 0xde, 0x10, 0x0, 0x8, 0xf8, 0xff,
    0xfd, 0xbe, 0x3a, 0xb3, 0xfd, 0x20, 0x9, 0xff,
    0xfb, 0x72, 0x8e, 0xff, 0xe7, 0x3, 0xff, 0x70,
    0x39, 0x40, 0x0, 0xa, 0xfb, 0x50, 0x0, 0x2,
    0xbe, 0x20, 0x0, 0x0, 0x0, 0x11, 0x0, 0x0,
    0x0, 0x0, 0x10,

    /* U+8DEF "路" */
    0x0, 0x0, 0x0, 0x0, 0x0, 0xb, 0x40, 0x0,
    0x0, 0x0, 0x0, 0x9c, 0xcc, 0xcb, 0x0, 0x3f,
    0x50, 0x0, 0x0, 0x0, 0x0, 0xce, 0xaa, 0xdf,
    0x0, 0x9f, 0xff, 0xff, 0xf4, 0x0, 0x0, 0xcb,
    0x0, 0x9f, 0x1, 0xff, 0x88, 0x8d, 0xf2, 0x0,
    0x0, 0xcb, 0x0, 0x9f, 0x9, 0xff, 0x50, 0x2f,
    0xb0, 0x0, 0x0, 0xcc, 0x22, 0xaf, 0x4f, 0xab,
    0xd0, 0xbf, 0x30, 0x0, 0x0, 0xcf, 0xff, 0xff,
    0xfd, 0x1, 0xed, 0xf7, 0x0, 0x0, 0x0, 0x34,
    0xaf, 0x44, 0x41, 0x0, 0xaf, 0xc0, 0x0, 0x0,
    0x0, 0x10, 0x8f, 0x0, 0x0, 0x2b, 0xfc, 0xfa,
    0x10, 0x0, 0x1, 0xf7, 0x8f, 0x87, 0x3a, 0xfe,
    0x40, 0x6f, 0xf9, 0x20, 0x1, 0xf7, 0x8f, 0xff,
    0xff, 0xb3, 0x22, 0x24, 0xcf, 0xf2, 0x1, 0xf7,
    0x8f, 0x0, 0x52, 0xff, 0xff, 0xff, 0xa2, 0x30,
    0x1, 0xf7, 0x8f, 0x0, 0x1, 0xfa, 0x44, 0x4f,
    0xa0, 0x0, 0x1, 0xf7, 0x8f, 0x4, 0x51, 0xf7,
    0x0, 0xe, 0xa0, 0x0, 0x1, 0xf7, 0x8f, 0xef,
    0x81, 0xf7, 0x0, 0xe, 0xa0, 0x0, 0x1, 0xfd,
    0xff, 0xa4, 0x1, 0xf9, 0x33, 0x3f, 0xa0, 0x0,
    0x1d, 0xfe, 0x81, 0x0, 0x1, 0xff, 0xff, 0xff,
    0xa0, 0x0, 0x5, 0x50, 0x0, 0x0, 0x1, 0xf9,
    0x44, 0x4f, 0xa0, 0x0, 0x0, 0x0, 0x0, 0x0,
    0x0, 0x10, 0x0, 0x0, 0x0, 0x0,

    /* U+8DF3 "跳" */
    0x0, 0x0, 0x0, 0x0, 0x0, 0x9, 0x44, 0x90,
    0x0, 0x0, 0x6, 0x88, 0x88, 0x40, 0x1, 0xf7,
    0x8f, 0x0, 0x0, 0x0, 0xcf, 0xff, 0xf8, 0x0,
    0x1f, 0x78, 0xf0, 0x0, 0x0, 0xc, 0xc0, 0xf,
    0x85, 0x11, 0xf7, 0x8f, 0x0, 0x50, 0x0, 0xcc,
    0x0, 0xfc, 0xfb, 0x1f, 0x78, 0xf0, 0x4f, 0x30,
    0xc, 0xc0, 0xf, 0x85, 0xf6, 0xf7, 0x8f, 0xd,
    0xc0, 0x0, 0xcf, 0xff, 0xf8, 0xd, 0xcf, 0x78,
    0xf9, 0xf2, 0x0, 0x6, 0x8c, 0xf8, 0x40, 0x43,
    0xf7, 0x8f, 0x24, 0x0, 0x0, 0x0, 0x9e, 0x0,
    0x0, 0x1f, 0x78, 0xf0, 0x0, 0x0, 0xd, 0x89,
    0xf8, 0x80, 0x7, 0xf7, 0x8f, 0xc2, 0x0, 0x0,
    0xe9, 0x9f, 0xff, 0x5c, 0xff, 0x68, 0xfe, 0xf5,
    0x0, 0xe, 0x99, 0xe0, 0xaf, 0xd8, 0xf4, 0x8f,
    0x1b, 0xf5, 0x0, 0xe9, 0x9e, 0x2, 0x70, 0x9f,
    0x18, 0xf0, 0xa, 0x20, 0xe, 0x99, 0xe0, 0x1,
    0x1f, 0xb0, 0x8f, 0x0, 0x74, 0x0, 0xe9, 0x9f,
    0xbf, 0x7a, 0xf3, 0x8, 0xf0, 0xc, 0xa0, 0x4f,
    0xff, 0xfc, 0x7a, 0xf8, 0x0, 0x8f, 0x0, 0xf7,
    0xd, 0xfb, 0x61, 0x1b, 0xfa, 0x0, 0x6, 0xff,
    0xff, 0x20, 0x10, 0x0, 0x4, 0xf8, 0x0, 0x0,
    0x6, 0x87, 0x30, 0x0, 0x0, 0x0, 0x1, 0x0,
    0x0, 0x0, 0x0, 0x0, 0x0,

    /* U+8F83 "较" */
    0x0, 0x6, 0x30, 0x0, 0x2, 0xb4, 0x0, 0x0,
    0x0, 0x0, 0xe, 0x90, 0x0, 0x2, 0xbf, 0x80,
    0x0, 0x0, 0x0, 0xf, 0x60, 0x2, 0x33, 0x3c,
    0xe4, 0x33, 0x31, 0xbf, 0xff, 0xff, 0xfa, 0xff,
    0xff, 0xff, 0xff, 0xf5, 0x57, 0xcf, 0x77, 0x72,
    0x34, 0x93, 0x35, 0x53, 0x31, 0x0, 0xcb, 0x11,
    0x0, 0x7, 0xf2, 0xb, 0xf4, 0x0, 0x1, 0xf7,
    0xf9, 0x0, 0x3f, 0xb0, 0x0, 0xcf, 0x40, 0x7,
    0xf1, 0xf9, 0x6, 0xfe, 0x10, 0x0, 0xe, 0xe1,
    0xe, 0xc2, 0xf9, 0x2b, 0xd6, 0x80, 0x8, 0x74,
    0xf3, 0x1f, 0xff, 0xff, 0xf6, 0x18, 0xf0, 0xd,
    0xc0, 0x10, 0x4, 0x44, 0xfb, 0x41, 0x3, 0xf6,
    0x2f, 0x70, 0x0, 0x0, 0x0, 0xf9, 0x37, 0x30,
    0xde, 0xaf, 0x10, 0x0, 0x0, 0x47, 0xff, 0xfe,
    0x30, 0x4f, 0xf8, 0x0, 0x0, 0x9f, 0xfe, 0xfb,
    0x30, 0x0, 0x2f, 0xf5, 0x0, 0x0, 0x25, 0x10,
    0xf9, 0x0, 0x3, 0xee, 0xcf, 0x50, 0x0, 0x0,
    0x0, 0xf9, 0x1, 0x8f, 0xd2, 0xb, 0xfa, 0x10,
    0x0, 0x0, 0xf9, 0xaf, 0xf9, 0x0, 0x0, 0x8f,
    0xf7, 0x0, 0x0, 0xf9, 0x8a, 0x30, 0x0, 0x0,
    0x2, 0xb4,

    /* U+8F93 "输" */
    0x0, 0x12, 0x0, 0x0, 0x0, 0x1b, 0x20, 0x0,
    0x0, 0x0, 0x5f, 0x20, 0x0, 0x0, 0xaf, 0x70,
    0x0, 0x0, 0x0, 0x7f, 0x0, 0x0, 0x6, 0xfd,
    0xf5, 0x0, 0x0, 0x35, 0xbe, 0x55, 0x50, 0x6f,
    0xd0, 0x9f, 0x70, 0x0, 0xbf, 0xff, 0xff, 0xf9,
    0xff, 0x53, 0x3c, 0xfb, 0x20, 0x1, 0xf8, 0x52,
    0xdf, 0xdf, 0xff, 0xff, 0xdf, 0xf8, 0x7, 0xf6,
    0xf1, 0x88, 0x2, 0x22, 0x22, 0x26, 0x71, 0xd,
    0xa5, 0xf1, 0x7, 0xcc, 0xcc, 0x10, 0x2f, 0x40,
    0x4f, 0xbb, 0xfa, 0x79, 0xfc, 0xdf, 0x5f, 0x4f,
    0x40, 0x3c, 0xcd, 0xfc, 0x99, 0xd0, 0x5f, 0x5f,
    0x4f, 0x40, 0x0, 0x5, 0xf1, 0x9, 0xfe, 0xef,
    0x5f, 0x4f, 0x40, 0x0, 0x5, 0xf4, 0x69, 0xe7,
    0xaf, 0x5f, 0x4f, 0x40, 0x0, 0x2a, 0xff, 0xc9,
    0xd0, 0x5f, 0x5f, 0x4f, 0x40, 0x7e, 0xff, 0xf5,
    0x9, 0xfe, 0xff, 0x5f, 0x4f, 0x40, 0x49, 0x45,
    0xf1, 0x9, 0xe7, 0xaf, 0x5f, 0x4f, 0x40, 0x0,
    0x5, 0xf1, 0x9, 0xd0, 0x5f, 0x23, 0x3f, 0x40,
    0x0, 0x5, 0xf1, 0x9, 0xd2, 0x7f, 0x14, 0x8f,
    0x30, 0x0, 0x5, 0xf1, 0x8, 0xc3, 0xfd, 0x7,
    0xfd, 0x10,

    /* U+8FC7 "过" */
    0x0, 0x0, 0x0, 0x0, 0x0, 0x0, 0x0, 0x58,
    0x0, 0x0, 0xd, 0xa0, 0x0, 0x0, 0x0, 0x0,
    0x9, 0xe0, 0x0, 0x0, 0x5f, 0xb0, 0x0, 0x0,
    0x0, 0x0, 0x9e, 0x0, 0x0, 0x0, 0x6f, 0x70,
    0x0, 0x0, 0x0, 0x9, 0xe0, 0x0, 0x0, 0x0,
    0xab, 0x3f, 0xff, 0xff, 0xff, 0xff, 0xff, 0x50,
    0x0, 0x0, 0x1, 0x66, 0x66, 0x66, 0x6c, 0xf6,
    0x62, 0x1, 0x22, 0x21, 0x0, 0x0, 0x0, 0x0,
    0x9e, 0x0, 0x0, 0xef, 0xff, 0xf0, 0x3, 0x80,
    0x0, 0x9, 0xe0, 0x0, 0x4, 0x55, 0xaf, 0x0,
    0x8f, 0xb0, 0x0, 0x9e, 0x0, 0x0, 0x0, 0x7,
    0xf0, 0x0, 0x6f, 0xb0, 0x9, 0xe0, 0x0, 0x0,
    0x0, 0x7f, 0x0, 0x0, 0x7f, 0x80, 0x9e, 0x0,
    0x0, 0x0, 0x7, 0xf0, 0x0, 0x0, 0xa9, 0x9,
    0xe0, 0x0, 0x0, 0x0, 0x7f, 0x0, 0x0, 0x0,
    0x0, 0x9e, 0x0, 0x0, 0x0, 0x7, 0xf0, 0x0,
    0x0, 0x0, 0x9, 0xe0, 0x0, 0x0, 0x3, 0xef,
    0x90, 0x0, 0x0, 0x9c, 0xec, 0x0, 0x0, 0x6,
    0xfc, 0x8f, 0xc4, 0x10, 0x4, 0xa9, 0x20, 0x1,
    0xb, 0xfa, 0x0, 0x5d, 0xff, 0xff, 0xfe, 0xff,
    0xff, 0x70, 0xb6, 0x0, 0x0, 0x2, 0x56, 0x66,
    0x66, 0x66, 0x61, 0x0, 0x0, 0x0, 0x0, 0x0,
    0x0, 0x0, 0x0, 0x0, 0x0,

    /* U+8FD0 "运" */
    0x0, 0x0, 0x0, 0x0, 0x0, 0x0, 0x0, 0x0,
    0x0, 0x0, 0x4, 0xc2, 0x0, 0x0, 0x0, 0x0,
    0x0, 0x0, 0x0, 0x0, 0x2d, 0xf3, 0xf, 0xff,
    0xff, 0xff, 0xff, 0xf2, 0x0, 0x0, 0x1d, 0xe1,
    0x88, 0x88, 0x88, 0x88, 0x88, 0x10, 0x0, 0x0,
    0x2a, 0x0, 0x0, 0x0, 0x0, 0x0, 0x0, 0x0,
    0x0, 0x0, 0x0, 0x0, 0x0, 0x0, 0x0, 0x0,
    0x0, 0x0, 0x0, 0x1, 0xbb, 0xbb, 0xbb, 0xbb,
    0xbb, 0xbb, 0x30, 0x58, 0x87, 0x1d, 0xdd, 0xde,
    0xed, 0xdd, 0xdd, 0xd4, 0xa, 0xff, 0xe0, 0x0,
    0x0, 0xbe, 0x0, 0x0, 0x0, 0x0, 0x0, 0x9e,
    0x0, 0x0, 0x4f, 0x80, 0x20, 0x0, 0x0, 0x0,
    0x9, 0xe0, 0x0, 0xe, 0xd0, 0x2f, 0x90, 0x0,
    0x0, 0x0, 0x9e, 0x0, 0xb, 0xf3, 0x0, 0x6f,
    0x90, 0x0, 0x0, 0x9, 0xe0, 0x9, 0xf6, 0x34,
    0x67, 0xdf, 0x60, 0x0, 0x0, 0x9e, 0x2, 0xff,
    0xff, 0xff, 0xfd, 0xef, 0x10, 0x0, 0x1d, 0xf5,
    0x7, 0x86, 0x43, 0x10, 0x2, 0xf4, 0x0, 0x1d,
    0xf9, 0xfa, 0x30, 0x0, 0x0, 0x0, 0x1, 0x0,
    0x1d, 0xf3, 0x7, 0xff, 0xfe, 0xee, 0xee, 0xee,
    0xef, 0xb0, 0x84, 0x0, 0x0, 0x57, 0x88, 0x88,
    0x88, 0x88, 0x83,

    /* U+8FD1 "近" */
    0x0, 0x20, 0x0, 0x0, 0x0, 0x0, 0x0, 0x4,
    0x30, 0x0, 0x2, 0xf7, 0x0, 0x0, 0x0, 0x0,
    0x48, 0xdf, 0xe1, 0x0, 0x0, 0x8f, 0x60, 0x0,
    0x9b, 0xdf, 0xff, 0xc7, 0x10, 0x0, 0x0, 0xb,
    0xe1, 0x0, 0xfe, 0xa8, 0x41, 0x0, 0x0, 0x0,
    0x0, 0x2, 0xd2, 0x0, 0xf9, 0x0, 0x0, 0x0,
    0x0, 0x0, 0x0, 0x0, 0x0, 0x0, 0xfc, 0x66,
    0x66, 0x66, 0x66, 0x0, 0x4, 0x66, 0x63, 0x0,
    0xff, 0xff, 0xff, 0xff, 0xff, 0x0, 0xa, 0xff,
    0xf8, 0x0, 0xfa, 0x11, 0x1f, 0xa1, 0x11, 0x0,
    0x0, 0x0, 0xf8, 0x0, 0xf8, 0x0, 0xf, 0x90,
    0x0, 0x0, 0x0, 0x0, 0xf8, 0x0, 0xf8, 0x0,
    0xf, 0x90, 0x0, 0x0, 0x0, 0x0, 0xf8, 0x1,
    0xf6, 0x0, 0xf, 0x90, 0x0, 0x0, 0x0, 0x0,
    0xf8, 0x4, 0xf3, 0x0, 0xf, 0x90, 0x0, 0x0,
    0x0, 0x0, 0xf8, 0x9, 0xf0, 0x0, 0xf, 0x90,
    0x0, 0x0, 0x0, 0x0, 0xf8, 0x1f, 0xa0, 0x0,
    0xf, 0x90, 0x0, 0x0, 0x0, 0x6, 0xfd, 0x5d,
    0x30, 0x0, 0xf, 0x90, 0x0, 0x0, 0x0, 0x9f,
    0xbf, 0xf7, 0x10, 0x0, 0x4, 0x20, 0x0, 0x10,
    0x1c, 0xf8, 0x2, 0xcf, 0xfe, 0xdc, 0xcd, 0xde,
    0xff, 0xd0, 0xb, 0x60, 0x0, 0x3, 0x67, 0x88,
    0x88, 0x88, 0x88, 0x40, 0x0, 0x0, 0x0, 0x0,
    0x0, 0x0, 0x0, 0x0, 0x0, 0x0,

    /* U+8FD4 "返" */
    0x0, 0x51, 0x0, 0x0, 0x0, 0x0, 0x0, 0x0,
    0x0, 0x0, 0x2, 0xfd, 0x0, 0x1, 0xff, 0xff,
    0xff, 0xff, 0xff, 0x10, 0x0, 0x6f, 0x90, 0x1,
    0xfb, 0x88, 0x88, 0x88, 0x88, 0x10, 0x0, 0xb,
    0xf3, 0x1, 0xf7, 0x0, 0x0, 0x0, 0x0, 0x0,
    0x0, 0x2, 0xc2, 0x1, 0xf7, 0x0, 0x0, 0x0,
    0x0, 0x0, 0x0, 0x0, 0x0, 0x1, 0xfd, 0xcc,
    0xcc, 0xcc, 0xc2, 0x0, 0x0, 0x0, 0x0, 0x1,
    0xfe, 0xcc, 0xcc, 0xce, 0xf0, 0x0, 0xb, 0xff,
    0xf7, 0x1, 0xf6, 0x0, 0x0, 0xb, 0xc0, 0x0,
    0x5, 0x77, 0xf7, 0x2, 0xf7, 0xd9, 0x10, 0x1f,
    0x70, 0x0, 0x0, 0x0, 0xf7, 0x4, 0xf5, 0x7e,
    0xf6, 0xaf, 0x10, 0x0, 0x0, 0x0, 0xf7, 0x7,
    0xf1, 0x1, 0xbf, 0xf8, 0x0, 0x0, 0x0, 0x0,
    0xf7, 0xb, 0xe0, 0x0, 0x3f, 0xfd, 0x10, 0x0,
    0x0, 0x0, 0xf7, 0x1f, 0x90, 0x6, 0xfd, 0x6f,
    0xd1, 0x0, 0x0, 0x0, 0xf7, 0x9f, 0x33, 0xcf,
    0xb1, 0x4, 0xfc, 0x0, 0x0, 0x4, 0xfb, 0x59,
    0x6f, 0xe5, 0x0, 0x0, 0x6e, 0x20, 0x0, 0x8f,
    0xdf, 0xd5, 0x15, 0x0, 0x0, 0x0, 0x1, 0x0,
    0xc, 0xfa, 0x4, 0xdf, 0xfe, 0xdd, 0xee, 0xee,
    0xff, 0xf0, 0x6, 0x80, 0x0, 0x3, 0x68, 0x89,
    0x99, 0x99, 0x99, 0x60,

    /* U+8FD9 "这" */
    0x0, 0x0, 0x0, 0x0, 0x0, 0x10, 0x0, 0x0,
    0x0, 0x0, 0xa, 0x70, 0x0, 0x0, 0x1e, 0xa0,
    0x0, 0x0, 0x0, 0x0, 0x7f, 0x80, 0x0, 0x0,
    0x5f, 0xa0, 0x0, 0x0, 0x0, 0x0, 0x9f, 0x40,
    0x0, 0x0, 0x9c, 0x0, 0x0, 0x0, 0x0, 0x0,
    0xe8, 0x7f, 0xff, 0xff, 0xff, 0xff, 0xfe, 0x0,
    0x0, 0x1, 0x3, 0x77, 0x77, 0x77, 0x78, 0x77,
    0x60, 0x0, 0x0, 0x0, 0x0, 0x65, 0x0, 0x2,
    0xf5, 0x0, 0x0, 0xdf, 0xff, 0x10, 0xb, 0xfa,
    0x0, 0x9f, 0x10, 0x0, 0x5, 0x6a, 0xf1, 0x0,
    0x8, 0xfc, 0x3f, 0xa0, 0x0, 0x0, 0x0, 0x7f,
    0x10, 0x0, 0x5, 0xff, 0xf2, 0x0, 0x0, 0x0,
    0x7, 0xf1, 0x0, 0x0, 0x8, 0xff, 0x30, 0x0,
    0x0, 0x0, 0x7f, 0x10, 0x0, 0x3, 0xfd, 0xef,
    0x30, 0x0, 0x0, 0x7, 0xf1, 0x0, 0x6, 0xff,
    0x24, 0xfd, 0x10, 0x0, 0x0, 0x7f, 0x10, 0x5c,
    0xfe, 0x30, 0x7, 0xf9, 0x0, 0x0, 0x1d, 0xf8,
    0x9, 0xf9, 0x10, 0x0, 0xd, 0xa0, 0x0, 0x1d,
    0xfa, 0xfb, 0x42, 0x0, 0x0, 0x0, 0x20, 0x0,
    0x2e, 0xf4, 0x5, 0xdf, 0xff, 0xff, 0xff, 0xff,
    0xff, 0x90, 0x84, 0x0, 0x0, 0x36, 0x78, 0x88,
    0x88, 0x88, 0x82,

    /* U+8FDE "连" */
    0x0, 0x0, 0x0, 0x0, 0x0, 0x0, 0x0, 0x0,
    0x0, 0x0, 0x4, 0x0, 0x0, 0x0, 0x6d, 0x0,
    0x0, 0x0, 0x0, 0x2, 0xfc, 0x10, 0x0, 0xa,
    0xd0, 0x0, 0x0, 0x0, 0x0, 0x4, 0xfb, 0xa,
    0xdd, 0xff, 0xdd, 0xdd, 0xdd, 0x50, 0x0, 0x7,
    0xf5, 0x8a, 0xcf, 0xaa, 0xaa, 0xaa, 0xa4, 0x0,
    0x0, 0x6, 0x0, 0xa, 0xd0, 0x58, 0x0, 0x0,
    0x0, 0x0, 0x0, 0x0, 0x1, 0xf7, 0x9, 0xf0,
    0x0, 0x0, 0x0, 0xab, 0xbb, 0x0, 0x7f, 0x75,
    0xbf, 0x55, 0x54, 0x0, 0xa, 0xbe, 0xf0, 0xa,
    0xff, 0xff, 0xff, 0xff, 0xb0, 0x0, 0x0, 0x9f,
    0x0, 0x11, 0x11, 0xaf, 0x11, 0x11, 0x0, 0x0,
    0x9, 0xf0, 0x0, 0x0, 0x9, 0xf0, 0x0, 0x0,
    0x0, 0x0, 0x9f, 0xe, 0xee, 0xee, 0xff, 0xee,
    0xee, 0xe3, 0x0, 0x9, 0xf0, 0x88, 0x88, 0x8c,
    0xf8, 0x88, 0x88, 0x10, 0x0, 0x9f, 0x0, 0x0,
    0x0, 0x9f, 0x0, 0x0, 0x0, 0x0, 0xc, 0xf1,
    0x0, 0x0, 0x9, 0xf0, 0x0, 0x0, 0x0, 0x1c,
    0xfd, 0xe5, 0x0, 0x0, 0x9e, 0x0, 0x0, 0x0,
    0x1d, 0xf3, 0x1b, 0xfe, 0xa8, 0x77, 0x77, 0x77,
    0x77, 0x60, 0x83, 0x0, 0x3, 0x9d, 0xff, 0xff,
    0xff, 0xff, 0xf4,

    /* U+901F "速" */
    0x0, 0x0, 0x0, 0x0, 0x0, 0x4, 0x90, 0x0,
    0x0, 0x0, 0x2e, 0x60, 0x0, 0x0, 0x0, 0x8f,
    0x0, 0x0, 0x0, 0x0, 0x9f, 0x50, 0x58, 0x88,
    0x8c, 0xf8, 0x88, 0x88, 0x0, 0x0, 0xce, 0x1a,
    0xff, 0xff, 0xff, 0xff, 0xff, 0xf1, 0x0, 0x2,
    0xc2, 0x0, 0x0, 0x8, 0xf0, 0x0, 0x0, 0x0,
    0x0, 0x0, 0x0, 0x9f, 0xff, 0xff, 0xff, 0xff,
    0x10, 0x4, 0x66, 0x63, 0x9, 0xe8, 0x8c, 0xf8,
    0x8b, 0xf2, 0x0, 0xbf, 0xff, 0x80, 0x9d, 0x0,
    0x8f, 0x0, 0x6f, 0x20, 0x1, 0x22, 0xf8, 0x9,
    0xe8, 0x8c, 0xf8, 0x8b, 0xf2, 0x0, 0x0, 0xf,
    0x80, 0x9f, 0xff, 0xff, 0xff, 0xff, 0x10, 0x0,
    0x0, 0xf8, 0x0, 0x5, 0xfe, 0xf5, 0x50, 0x0,
    0x0, 0x0, 0xf, 0x80, 0x3, 0xfc, 0x8f, 0xaf,
    0xc2, 0x0, 0x0, 0x0, 0xf8, 0x5, 0xfc, 0x18,
    0xf0, 0x3d, 0xf5, 0x0, 0x0, 0xf, 0x89, 0xfa,
    0x0, 0x8f, 0x0, 0xb, 0xf1, 0x0, 0x6, 0xfc,
    0x56, 0x0, 0x8, 0xf0, 0x0, 0x4, 0x0, 0x9,
    0xfb, 0xed, 0x50, 0x0, 0x5a, 0x0, 0x0, 0x0,
    0x1c, 0xf8, 0x1, 0xaf, 0xfe, 0xdd, 0xee, 0xef,
    0xff, 0xa0, 0xb6, 0x0, 0x0, 0x16, 0x88, 0x99,
    0x99, 0x99, 0x93, 0x0, 0x0, 0x0, 0x0, 0x0,
    0x0, 0x0, 0x0, 0x0, 0x0,

    /* U+907F "避" */
    0x0, 0x0, 0x0, 0x0, 0x0, 0x0, 0x0, 0x25,
    0x0, 0x0, 0x2, 0xe5, 0x0, 0x38, 0x88, 0x87,
    0x0, 0x6f, 0x20, 0x0, 0x0, 0x9f, 0x40, 0x7f,
    0xdd, 0xee, 0x38, 0xbf, 0x98, 0x10, 0x0, 0xc,
    0xe0, 0x7f, 0x0, 0x8e, 0x6f, 0xff, 0xff, 0x30,
    0x0, 0x3, 0xe3, 0x7f, 0x0, 0x8e, 0x1a, 0x20,
    0x83, 0x0, 0x0, 0x0, 0x0, 0x7f, 0x88, 0xce,
    0xd, 0xb0, 0xf6, 0x0, 0x0, 0x0, 0x0, 0x7f,
    0xff, 0xfe, 0x5, 0xf7, 0xf1, 0x0, 0xa, 0xee,
    0xe7, 0x7f, 0x0, 0x0, 0x58, 0x9d, 0xd8, 0x30,
    0x4, 0x77, 0xf8, 0x7f, 0x49, 0x99, 0xaf, 0xff,
    0xff, 0x60, 0x0, 0x0, 0xf8, 0x7e, 0x8e, 0xaf,
    0x10, 0x6f, 0x0, 0x0, 0x0, 0x0, 0xf8, 0x8d,
    0x8c, 0x1f, 0x28, 0xbf, 0x87, 0x0, 0x0, 0x0,
    0xf8, 0xab, 0x8c, 0x1f, 0x3f, 0xff, 0xfe, 0x0,
    0x0, 0x0, 0xf8, 0xe8, 0x8c, 0x1f, 0x10, 0x6f,
    0x0, 0x0, 0x0, 0x0, 0xfb, 0xf4, 0x8f, 0xff,
    0x10, 0x6f, 0x0, 0x0, 0x0, 0x7, 0xfe, 0xb0,
    0x8d, 0x5f, 0x10, 0x6f, 0x0, 0x0, 0x0, 0xaf,
    0xbe, 0xe6, 0x44, 0x2, 0x0, 0x39, 0x0, 0x0,
    0x1c, 0xf8, 0x2, 0xbf, 0xfe, 0xed, 0xdd, 0xee,
    0xff, 0xe0, 0xb, 0x60, 0x0, 0x2, 0x68, 0x89,
    0x99, 0x99, 0x99, 0x50, 0x0, 0x0, 0x0, 0x0,
    0x0, 0x0, 0x0, 0x0, 0x0, 0x0,

    /* U+90AE "邮" */
    0x0, 0x0, 0x47, 0x0, 0x0, 0x0, 0x0, 0x0,
    0x0, 0x0, 0x0, 0x9f, 0x0, 0x0, 0x7, 0x88,
    0x88, 0x81, 0x0, 0x0, 0x9f, 0x0, 0x0, 0xf,
    0xff, 0xff, 0xf1, 0x0, 0x0, 0x9f, 0x0, 0x0,
    0xf, 0x90, 0xc, 0xd0, 0x1f, 0xff, 0xff, 0xff,
    0xf7, 0xf, 0x90, 0x3f, 0x60, 0x1f, 0xb7, 0xcf,
    0x77, 0xf7, 0xf, 0x90, 0xaf, 0x0, 0x1f, 0x70,
    0x9f, 0x1, 0xf7, 0xf, 0x92, 0xf8, 0x0, 0x1f,
    0x70, 0x9f, 0x1, 0xf7, 0xf, 0x99, 0xf3, 0x0,
    0x1f, 0x94, 0xaf, 0x44, 0xf7, 0xf, 0x91, 0xed,
    0x0, 0x1f, 0xff, 0xff, 0xff, 0xf7, 0xf, 0x90,
    0x3f, 0x70, 0x1f, 0x83, 0xaf, 0x34, 0xf7, 0xf,
    0x90, 0xa, 0xe0, 0x1f, 0x70, 0x9f, 0x1, 0xf7,
    0xf, 0x90, 0x4, 0xf3, 0x1f, 0x70, 0x9f, 0x1,
    0xf7, 0xf, 0x90, 0x2, 0xf5, 0x1f, 0x71, 0x9f,
    0x12, 0xf7, 0xf, 0x95, 0x8c, 0xf2, 0x1f, 0xff,
    0xff, 0xff, 0xf7, 0xf, 0x97, 0xff, 0x50, 0x1f,
    0xa5, 0x55, 0x56, 0xf7, 0xf, 0x90, 0x20, 0x0,
    0x1d, 0x50, 0x0, 0x0, 0xd6, 0xf, 0x90, 0x0,
    0x0, 0x0, 0x0, 0x0, 0x0, 0x0, 0xf, 0x90,
    0x0, 0x0,

    /* U+90E8 "部" */
    0x0, 0x0, 0x9, 0x50, 0x0, 0x0, 0x0, 0x0,
    0x0, 0x0, 0x0, 0xf, 0x80, 0x0, 0x5, 0xcc,
    0xcc, 0xc5, 0x6, 0x66, 0x6f, 0xb6, 0x66, 0x27,
    0xfb, 0xac, 0xf6, 0x2f, 0xff, 0xff, 0xff, 0xff,
    0x67, 0xf1, 0x7, 0xf2, 0x1, 0x89, 0x11, 0x17,
    0x81, 0x7, 0xf1, 0xc, 0xc0, 0x0, 0x5f, 0x50,
    0xc, 0xb0, 0x7, 0xf1, 0x1f, 0x70, 0x0, 0xb,
    0xd0, 0x4f, 0x40, 0x7, 0xf1, 0x6f, 0x20, 0x12,
    0x26, 0xd3, 0xdc, 0x22, 0x27, 0xf1, 0xcc, 0x0,
    0xef, 0xff, 0xff, 0xff, 0xff, 0xf8, 0xf1, 0xde,
    0x10, 0x55, 0x55, 0x55, 0x55, 0x55, 0x57, 0xf1,
    0x1e, 0xc0, 0x0, 0x11, 0x11, 0x11, 0x10, 0x7,
    0xf1, 0x5, 0xf4, 0x4, 0xff, 0xff, 0xff, 0xf4,
    0x7, 0xf1, 0x0, 0xe9, 0x4, 0xf8, 0x55, 0x58,
    0xf4, 0x7, 0xf1, 0x0, 0xcb, 0x4, 0xf4, 0x0,
    0x4, 0xf4, 0x7, 0xf1, 0x0, 0xea, 0x4, 0xf4,
    0x0, 0x4, 0xf4, 0x7, 0xf8, 0xcd, 0xf5, 0x4,
    0xfa, 0x88, 0x8a, 0xf4, 0x7, 0xf5, 0xcd, 0x70,
    0x4, 0xff, 0xff, 0xff, 0xf4, 0x7, 0xf1, 0x0,
    0x0, 0x3, 0xe3, 0x0, 0x3, 0xe3, 0x7, 0xf1,
    0x0, 0x0,

    /* U+90FD "都" */
    0x0, 0x0, 0xa, 0x70, 0x0, 0x0, 0x0, 0x0,
    0x0, 0x0, 0x0, 0x0, 0xea, 0x0, 0x0, 0xa,
    0xcc, 0xcc, 0x80, 0x0, 0x55, 0x5f, 0xc5, 0x51,
    0xb6, 0xde, 0x99, 0xea, 0x0, 0x2f, 0xff, 0xff,
    0xff, 0xbf, 0x5d, 0xb0, 0xe, 0x60, 0x0, 0x0,
    0xe, 0xa0, 0x4f, 0x90, 0xdb, 0x4, 0xf1, 0x0,
    0x11, 0x11, 0xea, 0x2e, 0xd1, 0xd, 0xb0, 0xab,
    0x0, 0x3f, 0xff, 0xff, 0xff, 0xff, 0xfe, 0xdb,
    0xf, 0x50, 0x1, 0x66, 0x66, 0xaf, 0xe6, 0x66,
    0x5d, 0xb6, 0xf0, 0x0, 0x0, 0x1, 0x9f, 0xc1,
    0x0, 0x0, 0xdb, 0x6f, 0x40, 0x0, 0x18, 0xff,
    0xff, 0xff, 0xf8, 0xd, 0xb0, 0x8f, 0x10, 0x7f,
    0xff, 0xc6, 0x66, 0x6f, 0x80, 0xdb, 0x0, 0xda,
    0x1, 0x81, 0xda, 0x0, 0x0, 0xf8, 0xd, 0xb0,
    0x8, 0xf0, 0x0, 0xd, 0xff, 0xff, 0xff, 0x80,
    0xdb, 0x0, 0x5f, 0x10, 0x0, 0xdd, 0x88, 0x88,
    0xf8, 0xd, 0xc6, 0x2a, 0xf0, 0x0, 0xd, 0xa0,
    0x0, 0xf, 0x80, 0xdb, 0xff, 0xf9, 0x0, 0x0,
    0xdd, 0x77, 0x77, 0xf8, 0xd, 0xb3, 0x65, 0x0,
    0x0, 0xd, 0xff, 0xff, 0xff, 0x80, 0xdb, 0x0,
    0x0, 0x0, 0x0, 0xda, 0x0, 0x0, 0xf8, 0xd,
    0xb0, 0x0, 0x0, 0x0, 0x0, 0x0, 0x0, 0x0,
    0x0, 0x0, 0x0, 0x0, 0x0,

    /* U+914D "配" */
    0xef, 0xff, 0xff, 0xff, 0xff, 0x7f, 0xff, 0xff,
    0x60, 0x78, 0x8b, 0xf9, 0xfa, 0x88, 0x38, 0x88,
    0x8f, 0x70, 0x0, 0x7, 0xf3, 0xf5, 0x0, 0x0,
    0x0, 0x1f, 0x70, 0x17, 0x7b, 0xf8, 0xfa, 0x77,
    0x0, 0x0, 0x1f, 0x70, 0x3f, 0xff, 0xff, 0xff,
    0xff, 0x0, 0x0, 0x1f, 0x70, 0x3f, 0x58, 0xf3,
    0xf4, 0xaf, 0x0, 0x0, 0x1f, 0x70, 0x3f, 0x49,
    0xe2, 0xf4, 0xaf, 0x7, 0x88, 0x8f, 0x70, 0x3f,
    0x4c, 0xc2, 0xf4, 0xaf, 0xe, 0xff, 0xff, 0x70,
    0x3f, 0x5f, 0x82, 0xf6, 0xaf, 0xe, 0xa0, 0x5,
    0x20, 0x3f, 0xcf, 0x20, 0xdf, 0xff, 0xe, 0xa0,
    0x0, 0x0, 0x3f, 0xfa, 0x0, 0x3, 0xbf, 0xe,
    0xa0, 0x0, 0x0, 0x3f, 0x97, 0x66, 0x66, 0xcf,
    0xe, 0xa0, 0x0, 0x0, 0x3f, 0xff, 0xff, 0xff,
    0xff, 0xe, 0xa0, 0x0, 0x31, 0x3f, 0x50, 0x0,
    0x0, 0x9f, 0xe, 0xa0, 0x0, 0xdb, 0x3f, 0xa8,
    0x88, 0x88, 0xcf, 0xe, 0xa0, 0x1, 0xf8, 0x3f,
    0xff, 0xff, 0xff, 0xff, 0xe, 0xd6, 0x6a, 0xf3,
    0x3f, 0x50, 0x0, 0x0, 0xaf, 0x6, 0xef, 0xff,
    0x80, 0x3, 0x10, 0x0, 0x0, 0x23, 0x0, 0x0,
    0x0, 0x0,

    /* U+91CC "里" */
    0x0, 0xbf, 0xff, 0xff, 0xff, 0xff, 0xff, 0xf6,
    0x0, 0x0, 0xce, 0x88, 0x88, 0xfc, 0x88, 0x88,
    0xf6, 0x0, 0x0, 0xcc, 0x0, 0x0, 0xe9, 0x0,
    0x1, 0xf6, 0x0, 0x0, 0xcd, 0x33, 0x33, 0xeb,
    0x33, 0x34, 0xf6, 0x0, 0x0, 0xcf, 0xff, 0xff,
    0xff, 0xff, 0xff, 0xf6, 0x0, 0x0, 0xcd, 0x44,
    0x44, 0xeb, 0x44, 0x45, 0xf6, 0x0, 0x0, 0xcc,
    0x0, 0x0, 0xe9, 0x0, 0x1, 0xf6, 0x0, 0x0,
    0xcd, 0x55, 0x55, 0xeb, 0x55, 0x56, 0xf6, 0x0,
    0x0, 0xcf, 0xff, 0xff, 0xff, 0xff, 0xff, 0xf6,
    0x0, 0x0, 0x12, 0x22, 0x22, 0xea, 0x22, 0x22,
    0x20, 0x0, 0x0, 0x0, 0x0, 0x0, 0xe9, 0x0,
    0x0, 0x0, 0x0, 0x9, 0xff, 0xff, 0xff, 0xff,
    0xff, 0xff, 0xff, 0x80, 0x5, 0x88, 0x88, 0x88,
    0xfc, 0x88, 0x88, 0x88, 0x40, 0x0, 0x0, 0x0,
    0x0, 0xe9, 0x0, 0x0, 0x0, 0x0, 0x0, 0x0,
    0x0, 0x0, 0xea, 0x0, 0x0, 0x0, 0x0, 0xff,
    0xff, 0xff, 0xff, 0xff, 0xff, 0xff, 0xff, 0xff,
    0x77, 0x77, 0x77, 0x77, 0x77, 0x77, 0x77, 0x77,
    0x77,

    /* U+91CD "重" */
    0x0, 0x0, 0x0, 0x0, 0x0, 0x0, 0x1, 0x54,
    0x0, 0x1, 0x55, 0x56, 0x66, 0x89, 0xac, 0xef,
    0xfd, 0x0, 0x0, 0xdf, 0xff, 0xee, 0xff, 0xa8,
    0x64, 0x10, 0x0, 0x5, 0x55, 0x55, 0x55, 0xbf,
    0x55, 0x55, 0x55, 0x51, 0xf, 0xff, 0xff, 0xff,
    0xff, 0xff, 0xff, 0xff, 0xf4, 0x1, 0x11, 0x11,
    0x11, 0x9f, 0x11, 0x11, 0x11, 0x10, 0x0, 0xf,
    0xff, 0xff, 0xff, 0xff, 0xff, 0xf7, 0x0, 0x0,
    0xf, 0xb7, 0x77, 0xcf, 0x77, 0x78, 0xf7, 0x0,
    0x0, 0xf, 0xa5, 0x55, 0xbf, 0x55, 0x56, 0xf7,
    0x0, 0x0, 0xf, 0xff, 0xff, 0xff, 0xff, 0xff,
    0xf7, 0x0, 0x0, 0xf, 0x80, 0x0, 0x9f, 0x0,
    0x1, 0xf7, 0x0, 0x0, 0xf, 0xdb, 0xbb, 0xdf,
    0xbb, 0xbb, 0xf7, 0x0, 0x0, 0xb, 0xbb, 0xbb,
    0xdf, 0xbb, 0xbb, 0xb5, 0x0, 0x0, 0x35, 0x55,
    0x55, 0xbf, 0x55, 0x55, 0x54, 0x0, 0x0, 0x9f,
    0xff, 0xff, 0xff, 0xff, 0xff, 0xfb, 0x0, 0x0,
    0x1, 0x11, 0x11, 0x9f, 0x11, 0x11, 0x11, 0x0,
    0x47, 0x77, 0x77, 0x77, 0xcf, 0x77, 0x77, 0x77,
    0x77, 0xaf, 0xff, 0xff, 0xff, 0xff, 0xff, 0xff,
    0xff, 0xff,

    /* U+91CF "量" */
    0x0, 0xd, 0xff, 0xff, 0xff, 0xff, 0xff, 0xc0,
    0x0, 0x0, 0xe, 0xc6, 0x66, 0x66, 0x66, 0x6d,
    0xc0, 0x0, 0x0, 0xe, 0xfe, 0xee, 0xee, 0xee,
    0xef, 0xc0, 0x0, 0x0, 0xe, 0xb4, 0x44, 0x44,
    0x44, 0x4c, 0xc0, 0x0, 0x0, 0xe, 0xff, 0xff,
    0xff, 0xff, 0xff, 0xc0, 0x0, 0x2, 0x27, 0x88,
    0x88, 0x88, 0x88, 0x88, 0x72, 0x20, 0x3f, 0xff,
    0xff, 0xff, 0xff, 0xff, 0xff, 0xff, 0xf1, 0x2,
    0x58, 0x88, 0x88, 0x88, 0x88, 0x88, 0x85, 0x20,
    0x0, 0x7f, 0xff, 0xff, 0xff, 0xff, 0xff, 0xf7,
    0x0, 0x0, 0x7f, 0x65, 0x55, 0xdd, 0x55, 0x56,
    0xf7, 0x0, 0x0, 0x7f, 0xdd, 0xdd, 0xff, 0xdd,
    0xdd, 0xf7, 0x0, 0x0, 0x7f, 0x55, 0x55, 0xdd,
    0x55, 0x56, 0xf7, 0x0, 0x0, 0x7f, 0xff, 0xff,
    0xff, 0xff, 0xff, 0xf7, 0x0, 0x1, 0x99, 0x99,
    0x99, 0xee, 0x99, 0x99, 0x99, 0x20, 0x1, 0x88,
    0x88, 0x88, 0xee, 0x88, 0x88, 0x88, 0x10, 0xef,
    0xff, 0xff, 0xff, 0xff, 0xff, 0xff, 0xff, 0xfe,
    0x78, 0x88, 0x88, 0x88, 0x88, 0x88, 0x88, 0x88,
    0x87,

    /* U+91D1 "金" */
    0x0, 0x0, 0x0, 0x0, 0x0, 0x0, 0x0, 0x0,
    0x0, 0x0, 0x0, 0x0, 0x0, 0x5, 0xd1, 0x0,
    0x0, 0x0, 0x0, 0x0, 0x0, 0x0, 0x1, 0xff,
    0x50, 0x0, 0x0, 0x0, 0x0, 0x0, 0x0, 0x1,
    0xdf, 0xdf, 0x30, 0x0, 0x0, 0x0, 0x0, 0x0,
    0x1, 0xdf, 0x41, 0xee, 0x30, 0x0, 0x0, 0x0,
    0x0, 0x4, 0xef, 0x50, 0x2, 0xef, 0x50, 0x0,
    0x0, 0x0, 0x8, 0xfe, 0x40, 0x0, 0x1, 0xcf,
    0xa1, 0x0, 0x0, 0x6e, 0xfd, 0xff, 0xff, 0xff,
    0xff, 0xef, 0xf8, 0x20, 0xaf, 0xd4, 0x16, 0x66,
    0xcf, 0x66, 0x63, 0x2b, 0xfc, 0x1, 0x50, 0x0,
    0x0, 0x9, 0xe0, 0x0, 0x0, 0x2, 0x0, 0x0,
    0x4, 0x44, 0x44, 0xbe, 0x44, 0x44, 0x41, 0x0,
    0x0, 0x2, 0xff, 0xff, 0xff, 0xff, 0xff, 0xff,
    0x50, 0x0, 0x0, 0x2, 0x73, 0x22, 0xae, 0x22,
    0x28, 0x30, 0x0, 0x0, 0x0, 0x3f, 0xb0, 0x9,
    0xe0, 0x2, 0xf8, 0x0, 0x0, 0x0, 0x0, 0x6f,
    0x70, 0x9e, 0x1, 0xde, 0x10, 0x0, 0x0, 0x0,
    0x0, 0xce, 0x9, 0xe1, 0xcf, 0x50, 0x0, 0x0,
    0x0, 0x0, 0x4, 0x50, 0x9e, 0x9, 0x60, 0x0,
    0x0, 0x0, 0xcf, 0xff, 0xff, 0xff, 0xff, 0xff,
    0xff, 0xff, 0x10, 0x5, 0x66, 0x66, 0x66, 0x66,
    0x66, 0x66, 0x66, 0x60, 0x0,

    /* U+949F "钟" */
    0x0, 0x8, 0x70, 0x0, 0x0, 0x0, 0xb7, 0x0,
    0x0, 0x0, 0xe, 0xb0, 0x0, 0x0, 0x0, 0xf9,
    0x0, 0x0, 0x0, 0x2f, 0x92, 0x22, 0x0, 0x0,
    0xf9, 0x0, 0x0, 0x0, 0x7f, 0xff, 0xff, 0x0,
    0x0, 0xf9, 0x0, 0x0, 0x0, 0xdd, 0x44, 0x44,
    0x68, 0x88, 0xfc, 0x88, 0x83, 0x5, 0xf6, 0x0,
    0x0, 0xbf, 0xee, 0xff, 0xee, 0xf6, 0xd, 0xff,
    0xff, 0xfa, 0xbc, 0x0, 0xf9, 0x1, 0xf6, 0xaf,
    0x9a, 0xf9, 0x85, 0xbc, 0x0, 0xf9, 0x1, 0xf6,
    0x58, 0x5, 0xf3, 0x0, 0xbc, 0x0, 0xf9, 0x1,
    0xf6, 0x18, 0x8a, 0xf9, 0x87, 0xbc, 0x0, 0xf9,
    0x1, 0xf6, 0x3f, 0xff, 0xff, 0xfd, 0xbf, 0xff,
    0xff, 0xff, 0xf6, 0x0, 0x5, 0xf3, 0x0, 0xbe,
    0x88, 0xfc, 0x88, 0xf6, 0x0, 0x5, 0xf3, 0x0,
    0x55, 0x0, 0xf9, 0x0, 0x72, 0x0, 0x5, 0xf3,
    0x0, 0x0, 0x0, 0xf9, 0x0, 0x0, 0x0, 0x5,
    0xf3, 0x6c, 0x0, 0x0, 0xf9, 0x0, 0x0, 0x0,
    0x5, 0xff, 0xfa, 0x0, 0x0, 0xf9, 0x0, 0x0,
    0x0, 0x4, 0xfa, 0x20, 0x0, 0x0, 0xf9, 0x0,
    0x0, 0x0, 0x0, 0x10, 0x0, 0x0, 0x0, 0xf9,
    0x0, 0x0,

    /* U+9500 "销" */
    0x0, 0x3, 0x10, 0x0, 0x0, 0x0, 0x73, 0x0,
    0x0, 0x0, 0xc, 0xc0, 0x1, 0x71, 0x1, 0xf7,
    0x0, 0x72, 0x0, 0xf, 0x92, 0x25, 0xec, 0x1,
    0xf7, 0x2, 0xf7, 0x0, 0x5f, 0xff, 0xff, 0x4f,
    0x71, 0xf7, 0xc, 0xe0, 0x0, 0xbd, 0x44, 0x44,
    0xa, 0xf2, 0xf7, 0xbf, 0x50, 0x2, 0xf7, 0x0,
    0x0, 0x3, 0xa2, 0xf7, 0x67, 0x0, 0xb, 0xfc,
    0xbb, 0xb7, 0x48, 0x88, 0xfb, 0x88, 0x70, 0x7f,
    0xdd, 0xfc, 0xc8, 0x8f, 0xff, 0xff, 0xff, 0xe0,
    0x9b, 0x5, 0xf3, 0x0, 0x8f, 0x0, 0x0, 0x9,
    0xe0, 0x15, 0x58, 0xf7, 0x54, 0x8f, 0x88, 0x88,
    0x8c, 0xe0, 0x3f, 0xff, 0xff, 0xfe, 0x8f, 0xff,
    0xff, 0xff, 0xe0, 0x2, 0x26, 0xf5, 0x22, 0x8f,
    0x0, 0x0, 0x9, 0xe0, 0x0, 0x5, 0xf3, 0x0,
    0x8f, 0x55, 0x55, 0x5b, 0xe0, 0x0, 0x5, 0xf3,
    0x0, 0x8f, 0xff, 0xff, 0xff, 0xe0, 0x0, 0x5,
    0xf3, 0x4a, 0x8f, 0x22, 0x22, 0x2a, 0xe0, 0x0,
    0x5, 0xfd, 0xfc, 0x8f, 0x0, 0x0, 0x9, 0xe0,
    0x0, 0x6, 0xfd, 0x60, 0x8f, 0x0, 0x18, 0x8e,
    0xd0, 0x0, 0x0, 0x50, 0x0, 0x8f, 0x0, 0xd,
    0xfe, 0x50,

    /* U+957F "长" */
    0x0, 0x0, 0x37, 0x0, 0x0, 0x0, 0x0, 0x0,
    0x0, 0x0, 0x0, 0x8, 0xf0, 0x0, 0x0, 0x0,
    0x20, 0x0, 0x0, 0x0, 0x0, 0x8f, 0x0, 0x0,
    0x0, 0x6f, 0x70, 0x0, 0x0, 0x0, 0x8, 0xf0,
    0x0, 0x2, 0xbf, 0xb1, 0x0, 0x0, 0x0, 0x0,
    0x8f, 0x0, 0x29, 0xfe, 0x50, 0x0, 0x0, 0x0,
    0x0, 0x8, 0xf4, 0xbf, 0xe8, 0x0, 0x0, 0x0,
    0x0, 0x0, 0x0, 0x8f, 0xfd, 0x60, 0x0, 0x0,
    0x0, 0x0, 0x0, 0x0, 0x8, 0xf2, 0x0, 0x0,
    0x0, 0x0, 0x0, 0x0, 0xef, 0xff, 0xff, 0xff,
    0xff, 0xff, 0xff, 0xff, 0xf9, 0x6, 0x77, 0x7b,
    0xf7, 0x7c, 0xf7, 0x77, 0x77, 0x77, 0x40, 0x0,
    0x0, 0x8f, 0x0, 0x5f, 0x40, 0x0, 0x0, 0x0,
    0x0, 0x0, 0x8, 0xf0, 0x0, 0xdd, 0x0, 0x0,
    0x0, 0x0, 0x0, 0x0, 0x8f, 0x0, 0x3, 0xfa,
    0x0, 0x0, 0x0, 0x0, 0x0, 0x8, 0xf0, 0x0,
    0x5, 0xfb, 0x10, 0x0, 0x0, 0x0, 0x0, 0x8f,
    0x0, 0x5, 0x24, 0xfe, 0x60, 0x0, 0x0, 0x0,
    0x8, 0xf3, 0x9e, 0xf3, 0x2, 0xbf, 0xe7, 0x20,
    0x0, 0x0, 0xaf, 0xff, 0x92, 0x0, 0x0, 0x4c,
    0xfa, 0x0, 0x0, 0x4, 0xe7, 0x10, 0x0, 0x0,
    0x0, 0x2, 0x0, 0x0, 0x0, 0x0, 0x0, 0x0,
    0x0, 0x0, 0x0, 0x0, 0x0,

    /* U+95ED "闭" */
    0x0, 0x20, 0x0, 0x0, 0x0, 0x0, 0x0, 0x0,
    0x0, 0xdc, 0x10, 0x1, 0x11, 0x11, 0x11, 0x10,
    0x10, 0x2d, 0xd0, 0xcf, 0xff, 0xff, 0xff, 0xf1,
    0xe7, 0x3, 0xf9, 0x46, 0x98, 0x66, 0x6a, 0xf1,
    0xe7, 0x0, 0x40, 0x0, 0xe9, 0x0, 0x7, 0xf1,
    0xe7, 0x0, 0x0, 0x0, 0xe9, 0x0, 0x7, 0xf1,
    0xe7, 0x68, 0x88, 0x88, 0xfc, 0x88, 0x87, 0xf1,
    0xe7, 0xcf, 0xff, 0xff, 0xff, 0xff, 0xf7, 0xf1,
    0xe7, 0x0, 0x0, 0x5f, 0xf9, 0x0, 0x7, 0xf1,
    0xe7, 0x0, 0x0, 0xd9, 0xe9, 0x0, 0x7, 0xf1,
    0xe7, 0x0, 0x9, 0xf2, 0xe9, 0x0, 0x7, 0xf1,
    0xe7, 0x0, 0x8f, 0x50, 0xe9, 0x0, 0x7, 0xf1,
    0xe7, 0x1a, 0xf7, 0x0, 0xe9, 0x0, 0x7, 0xf1,
    0xe8, 0xef, 0x60, 0x0, 0xe9, 0x0, 0x7, 0xf1,
    0xe7, 0x52, 0x0, 0x54, 0xf9, 0x0, 0x7, 0xf1,
    0xe7, 0x0, 0x0, 0xef, 0xf5, 0x0, 0x7, 0xf1,
    0xe7, 0x0, 0x0, 0x11, 0x0, 0x4, 0x7c, 0xf0,
    0xe7, 0x0, 0x0, 0x0, 0x0, 0x5, 0xfd, 0x60,
    0x0, 0x0, 0x0, 0x0, 0x0, 0x0, 0x0, 0x0,

    /* U+95EE "问" */
    0x1, 0xc6, 0x0, 0x38, 0x88, 0x88, 0x88, 0x80,
    0x1, 0xaf, 0xb1, 0x5f, 0xff, 0xff, 0xff, 0xf1,
    0x63, 0x5, 0xf8, 0x0, 0x0, 0x0, 0x7, 0xf1,
    0xe8, 0x0, 0x20, 0x0, 0x0, 0x0, 0x7, 0xf1,
    0xe8, 0x0, 0x0, 0x0, 0x0, 0x0, 0x7, 0xf1,
    0xe8, 0x0, 0xff, 0xff, 0xff, 0xf1, 0x7, 0xf1,
    0xe8, 0x0, 0xfc, 0x88, 0x8b, 0xf1, 0x7, 0xf1,
    0xe8, 0x0, 0xf8, 0x0, 0x7, 0xf1, 0x7, 0xf1,
    0xe8, 0x0, 0xf8, 0x0, 0x7, 0xf1, 0x7, 0xf1,
    0xe8, 0x0, 0xf8, 0x0, 0x7, 0xf1, 0x7, 0xf1,
    0xe8, 0x0, 0xfc, 0x88, 0x8b, 0xf1, 0x7, 0xf1,
    0xe8, 0x0, 0xff, 0xff, 0xff, 0xf1, 0x7, 0xf1,
    0xe8, 0x0, 0xf8, 0x0, 0x4, 0x90, 0x7, 0xf1,
    0xe8, 0x0, 0x0, 0x0, 0x0, 0x0, 0x7, 0xf1,
    0xe8, 0x0, 0x0, 0x0, 0x0, 0x0, 0x7, 0xf1,
    0xe8, 0x0, 0x0, 0x0, 0x0, 0x6, 0x6b, 0xf0,
    0xe8, 0x0, 0x0, 0x0, 0x0, 0x9, 0xff, 0xa0,

    /* U+95F4 "间" */
    0x0, 0x30, 0x0, 0x0, 0x0, 0x0, 0x0, 0x0,
    0x3, 0xfb, 0x10, 0x16, 0x66, 0x66, 0x66, 0x60,
    0x0, 0x3e, 0xd0, 0x3f, 0xff, 0xff, 0xff, 0xf1,
    0x52, 0x3, 0xf6, 0x1, 0x11, 0x11, 0x17, 0xf1,
    0xf8, 0x0, 0x20, 0x0, 0x0, 0x0, 0x6, 0xf1,
    0xf8, 0x0, 0x77, 0x77, 0x77, 0x73, 0x6, 0xf1,
    0xf8, 0x1, 0xff, 0xff, 0xff, 0xf7, 0x6, 0xf1,
    0xf8, 0x1, 0xf7, 0x0, 0x1, 0xf7, 0x6, 0xf1,
    0xf8, 0x1, 0xf7, 0x0, 0x1, 0xf7, 0x6, 0xf1,
    0xf8, 0x1, 0xff, 0xff, 0xff, 0xf7, 0x6, 0xf1,
    0xf8, 0x1, 0xfb, 0x77, 0x77, 0xf7, 0x6, 0xf1,
    0xf8, 0x1, 0xf7, 0x0, 0x1, 0xf7, 0x6, 0xf1,
    0xf8, 0x1, 0xf7, 0x0, 0x1, 0xf7, 0x6, 0xf1,
    0xf8, 0x1, 0xff, 0xff, 0xff, 0xf7, 0x6, 0xf1,
    0xf8, 0x1, 0xfb, 0x77, 0x77, 0xf7, 0x6, 0xf1,
    0xf8, 0x0, 0x83, 0x0, 0x0, 0x83, 0x6, 0xf1,
    0xf8, 0x0, 0x0, 0x0, 0x0, 0x1, 0x49, 0xf0,
    0xf8, 0x0, 0x0, 0x0, 0x0, 0x1, 0xff, 0xa0,
    0x0, 0x0, 0x0, 0x0, 0x0, 0x0, 0x0, 0x0,

    /* U+9634 "阴" */
    0xef, 0xff, 0xff, 0x35, 0xdd, 0xdd, 0xdd, 0xd7,
    0xec, 0x88, 0xcf, 0x26, 0xfb, 0xbb, 0xbb, 0xf8,
    0xe9, 0x0, 0xeb, 0x6, 0xf2, 0x0, 0x0, 0xf8,
    0xe9, 0x5, 0xf4, 0x6, 0xf2, 0x0, 0x0, 0xf8,
    0xe9, 0xd, 0xc0, 0x6, 0xf5, 0x33, 0x33, 0xf8,
    0xe9, 0x6f, 0x40, 0x6, 0xff, 0xff, 0xff, 0xf8,
    0xe9, 0x7f, 0xa0, 0x6, 0xf5, 0x33, 0x33, 0xf8,
    0xe9, 0x8, 0xf6, 0x6, 0xf2, 0x0, 0x0, 0xf8,
    0xe9, 0x0, 0xde, 0x6, 0xf2, 0x0, 0x0, 0xf8,
    0xe9, 0x0, 0x6f, 0x26, 0xfb, 0xbb, 0xbb, 0xf8,
    0xe9, 0x0, 0x4f, 0x37, 0xfc, 0xcc, 0xcc, 0xf8,
    0xe9, 0x8b, 0xed, 0x8, 0xf0, 0x0, 0x0, 0xf8,
    0xe9, 0x7d, 0xa2, 0xb, 0xd0, 0x0, 0x0, 0xf8,
    0xe9, 0x0, 0x0, 0xf, 0x90, 0x0, 0x0, 0xf8,
    0xe9, 0x0, 0x0, 0x6f, 0x40, 0x0, 0x0, 0xf8,
    0xe9, 0x0, 0x1, 0xed, 0x0, 0x5, 0x77, 0xf8,
    0xe9, 0x0, 0x1, 0xc4, 0x0, 0x5, 0xff, 0xd2,
    0x0, 0x0, 0x0, 0x0, 0x0, 0x0, 0x0, 0x0,

    /* U+9635 "阵" */
    0x0, 0x0, 0x0, 0x0, 0x6, 0x70, 0x0, 0x0,
    0x0, 0x5, 0xcc, 0xcc, 0xc5, 0x0, 0xdd, 0x0,
    0x0, 0x0, 0x0, 0x6f, 0xbb, 0xdf, 0x50, 0xf,
    0xa0, 0x0, 0x0, 0x0, 0x6, 0xf1, 0xc, 0xd4,
    0xff, 0xff, 0xff, 0xff, 0xfe, 0x0, 0x6f, 0x15,
    0xf4, 0x17, 0xcf, 0x77, 0x77, 0x77, 0x60, 0x6,
    0xf1, 0xec, 0x0, 0xe, 0xc0, 0x47, 0x0, 0x0,
    0x0, 0x6f, 0x7f, 0x80, 0x4, 0xf7, 0x9, 0xe0,
    0x0, 0x0, 0x6, 0xf1, 0xbf, 0x30, 0xcf, 0x21,
    0x9e, 0x11, 0x10, 0x0, 0x6f, 0x10, 0xdd, 0x1f,
    0xff, 0xff, 0xff, 0xff, 0x60, 0x6, 0xf1, 0x5,
    0xf5, 0x66, 0x66, 0xbf, 0x66, 0x62, 0x0, 0x6f,
    0x10, 0xf, 0x90, 0x0, 0x9, 0xe0, 0x0, 0x0,
    0x6, 0xf1, 0x0, 0xfb, 0x33, 0x33, 0xaf, 0x33,
    0x33, 0x30, 0x6f, 0x6b, 0xdf, 0xdf, 0xff, 0xff,
    0xff, 0xff, 0xff, 0x16, 0xf3, 0xdd, 0x72, 0x44,
    0x44, 0xbf, 0x44, 0x44, 0x40, 0x6f, 0x10, 0x0,
    0x0, 0x0, 0x9, 0xe0, 0x0, 0x0, 0x6, 0xf1,
    0x0, 0x0, 0x0, 0x0, 0x9e, 0x0, 0x0, 0x0,
    0x6f, 0x10, 0x0, 0x0, 0x0, 0x9, 0xe0, 0x0,
    0x0, 0x6, 0xf1, 0x0, 0x0, 0x0, 0x0, 0x9e,
    0x0, 0x0, 0x0,

    /* U+9644 "附" */
    0x0, 0x0, 0x0, 0x0, 0x0, 0x0, 0x0, 0x0,
    0x0, 0x0, 0x0, 0x0, 0xc, 0x70, 0x0, 0xd8,
    0x0, 0x78, 0x88, 0x84, 0x1, 0xf8, 0x0, 0xe,
    0x90, 0xe, 0xff, 0xff, 0x80, 0x6f, 0x20, 0x0,
    0xe9, 0x0, 0xe9, 0x5, 0xf3, 0xd, 0xd0, 0x0,
    0xe, 0x90, 0xe, 0x90, 0xbd, 0x4, 0xf7, 0x22,
    0x22, 0xea, 0x21, 0xe9, 0x2f, 0x70, 0xdf, 0x6f,
    0xff, 0xff, 0xff, 0xae, 0x98, 0xf1, 0x8f, 0xf2,
    0x55, 0x55, 0xfb, 0x53, 0xe9, 0xdd, 0x5f, 0xff,
    0x10, 0x0, 0xe, 0x90, 0xe, 0x93, 0xfa, 0xb8,
    0xf2, 0x94, 0x0, 0xe9, 0x0, 0xe9, 0x7, 0xf1,
    0x7f, 0x1b, 0xe0, 0xe, 0x90, 0xe, 0x90, 0xf,
    0x77, 0xf1, 0x2f, 0x70, 0xe9, 0x0, 0xe9, 0x0,
    0xd9, 0x7f, 0x10, 0xbd, 0xe, 0x90, 0xe, 0x99,
    0x7f, 0x67, 0xf1, 0x7, 0xc0, 0xe9, 0x0, 0xe9,
    0xef, 0xa0, 0x7f, 0x10, 0x0, 0xe, 0x90, 0xe,
    0x90, 0x0, 0x7, 0xf1, 0x0, 0x0, 0xe9, 0x0,
    0xe9, 0x0, 0x0, 0x7f, 0x10, 0x0, 0xe, 0x90,
    0xe, 0x90, 0x0, 0x7, 0xf1, 0x2, 0x88, 0xf8,
    0x0, 0xe9, 0x0, 0x0, 0x7f, 0x10, 0xe, 0xfc,
    0x20, 0x1, 0x10, 0x0, 0x0, 0x0, 0x0, 0x0,
    0x0, 0x0,

    /* U+964D "降" */
    0x0, 0x0, 0x0, 0x0, 0x6a, 0x0, 0x0, 0x0,
    0x0, 0xcc, 0xcc, 0xc4, 0x0, 0xdd, 0x0, 0x0,
    0x0, 0x0, 0xfd, 0xac, 0xf5, 0x5, 0xff, 0xff,
    0xff, 0xf1, 0x0, 0xf8, 0xa, 0xe0, 0xd, 0xfe,
    0x88, 0x8f, 0xf1, 0x0, 0xf8, 0x2f, 0x70, 0xaf,
    0xbf, 0x40, 0xaf, 0x50, 0x0, 0xf8, 0x9f, 0x19,
    0xf8, 0xc, 0xec, 0xf6, 0x0, 0x0, 0xf9, 0xf9,
    0x7, 0x90, 0x8, 0xff, 0x90, 0x0, 0x0, 0xf9,
    0xdd, 0x0, 0x39, 0xef, 0xab, 0xfb, 0x30, 0x0,
    0xf8, 0x1f, 0xae, 0xff, 0xb3, 0x7a, 0x6e, 0xfd,
    0x80, 0xf8, 0x7, 0xfa, 0x82, 0x0, 0xae, 0x1,
    0x7d, 0xa0, 0xf8, 0x2, 0xf4, 0xff, 0xff, 0xff,
    0xff, 0xf3, 0x0, 0xf8, 0x2, 0xf5, 0xcf, 0x77,
    0xdf, 0x77, 0x71, 0x0, 0xfe, 0xde, 0xf2, 0x9f,
    0x0, 0xae, 0x0, 0x0, 0x0, 0xf9, 0x9a, 0x44,
    0xbf, 0x44, 0xcf, 0x44, 0x44, 0x10, 0xf8, 0x0,
    0xf, 0xff, 0xff, 0xff, 0xff, 0xff, 0x40, 0xf8,
    0x0, 0x2, 0x22, 0x22, 0xbe, 0x22, 0x22, 0x0,
    0xf8, 0x0, 0x0, 0x0, 0x0, 0xae, 0x0, 0x0,
    0x0, 0xf8, 0x0, 0x0, 0x0, 0x0, 0xae, 0x0,
    0x0, 0x0, 0x0, 0x0, 0x0, 0x0, 0x0, 0x0,
    0x0, 0x0, 0x0,

    /* U+9650 "限" */
    0x9f, 0xff, 0xff, 0x3e, 0xee, 0xee, 0xee, 0xe6,
    0x0, 0x9f, 0x88, 0xdf, 0x3f, 0xa8, 0x88, 0x89,
    0xf6, 0x0, 0x9e, 0x0, 0xea, 0x3f, 0x40, 0x0,
    0x1, 0xf6, 0x0, 0x9e, 0x4, 0xf3, 0x3f, 0x85,
    0x55, 0x56, 0xf6, 0x0, 0x9e, 0xa, 0xd0, 0x3f,
    0xff, 0xff, 0xff, 0xf6, 0x0, 0x9e, 0x1f, 0x70,
    0x3f, 0x62, 0x22, 0x23, 0xf6, 0x0, 0x9e, 0x1d,
    0xe1, 0x3f, 0x40, 0x0, 0x1, 0xf6, 0x0, 0x9e,
    0x2, 0xfa, 0x3f, 0xa8, 0x88, 0x88, 0xf6, 0x0,
    0x9e, 0x0, 0x8f, 0x4f, 0xff, 0xff, 0xff, 0xf6,
    0x0, 0x9e, 0x0, 0x4f, 0x6f, 0x40, 0x8f, 0x0,
    0x8, 0x20, 0x9e, 0x10, 0x7f, 0x4f, 0x40, 0x5f,
    0x31, 0xcf, 0x70, 0x9e, 0xaf, 0xf8, 0x3f, 0x40,
    0xf, 0xbe, 0xf5, 0x0, 0x9e, 0x38, 0x40, 0x3f,
    0x40, 0x9, 0xfd, 0x20, 0x0, 0x9e, 0x0, 0x0,
    0x3f, 0x40, 0x1, 0xed, 0x10, 0x0, 0x9e, 0x0,
    0x0, 0x3f, 0x78, 0xc6, 0x4f, 0xd2, 0x0, 0x9e,
    0x0, 0x8, 0xcf, 0xfe, 0xa2, 0x4, 0xef, 0x90,
    0x9e, 0x0, 0xa, 0xb7, 0x20, 0x0, 0x0, 0x19,
    0x80,

    /* U+9664 "除" */
    0x0, 0x0, 0x0, 0x0, 0x0, 0x10, 0x0, 0x0,
    0x0, 0x0, 0x0, 0x0, 0x0, 0x8f, 0x40, 0x0,
    0x0, 0xef, 0xff, 0xf8, 0x0, 0x1f, 0xfa, 0x0,
    0x0, 0xe, 0xc8, 0x9f, 0x80, 0xb, 0xf8, 0xf4,
    0x0, 0x0, 0xe9, 0x6, 0xf3, 0x8, 0xf6, 0xb,
    0xe2, 0x0, 0xe, 0x90, 0xcd, 0x7, 0xf9, 0x0,
    0x1d, 0xe3, 0x0, 0xe9, 0x4f, 0x78, 0xfa, 0x0,
    0x0, 0x1d, 0xf7, 0xe, 0x9b, 0xeb, 0xfc, 0xff,
    0xff, 0xff, 0xfb, 0xfb, 0xe9, 0xce, 0x57, 0x18,
    0x8b, 0xf9, 0x88, 0x6, 0x2e, 0x91, 0xec, 0x0,
    0x0, 0x6f, 0x20, 0x0, 0x0, 0xe9, 0x5, 0xf5,
    0x44, 0x49, 0xf6, 0x44, 0x43, 0xe, 0x90, 0xf,
    0xaf, 0xff, 0xff, 0xff, 0xff, 0xb0, 0xea, 0x33,
    0xf7, 0x36, 0x38, 0xf5, 0x46, 0x32, 0xe, 0xaf,
    0xfe, 0x14, 0xf6, 0x6f, 0x2a, 0xf5, 0x0, 0xe9,
    0x55, 0x13, 0xec, 0x6, 0xf2, 0xa, 0xf5, 0xe,
    0x90, 0x6, 0xfd, 0x10, 0x6f, 0x20, 0xb, 0xf3,
    0xe9, 0x1, 0xea, 0x0, 0x6, 0xf2, 0x0, 0xd,
    0x9e, 0x90, 0x1, 0x0, 0x77, 0xcf, 0x10, 0x0,
    0x10, 0xe9, 0x0, 0x0, 0xb, 0xfe, 0x80, 0x0,
    0x0, 0x0, 0x0, 0x0, 0x0, 0x0, 0x0, 0x0,
    0x0, 0x0,

    /* U+96E8 "雨" */
    0x28, 0x88, 0x88, 0x88, 0x88, 0x88, 0x88, 0x88,
    0x87, 0x4f, 0xff, 0xff, 0xff, 0xff, 0xff, 0xff,
    0xff, 0xfe, 0x0, 0x0, 0x0, 0x0, 0x7f, 0x0,
    0x0, 0x0, 0x0, 0x0, 0x0, 0x0, 0x0, 0x7f,
    0x0, 0x0, 0x0, 0x0, 0x1, 0xff, 0xff, 0xff,
    0xff, 0xff, 0xff, 0xff, 0xa0, 0x1, 0xfb, 0x88,
    0x88, 0xbf, 0x88, 0x88, 0x8e, 0xb0, 0x1, 0xf6,
    0x10, 0x0, 0x7f, 0x0, 0x0, 0xd, 0xb0, 0x1,
    0xfb, 0xfc, 0x60, 0x7f, 0x6f, 0xb4, 0xd, 0xb0,
    0x1, 0xf8, 0x6c, 0xfd, 0x9f, 0x37, 0xdf, 0xbd,
    0xb0, 0x1, 0xf6, 0x0, 0x4a, 0x7f, 0x0, 0x6,
    0x6d, 0xb0, 0x1, 0xf6, 0x51, 0x0, 0x7f, 0x23,
    0x0, 0xd, 0xb0, 0x1, 0xfc, 0xff, 0x91, 0x7f,
    0xaf, 0xd6, 0xd, 0xb0, 0x1, 0xf6, 0x29, 0xfe,
    0x9f, 0x4, 0xbf, 0xbd, 0xb0, 0x1, 0xf6, 0x0,
    0x3a, 0x7f, 0x0, 0x6, 0x4d, 0xb0, 0x1, 0xf6,
    0x0, 0x0, 0x7f, 0x0, 0x0, 0xd, 0xb0, 0x1,
    0xf6, 0x0, 0x0, 0x7f, 0x0, 0x58, 0x8f, 0xa0,
    0x1, 0xf6, 0x0, 0x0, 0x49, 0x0, 0x5f, 0xfd,
    0x30,

    /* U+96EA "雪" */
    0x1, 0xff, 0xff, 0xff, 0xff, 0xff, 0xff, 0xfe,
    0x0, 0x7, 0x77, 0x77, 0x7f, 0xc7, 0x77, 0x77,
    0x60, 0x6, 0x66, 0x66, 0x66, 0xfc, 0x66, 0x66,
    0x66, 0x51, 0xff, 0xff, 0xff, 0xff, 0xff, 0xff,
    0xff, 0xfc, 0x1f, 0x70, 0x11, 0x10, 0xe9, 0x1,
    0x11, 0xc, 0xc1, 0xf7, 0xff, 0xff, 0x4e, 0x9a,
    0xff, 0xf9, 0xcc, 0x1f, 0x73, 0x33, 0x31, 0xe9,
    0x23, 0x33, 0x2c, 0xc0, 0x31, 0xde, 0xee, 0x4e,
    0x99, 0xee, 0xe8, 0x22, 0x0, 0x6, 0x66, 0x61,
    0xe9, 0x46, 0x66, 0x40, 0x0, 0x4, 0x44, 0x44,
    0x47, 0x64, 0x44, 0x44, 0x20, 0x0, 0xff, 0xff,
    0xff, 0xff, 0xff, 0xff, 0xf8, 0x0, 0x2, 0x22,
    0x22, 0x22, 0x22, 0x22, 0x2f, 0x80, 0x0, 0x28,
    0x88, 0x88, 0x88, 0x88, 0x88, 0xf8, 0x0, 0x4,
    0xff, 0xff, 0xff, 0xff, 0xff, 0xff, 0x80, 0x0,
    0x11, 0x11, 0x11, 0x11, 0x11, 0x11, 0xf8, 0x0,
    0xf, 0xff, 0xff, 0xff, 0xff, 0xff, 0xff, 0x80,
    0x0, 0x66, 0x66, 0x66, 0x66, 0x66, 0x66, 0xf8,
    0x0,

    /* U+96F7 "雷" */
    0xc, 0xff, 0xff, 0xff, 0xff, 0xff, 0xff, 0xf3,
    0x0, 0x67, 0x77, 0x77, 0xcf, 0x77, 0x77, 0x77,
    0x10, 0x89, 0x99, 0x99, 0x9d, 0xf9, 0x99, 0x99,
    0x99, 0x3e, 0xff, 0xff, 0xff, 0xff, 0xff, 0xff,
    0xff, 0xf5, 0xe9, 0x34, 0x44, 0x29, 0xf1, 0x44,
    0x44, 0x3f, 0x5e, 0x9c, 0xff, 0xfa, 0x9f, 0x4f,
    0xff, 0xf6, 0xf5, 0xe9, 0x11, 0x11, 0x9, 0xf0,
    0x11, 0x11, 0x2f, 0x51, 0x1c, 0xff, 0xfa, 0x9f,
    0x4f, 0xff, 0xf4, 0x10, 0x0, 0x0, 0x0, 0x3,
    0x50, 0x0, 0x0, 0x0, 0x0, 0x7f, 0xff, 0xff,
    0xff, 0xff, 0xff, 0xfe, 0x0, 0x7, 0xf7, 0x66,
    0x6c, 0xf6, 0x66, 0x6c, 0xe0, 0x0, 0x7f, 0x43,
    0x33, 0xaf, 0x33, 0x33, 0xbe, 0x0, 0x7, 0xff,
    0xff, 0xff, 0xff, 0xff, 0xff, 0xe0, 0x0, 0x7f,
    0x43, 0x33, 0xaf, 0x33, 0x33, 0xbe, 0x0, 0x7,
    0xf6, 0x55, 0x5b, 0xf5, 0x55, 0x5c, 0xe0, 0x0,
    0x7f, 0xff, 0xff, 0xff, 0xff, 0xff, 0xfe, 0x0,
    0x7, 0xf2, 0x11, 0x11, 0x11, 0x11, 0x1a, 0xe0,
    0x0, 0x1, 0x0, 0x0, 0x0, 0x0, 0x0, 0x0,
    0x0,

    /* U+96FE "雾" */
    0x0, 0x66, 0x66, 0x66, 0x66, 0x66, 0x66, 0x66,
    0x63, 0x0, 0x1f, 0xff, 0xff, 0xff, 0xff, 0xff,
    0xff, 0xff, 0x80, 0x4, 0xaa, 0xaa, 0xaa, 0xaf,
    0xca, 0xaa, 0xaa, 0xa9, 0x0, 0x7f, 0xaa, 0xaa,
    0xa9, 0xfc, 0xaa, 0xaa, 0xac, 0xe0, 0x7, 0xf7,
    0xff, 0xff, 0x8f, 0x6f, 0xff, 0xff, 0x8e, 0x0,
    0x49, 0x4a, 0xaa, 0xa5, 0xf6, 0xaa, 0xaa, 0x94,
    0x80, 0x0, 0x3, 0xaa, 0xbf, 0x6e, 0x6a, 0xaa,
    0xa9, 0x0, 0x0, 0x0, 0x0, 0x1c, 0xf9, 0x77,
    0x77, 0x77, 0x20, 0x0, 0x0, 0x2, 0x8f, 0xff,
    0xff, 0xff, 0xff, 0xf3, 0x0, 0x0, 0xd, 0xff,
    0xaa, 0xfb, 0x56, 0xcf, 0xc3, 0x0, 0x0, 0x2,
    0x55, 0x11, 0x3b, 0xff, 0xff, 0xa5, 0x42, 0x22,
    0x10, 0xbf, 0xff, 0xff, 0xfc, 0xe9, 0xbe, 0xff,
    0xff, 0xf7, 0x2, 0x59, 0xba, 0x86, 0x8f, 0xa6,
    0x67, 0x88, 0x55, 0x0, 0x0, 0x7f, 0xff, 0xff,
    0xff, 0xff, 0xff, 0x90, 0x0, 0x0, 0x0, 0x0,
    0x3b, 0xf4, 0x0, 0x3, 0xf6, 0x0, 0x0, 0x26,
    0x8a, 0xef, 0xd4, 0x0, 0x86, 0xbf, 0x20, 0x0,
    0x2, 0xfe, 0xd9, 0x40, 0x0, 0xe, 0xfe, 0x80,
    0x0, 0x0, 0x0, 0x0, 0x0, 0x0, 0x0, 0x0,
    0x0, 0x0, 0x0,

    /* U+9875 "页" */
    0x28, 0x88, 0x88, 0x88, 0x88, 0x88, 0x88, 0x88,
    0x81, 0x4f, 0xff, 0xff, 0xff, 0xff, 0xff, 0xff,
    0xff, 0xf2, 0x0, 0x0, 0x0, 0x0, 0xf8, 0x0,
    0x0, 0x0, 0x0, 0x0, 0x0, 0x0, 0x7, 0xf2,
    0x0, 0x0, 0x0, 0x0, 0x0, 0x2, 0xff, 0xff,
    0xff, 0xff, 0xff, 0x50, 0x0, 0x0, 0x2, 0xfa,
    0x77, 0x77, 0x77, 0x8f, 0x50, 0x0, 0x0, 0x2,
    0xf5, 0x0, 0x88, 0x0, 0x2f, 0x50, 0x0, 0x0,
    0x2, 0xf5, 0x0, 0xbd, 0x0, 0x2f, 0x50, 0x0,
    0x0, 0x2, 0xf5, 0x0, 0xcc, 0x0, 0x2f, 0x50,
    0x0, 0x0, 0x2, 0xf5, 0x0, 0xea, 0x0, 0x2f,
    0x50, 0x0, 0x0, 0x2, 0xf5, 0x2, 0xf7, 0x0,
    0x2f, 0x50, 0x0, 0x0, 0x2, 0xf5, 0x8, 0xf2,
    0x0, 0x2f, 0x50, 0x0, 0x0, 0x2, 0xf5, 0x3f,
    0xc5, 0xc5, 0x2e, 0x50, 0x0, 0x0, 0x0, 0x3,
    0xef, 0x26, 0xdf, 0xc2, 0x0, 0x0, 0x0, 0x1,
    0x8f, 0xf4, 0x0, 0x7, 0xff, 0x40, 0x0, 0x28,
    0xbf, 0xfc, 0x20, 0x0, 0x0, 0x2d, 0xf5, 0x0,
    0x1f, 0xd9, 0x30, 0x0, 0x0, 0x0, 0x1, 0xdd,
    0x0, 0x0, 0x0, 0x0, 0x0, 0x0, 0x0, 0x0,
    0x12, 0x0,

    /* U+9876 "顶" */
    0x4, 0x44, 0x44, 0x43, 0x88, 0x88, 0x88, 0x88,
    0x88, 0x11, 0xff, 0xff, 0xff, 0x9f, 0xff, 0xff,
    0xff, 0xff, 0xf2, 0x3, 0x36, 0xf6, 0x30, 0x0,
    0x0, 0xe9, 0x0, 0x0, 0x0, 0x0, 0x4f, 0x40,
    0x5, 0x66, 0x9f, 0x96, 0x66, 0x20, 0x0, 0x4,
    0xf4, 0x0, 0xef, 0xff, 0xff, 0xff, 0xf6, 0x0,
    0x0, 0x4f, 0x40, 0xe, 0xa1, 0x13, 0x11, 0x1f,
    0x60, 0x0, 0x4, 0xf4, 0x0, 0xea, 0x1, 0xf7,
    0x1, 0xf6, 0x0, 0x0, 0x4f, 0x40, 0xe, 0xa0,
    0x1f, 0x70, 0x1f, 0x60, 0x0, 0x4, 0xf4, 0x0,
    0xea, 0x1, 0xf6, 0x1, 0xf6, 0x0, 0x0, 0x4f,
    0x40, 0xe, 0xa0, 0x1f, 0x60, 0x1f, 0x60, 0x0,
    0x4, 0xf4, 0x0, 0xea, 0x3, 0xf5, 0x1, 0xf6,
    0x0, 0x0, 0x4f, 0x40, 0xe, 0xa0, 0x5f, 0x20,
    0x1f, 0x60, 0x0, 0x4, 0xf4, 0x0, 0xea, 0xb,
    0xe4, 0x31, 0xf6, 0x0, 0x0, 0x4f, 0x40, 0x5,
    0x34, 0xf8, 0xbf, 0x91, 0x0, 0x0, 0x4, 0xf4,
    0x0, 0x5, 0xfd, 0x0, 0x7f, 0xd1, 0x0, 0x47,
    0xaf, 0x33, 0x7c, 0xfd, 0x10, 0x0, 0x4f, 0xd1,
    0x3, 0xfe, 0x92, 0xff, 0xd7, 0x0, 0x0, 0x0,
    0x4f, 0x50, 0x0, 0x0, 0x4, 0x20, 0x0, 0x0,
    0x0, 0x0, 0x20,

    /* U+9879 "项" */
    0x0, 0x0, 0x0, 0x2, 0x66, 0x66, 0x66, 0x66,
    0x66, 0x10, 0x12, 0x22, 0x22, 0x6f, 0xff, 0xff,
    0xff, 0xff, 0xf2, 0xf, 0xff, 0xff, 0xf3, 0x0,
    0x5, 0xf2, 0x0, 0x0, 0x0, 0x33, 0x8f, 0x43,
    0x3, 0x66, 0xde, 0x66, 0x66, 0x0, 0x0, 0x6,
    0xf1, 0x0, 0x9f, 0xff, 0xff, 0xff, 0xf1, 0x0,
    0x0, 0x6f, 0x10, 0x9, 0xe1, 0x12, 0x11, 0x8f,
    0x10, 0x0, 0x6, 0xf1, 0x0, 0x9e, 0x0, 0xe9,
    0x7, 0xf1, 0x0, 0x0, 0x6f, 0x10, 0x9, 0xe0,
    0xe, 0x90, 0x7f, 0x10, 0x0, 0x6, 0xf1, 0x0,
    0x9e, 0x0, 0xe9, 0x7, 0xf1, 0x0, 0x0, 0x6f,
    0x26, 0x49, 0xe0, 0xf, 0x90, 0x7f, 0x10, 0x0,
    0x8, 0xff, 0xf6, 0x9e, 0x0, 0xf8, 0x7, 0xf1,
    0x1, 0xbf, 0xfe, 0x93, 0x9, 0xe0, 0x4f, 0x40,
    0x7f, 0x10, 0xb, 0xa4, 0x0, 0x0, 0x9e, 0xc,
    0xd3, 0x17, 0xf1, 0x0, 0x0, 0x0, 0x0, 0x4,
    0x69, 0xf4, 0xdf, 0x91, 0x0, 0x0, 0x0, 0x0,
    0x0, 0x4c, 0xf6, 0x1, 0x8f, 0xd2, 0x0, 0x0,
    0x3, 0x69, 0xdf, 0xd3, 0x0, 0x0, 0x3e, 0xf3,
    0x0, 0x0, 0x4f, 0xea, 0x50, 0x0, 0x0, 0x0,
    0x1d, 0x60, 0x0, 0x0, 0x10, 0x0, 0x0, 0x0,
    0x0, 0x0, 0x10,

    /* U+987A "顺" */
    0x0, 0x31, 0x0, 0x1, 0x30, 0x0, 0x0, 0x0,
    0x0, 0x0, 0xf, 0x80, 0x0, 0x8e, 0x4a, 0xaa,
    0xaa, 0xaa, 0xa2, 0x0, 0xf8, 0x39, 0x18, 0xe5,
    0xcc, 0xcf, 0xec, 0xcc, 0x30, 0xf, 0x85, 0xf2,
    0x8e, 0x0, 0x3, 0xf5, 0x0, 0x0, 0x0, 0xf8,
    0x5f, 0x28, 0xe0, 0x55, 0xaf, 0x65, 0x52, 0x0,
    0xf, 0x85, 0xf2, 0x8e, 0xf, 0xff, 0xff, 0xff,
    0x80, 0x0, 0xf8, 0x5f, 0x28, 0xe0, 0xf8, 0x22,
    0x22, 0xe8, 0x0, 0xf, 0x85, 0xf2, 0x8e, 0xf,
    0x60, 0xe6, 0xe, 0x80, 0x0, 0xf8, 0x5f, 0x28,
    0xe0, 0xf6, 0xf, 0x70, 0xe8, 0x0, 0xf, 0x85,
    0xf2, 0x8e, 0xf, 0x60, 0xf7, 0xe, 0x80, 0x0,
    0xf8, 0x5f, 0x28, 0xe0, 0xf6, 0xf, 0x70, 0xe8,
    0x0, 0xf, 0x85, 0xf2, 0x8e, 0xf, 0x61, 0xf7,
    0xe, 0x80, 0x0, 0xf8, 0x5f, 0x28, 0xe0, 0xf6,
    0x4f, 0x50, 0xe8, 0x0, 0xf, 0x85, 0xf2, 0x8e,
    0xf, 0x68, 0xf3, 0xe, 0x70, 0x1, 0xf7, 0x5f,
    0x28, 0xe0, 0x1, 0xfb, 0xcd, 0x20, 0x0, 0x5f,
    0x32, 0x91, 0x8e, 0x2, 0xde, 0x23, 0xef, 0x30,
    0xd, 0xd0, 0x0, 0x6, 0xb6, 0xff, 0x30, 0x1,
    0xde, 0x24, 0xf6, 0x0, 0x0, 0x0, 0x2b, 0x20,
    0x0, 0x2, 0xf5, 0x3, 0x0, 0x0, 0x0, 0x0,
    0x0, 0x0, 0x0, 0x2, 0x0,

    /* U+989D "额" */
    0x0, 0x1, 0x80, 0x0, 0x0, 0x0, 0x0, 0x0,
    0x0, 0x0, 0x0, 0x2e, 0xa0, 0x0, 0x5b, 0xbb,
    0xbb, 0xbb, 0xb1, 0x2, 0x55, 0x9f, 0x65, 0x57,
    0xbb, 0xbf, 0xeb, 0xbb, 0x10, 0x8f, 0xff, 0xff,
    0xff, 0x50, 0x3, 0xf5, 0x0, 0x0, 0x8, 0xf0,
    0x81, 0x3, 0xf6, 0x77, 0xcf, 0x77, 0x72, 0x0,
    0x37, 0x8f, 0x65, 0x68, 0x3f, 0xff, 0xff, 0xff,
    0x50, 0x0, 0x7f, 0xff, 0xff, 0x71, 0xf5, 0x6,
    0x21, 0xf5, 0x0, 0xaf, 0x80, 0x9, 0xf2, 0x1f,
    0x51, 0xf6, 0x1f, 0x50, 0x1d, 0x7e, 0xda, 0xf5,
    0x1, 0xf5, 0x1f, 0x61, 0xf5, 0x0, 0x0, 0x5f,
    0xff, 0xa3, 0x1f, 0x51, 0xf5, 0x1f, 0x50, 0x0,
    0x5e, 0xf5, 0x6d, 0xf4, 0xf5, 0x2f, 0x41, 0xf5,
    0x1, 0xdf, 0xf7, 0x44, 0x57, 0x1f, 0x53, 0xf3,
    0x1f, 0x50, 0x6, 0x9f, 0xff, 0xff, 0x91, 0xf5,
    0x6f, 0x11, 0xf5, 0x0, 0x5, 0xf4, 0x22, 0xe9,
    0x1f, 0x5b, 0xe1, 0x1f, 0x50, 0x0, 0x5f, 0x20,
    0xe, 0x90, 0x44, 0xfa, 0xeb, 0x20, 0x0, 0x5,
    0xff, 0xff, 0xf9, 0x3, 0xef, 0x23, 0xdf, 0x60,
    0x0, 0x5f, 0x87, 0x77, 0x89, 0xff, 0x50, 0x0,
    0xbf, 0x70, 0x5, 0xf2, 0x0, 0xc, 0xfb, 0x20,
    0x0, 0x0, 0xa2, 0x0, 0x0, 0x0, 0x0, 0x23,
    0x0, 0x0, 0x0, 0x0, 0x0,

    /* U+98CE "风" */
    0x0, 0x9, 0xff, 0xff, 0xff, 0xff, 0xff, 0xf3,
    0x0, 0x0, 0x0, 0x9f, 0x88, 0x88, 0x88, 0x88,
    0xaf, 0x30, 0x0, 0x0, 0x9, 0xe0, 0x0, 0x0,
    0x0, 0x4, 0xf3, 0x0, 0x0, 0x0, 0x9e, 0x1,
    0x0, 0x0, 0x37, 0x4f, 0x30, 0x0, 0x0, 0x9,
    0xe7, 0xe3, 0x0, 0xa, 0xe4, 0xf3, 0x0, 0x0,
    0x0, 0x9e, 0x1c, 0xe3, 0x2, 0xf7, 0x4f, 0x30,
    0x0, 0x0, 0x9, 0xe0, 0x1d, 0xe2, 0xbf, 0x14,
    0xf3, 0x0, 0x0, 0x0, 0x9e, 0x0, 0x1e, 0xef,
    0x70, 0x3f, 0x30, 0x0, 0x0, 0xa, 0xe0, 0x0,
    0x4f, 0xe0, 0x3, 0xf4, 0x0, 0x0, 0x0, 0xbd,
    0x0, 0x9, 0xff, 0x50, 0x2f, 0x50, 0x0, 0x0,
    0xc, 0xc0, 0x6, 0xf6, 0xce, 0x10, 0xf8, 0x0,
    0x0, 0x0, 0xf9, 0x4, 0xfa, 0x3, 0xf9, 0xd,
    0xa0, 0x0, 0x0, 0x4f, 0x53, 0xfc, 0x0, 0xa,
    0xf1, 0xae, 0x0, 0x0, 0xb, 0xf3, 0xfd, 0x10,
    0x0, 0x3f, 0x76, 0xf4, 0x20, 0x4, 0xf9, 0x7,
    0x10, 0x0, 0x0, 0x81, 0x1f, 0xcb, 0xa1, 0xef,
    0x10, 0x0, 0x0, 0x0, 0x0, 0x0, 0x8f, 0xf8,
    0x2d, 0x40, 0x0, 0x0, 0x0, 0x0, 0x0, 0x0,
    0xae, 0x20, 0x0, 0x0, 0x0, 0x0, 0x0, 0x0,
    0x0, 0x0, 0x0,

    /* U+9996 "首" */
    0x0, 0x0, 0x79, 0x0, 0x0, 0x0, 0x57, 0x0,
    0x0, 0x0, 0x0, 0xaf, 0x80, 0x0, 0x1, 0xec,
    0x0, 0x0, 0x0, 0x0, 0xa, 0xf3, 0x0, 0xb,
    0xf2, 0x0, 0x0, 0x1f, 0xff, 0xff, 0xff, 0xff,
    0xff, 0xff, 0xff, 0xf8, 0x7, 0x77, 0x77, 0x77,
    0xbf, 0x87, 0x77, 0x77, 0x73, 0x0, 0x0, 0x0,
    0x0, 0xbe, 0x0, 0x0, 0x0, 0x0, 0x0, 0x9,
    0xff, 0xff, 0xff, 0xff, 0xff, 0xf0, 0x0, 0x0,
    0xa, 0xf8, 0x88, 0x88, 0x88, 0x8c, 0xf0, 0x0,
    0x0, 0xa, 0xe0, 0x0, 0x0, 0x0, 0x7, 0xf0,
    0x0, 0x0, 0xa, 0xf8, 0x88, 0x88, 0x88, 0x8b,
    0xf0, 0x0, 0x0, 0xa, 0xff, 0xff, 0xff, 0xff,
    0xff, 0xf0, 0x0, 0x0, 0xa, 0xe0, 0x0, 0x0,
    0x0, 0x7, 0xf0, 0x0, 0x0, 0xa, 0xf8, 0x88,
    0x88, 0x88, 0x8b, 0xf0, 0x0, 0x0, 0xa, 0xff,
    0xff, 0xff, 0xff, 0xff, 0xf0, 0x0, 0x0, 0xa,
    0xe0, 0x0, 0x0, 0x0, 0x7, 0xf0, 0x0, 0x0,
    0xa, 0xe3, 0x33, 0x33, 0x33, 0x39, 0xf0, 0x0,
    0x0, 0xa, 0xff, 0xff, 0xff, 0xff, 0xff, 0xf0,
    0x0, 0x0, 0xa, 0xe4, 0x44, 0x44, 0x44, 0x49,
    0xf0, 0x0, 0x0, 0x0, 0x0, 0x0, 0x0, 0x0,
    0x0, 0x0, 0x0,

    /* U+FF01 "！" */
    0x11, 0xf, 0xf3, 0xff, 0x3f, 0xf3, 0xff, 0x2e,
    0xf1, 0xdf, 0xc, 0xf0, 0xae, 0x9, 0xd0, 0x8c,
    0x5, 0x70, 0x0, 0xe, 0xf1, 0xef, 0x10,

    /* U+FF05 "％" */
    0x0, 0x24, 0x20, 0x0, 0x0, 0x5, 0x20, 0x0,
    0x7, 0xfe, 0xf8, 0x0, 0x0, 0x4f, 0x20, 0x0,
    0x1f, 0x80, 0x5f, 0x40, 0x0, 0xc9, 0x0, 0x0,
    0x5f, 0x20, 0xf, 0x80, 0x5, 0xf1, 0x0, 0x0,
    0x6f, 0x10, 0xe, 0x90, 0xd, 0x90, 0x0, 0x0,
    0x4f, 0x30, 0xf, 0x70, 0x6f, 0x10, 0x0, 0x0,
    0xe, 0xb3, 0x9f, 0x20, 0xe8, 0x0, 0x0, 0x0,
    0x2, 0xcf, 0xd4, 0x7, 0xe0, 0x0, 0x0, 0x0,
    0x0, 0x0, 0x0, 0x1e, 0x70, 0x5e, 0xfc, 0x20,
    0x0, 0x0, 0x0, 0x8e, 0x2, 0xf9, 0x3b, 0xe0,
    0x0, 0x0, 0x1, 0xf6, 0x7, 0xf0, 0x2, 0xf4,
    0x0, 0x0, 0x9, 0xd0, 0x9, 0xe0, 0x1, 0xf6,
    0x0, 0x0, 0x2f, 0x50, 0x8, 0xf0, 0x2, 0xf6,
    0x0, 0x0, 0xac, 0x0, 0x4, 0xf5, 0x8, 0xf1,
    0x0, 0x3, 0xf4, 0x0, 0x0, 0x9f, 0xef, 0x70,
    0x0, 0x2, 0x40, 0x0, 0x0, 0x2, 0x52, 0x0,

    /* U+FF08 "（" */
    0x0, 0x0, 0xa3, 0x0, 0x8, 0xc0, 0x0, 0x3f,
    0x40, 0x0, 0xbd, 0x0, 0x2, 0xf6, 0x0, 0x8,
    0xf2, 0x0, 0xd, 0xe0, 0x0, 0xf, 0xb0, 0x0,
    0x2f, 0xa0, 0x0, 0x3f, 0x90, 0x0, 0x2f, 0xa0,
    0x0, 0xf, 0xb0, 0x0, 0xe, 0xe0, 0x0, 0x9,
    0xf1, 0x0, 0x4, 0xf6, 0x0, 0x0, 0xdc, 0x0,
    0x0, 0x6f, 0x20, 0x0, 0xc, 0xa0, 0x0, 0x2,
    0xf3, 0x0, 0x0, 0x0,

    /* U+FF09 "）" */
    0x3a, 0x0, 0x0, 0xd, 0x80, 0x0, 0x4, 0xf3,
    0x0, 0x0, 0xda, 0x0, 0x0, 0x7f, 0x20, 0x0,
    0x3f, 0x70, 0x0, 0xf, 0xc0, 0x0, 0xc, 0xf0,
    0x0, 0xa, 0xf1, 0x0, 0x9, 0xf3, 0x0, 0xa,
    0xf2, 0x0, 0xb, 0xf0, 0x0, 0xd, 0xe0, 0x0,
    0x1f, 0x90, 0x0, 0x5f, 0x40, 0x0, 0xad, 0x0,
    0x2, 0xf5, 0x0, 0xa, 0xc0, 0x0, 0x3f, 0x20,
    0x0, 0x0, 0x0, 0x0,

    /* U+FF0C "，" */
    0xf, 0xf1, 0xf, 0xf1, 0x0, 0xf0, 0x6, 0xc0,
    0x9, 0x20,

    /* U+FF1A "：" */
    0x2, 0x20, 0xff, 0xd, 0xd0, 0x0, 0x0, 0x0,
    0x0, 0x0, 0x0, 0x0, 0x0, 0x0, 0xff, 0xf,
    0xf0,

    /* U+FF1B "；" */
    0x2, 0x20, 0xf, 0xf1, 0xc, 0xd0, 0x0, 0x0,
    0x0, 0x0, 0x0, 0x0, 0x0, 0x0, 0x0, 0x0,
    0x0, 0x0, 0xf, 0xf1, 0xf, 0xf1, 0x0, 0xf0,
    0x6, 0xc0, 0x9, 0x20,

    /* U+FF1F "？" */
    0x0, 0x5, 0x88, 0x50, 0x0, 0x2, 0xef, 0xff,
    0xfe, 0x40, 0xd, 0xf6, 0x0, 0x5f, 0xf2, 0x5f,
    0x90, 0x0, 0x7, 0xf8, 0x5b, 0x30, 0x0, 0x3,
    0xf9, 0x0, 0x0, 0x0, 0x8, 0xf6, 0x0, 0x0,
    0x0, 0x5f, 0xd0, 0x0, 0x0, 0x6, 0xfd, 0x20,
    0x0, 0x0, 0x3f, 0xd1, 0x0, 0x0, 0x0, 0xaf,
    0x20, 0x0, 0x0, 0x0, 0xde, 0x0, 0x0, 0x0,
    0x0, 0x66, 0x0, 0x0, 0x0, 0x0, 0x0, 0x0,
    0x0, 0x0, 0x0, 0xff, 0x0, 0x0, 0x0, 0x0,
    0xff, 0x0, 0x0
};


/*---------------------
 *  GLYPH DESCRIPTION
 *--------------------*/

static const lv_font_fmt_txt_glyph_dsc_t glyph_dsc[] = {
    {.bitmap_index = 0, .adv_w = 0, .box_w = 0, .box_h = 0, .ofs_x = 0, .ofs_y = 0} /* id = 0 reserved */,
    {.bitmap_index = 0, .adv_w = 89, .box_w = 0, .box_h = 0, .ofs_x = 0, .ofs_y = 0},
    {.bitmap_index = 0, .adv_w = 89, .box_w = 3, .box_h = 15, .ofs_x = 1, .ofs_y = 0},
    {.bitmap_index = 23, .adv_w = 114, .box_w = 7, .box_h = 6, .ofs_x = 0, .ofs_y = 9},
    {.bitmap_index = 44, .adv_w = 178, .box_w = 11, .box_h = 15, .ofs_x = 0, .ofs_y = 0},
    {.bitmap_index = 127, .adv_w = 178, .box_w = 11, .box_h = 19, .ofs_x = 0, .ofs_y = -2},
    {.bitmap_index = 232, .adv_w = 285, .box_w = 16, .box_h = 15, .ofs_x = 1, .ofs_y = 0},
    {.bitmap_index = 352, .adv_w = 213, .box_w = 13, .box_h = 16, .ofs_x = 0, .ofs_y = -1},
    {.bitmap_index = 456, .adv_w = 61, .box_w = 3, .box_h = 6, .ofs_x = 0, .ofs_y = 9},
    {.bitmap_index = 465, .adv_w = 107, .box_w = 5, .box_h = 19, .ofs_x = 1, .ofs_y = -4},
    {.bitmap_index = 513, .adv_w = 107, .box_w = 6, .box_h = 19, .ofs_x = 0, .ofs_y = -4},
    {.bitmap_index = 570, .adv_w = 125, .box_w = 8, .box_h = 7, .ofs_x = 0, .ofs_y = 8},
    {.bitmap_index = 598, .adv_w = 187, .box_w = 10, .box_h = 10, .ofs_x = 1, .ofs_y = 2},
    {.bitmap_index = 648, .adv_w = 89, .box_w = 3, .box_h = 6, .ofs_x = 1, .ofs_y = -3},
    {.bitmap_index = 657, .adv_w = 107, .box_w = 7, .box_h = 2, .ofs_x = 0, .ofs_y = 4},
    {.bitmap_index = 664, .adv_w = 89, .box_w = 3, .box_h = 3, .ofs_x = 1, .ofs_y = 0},
    {.bitmap_index = 669, .adv_w = 89, .box_w = 6, .box_h = 16, .ofs_x = 0, .ofs_y = -1},
    {.bitmap_index = 717, .adv_w = 178, .box_w = 11, .box_h = 15, .ofs_x = 0, .ofs_y = 0},
    {.bitmap_index = 800, .adv_w = 178, .box_w = 6, .box_h = 15, .ofs_x = 2, .ofs_y = 0},
    {.bitmap_index = 845, .adv_w = 178, .box_w = 11, .box_h = 15, .ofs_x = 0, .ofs_y = 0},
    {.bitmap_index = 928, .adv_w = 178, .box_w = 11, .box_h = 15, .ofs_x = 0, .ofs_y = 0},
    {.bitmap_index = 1011, .adv_w = 178, .box_w = 11, .box_h = 15, .ofs_x = 0, .ofs_y = 0},
    {.bitmap_index = 1094, .adv_w = 178, .box_w = 11, .box_h = 15, .ofs_x = 0, .ofs_y = 0},
    {.bitmap_index = 1177, .adv_w = 178, .box_w = 11, .box_h = 15, .ofs_x = 0, .ofs_y = 0},
    {.bitmap_index = 1260, .adv_w = 178, .box_w = 11, .box_h = 15, .ofs_x = 0, .ofs_y = 0},
    {.bitmap_index = 1343, .adv_w = 178, .box_w = 11, .box_h = 15, .ofs_x = 0, .ofs_y = 0},
    {.bitmap_index = 1426, .adv_w = 178, .box_w = 11, .box_h = 15, .ofs_x = 0, .ofs_y = 0},
    {.bitmap_index = 1509, .adv_w = 89, .box_w = 3, .box_h = 11, .ofs_x = 1, .ofs_y = 0},
    {.bitmap_index = 1526, .adv_w = 89, .box_w = 3, .box_h = 14, .ofs_x = 1, .ofs_y = -3},
    {.bitmap_index = 1547, .adv_w = 187, .box_w = 10, .box_h = 11, .ofs_x = 1, .ofs_y = 2},
    {.bitmap_index = 1602, .adv_w = 187, .box_w = 10, .box_h = 6, .ofs_x = 1, .ofs_y = 5},
    {.bitmap_index = 1632, .adv_w = 187, .box_w = 10, .box_h = 11, .ofs_x = 1, .ofs_y = 2},
    {.bitmap_index = 1687, .adv_w = 178, .box_w = 11, .box_h = 15, .ofs_x = 0, .ofs_y = 0},
    {.bitmap_index = 1770, .adv_w = 325, .box_w = 19, .box_h = 19, .ofs_x = 1, .ofs_y = -4},
    {.bitmap_index = 1951, .adv_w = 213, .box_w = 15, .box_h = 15, .ofs_x = -1, .ofs_y = 0},
    {.bitmap_index = 2064, .adv_w = 213, .box_w = 12, .box_h = 15, .ofs_x = 1, .ofs_y = 0},
    {.bitmap_index = 2154, .adv_w = 231, .box_w = 13, .box_h = 15, .ofs_x = 1, .ofs_y = 0},
    {.bitmap_index = 2252, .adv_w = 231, .box_w = 13, .box_h = 15, .ofs_x = 1, .ofs_y = 0},
    {.bitmap_index = 2350, .adv_w = 213, .box_w = 12, .box_h = 15, .ofs_x = 1, .ofs_y = 0},
    {.bitmap_index = 2440, .adv_w = 195, .box_w = 11, .box_h = 15, .ofs_x = 1, .ofs_y = 0},
    {.bitmap_index = 2523, .adv_w = 249, .box_w = 14, .box_h = 15, .ofs_x = 1, .ofs_y = 0},
    {.bitmap_index = 2628, .adv_w = 231, .box_w = 12, .box_h = 15, .ofs_x = 1, .ofs_y = 0},
    {.bitmap_index = 2718, .adv_w = 89, .box_w = 3, .box_h = 15, .ofs_x = 1, .ofs_y = 0},
    {.bitmap_index = 2741, .adv_w = 160, .box_w = 9, .box_h = 15, .ofs_x = 0, .ofs_y = 0},
    {.bitmap_index = 2809, .adv_w = 213, .box_w = 13, .box_h = 15, .ofs_x = 1, .ofs_y = 0},
    {.bitmap_index = 2907, .adv_w = 178, .box_w = 10, .box_h = 15, .ofs_x = 1, .ofs_y = 0},
    {.bitmap_index = 2982, .adv_w = 267, .box_w = 15, .box_h = 15, .ofs_x = 1, .ofs_y = 0},
    {.bitmap_index = 3095, .adv_w = 231, .box_w = 12, .box_h = 15, .ofs_x = 1, .ofs_y = 0},
    {.bitmap_index = 3185, .adv_w = 249, .box_w = 15, .box_h = 15, .ofs_x = 0, .ofs_y = 0},
    {.bitmap_index = 3298, .adv_w = 213, .box_w = 12, .box_h = 15, .ofs_x = 1, .ofs_y = 0},
    {.bitmap_index = 3388, .adv_w = 249, .box_w = 15, .box_h = 16, .ofs_x = 0, .ofs_y = -1},
    {.bitmap_index = 3508, .adv_w = 231, .box_w = 14, .box_h = 15, .ofs_x = 1, .ofs_y = 0},
    {.bitmap_index = 3613, .adv_w = 213, .box_w = 13, .box_h = 15, .ofs_x = 0, .ofs_y = 0},
    {.bitmap_index = 3711, .adv_w = 195, .box_w = 12, .box_h = 15, .ofs_x = 0, .ofs_y = 0},
    {.bitmap_index = 3801, .adv_w = 231, .box_w = 12, .box_h = 15, .ofs_x = 1, .ofs_y = 0},
    {.bitmap_index = 3891, .adv_w = 213, .box_w = 14, .box_h = 15, .ofs_x = 0, .ofs_y = 0},
    {.bitmap_index = 3996, .adv_w = 302, .box_w = 19, .box_h = 15, .ofs_x = 0, .ofs_y = 0},
    {.bitmap_index = 4139, .adv_w = 213, .box_w = 14, .box_h = 15, .ofs_x = 0, .ofs_y = 0},
    {.bitmap_index = 4244, .adv_w = 213, .box_w = 14, .box_h = 15, .ofs_x = 0, .ofs_y = 0},
    {.bitmap_index = 4349, .adv_w = 195, .box_w = 12, .box_h = 15, .ofs_x = 0, .ofs_y = 0},
    {.bitmap_index = 4439, .adv_w = 89, .box_w = 5, .box_h = 19, .ofs_x = 1, .ofs_y = -4},
    {.bitmap_index = 4487, .adv_w = 89, .box_w = 6, .box_h = 16, .ofs_x = 0, .ofs_y = -1},
    {.bitmap_index = 4535, .adv_w = 89, .box_w = 5, .box_h = 19, .ofs_x = 0, .ofs_y = -4},
    {.bitmap_index = 4583, .adv_w = 150, .box_w = 9, .box_h = 8, .ofs_x = 0, .ofs_y = 7},
    {.bitmap_index = 4619, .adv_w = 160, .box_w = 12, .box_h = 2, .ofs_x = -1, .ofs_y = -3},
    {.bitmap_index = 4631, .adv_w = 107, .box_w = 5, .box_h = 3, .ofs_x = 0, .ofs_y = 12},
    {.bitmap_index = 4639, .adv_w = 178, .box_w = 11, .box_h = 11, .ofs_x = 0, .ofs_y = 0},
    {.bitmap_index = 4700, .adv_w = 178, .box_w = 10, .box_h = 15, .ofs_x = 1, .ofs_y = 0},
    {.bitmap_index = 4775, .adv_w = 160, .box_w = 10, .box_h = 11, .ofs_x = 0, .ofs_y = 0},
    {.bitmap_index = 4830, .adv_w = 178, .box_w = 10, .box_h = 15, .ofs_x = 0, .ofs_y = 0},
    {.bitmap_index = 4905, .adv_w = 178, .box_w = 11, .box_h = 11, .ofs_x = 0, .ofs_y = 0},
    {.bitmap_index = 4966, .adv_w = 89, .box_w = 7, .box_h = 15, .ofs_x = 0, .ofs_y = 0},
    {.bitmap_index = 5019, .adv_w = 178, .box_w = 10, .box_h = 15, .ofs_x = 0, .ofs_y = -4},
    {.bitmap_index = 5094, .adv_w = 178, .box_w = 9, .box_h = 15, .ofs_x = 1, .ofs_y = 0},
    {.bitmap_index = 5162, .adv_w = 71, .box_w = 3, .box_h = 15, .ofs_x = 1, .ofs_y = 0},
    {.bitmap_index = 5185, .adv_w = 71, .box_w = 5, .box_h = 19, .ofs_x = -1, .ofs_y = -4},
    {.bitmap_index = 5233, .adv_w = 160, .box_w = 9, .box_h = 15, .ofs_x = 1, .ofs_y = 0},
    {.bitmap_index = 5301, .adv_w = 71, .box_w = 3, .box_h = 15, .ofs_x = 1, .ofs_y = 0},
    {.bitmap_index = 5324, .adv_w = 267, .box_w = 15, .box_h = 11, .ofs_x = 1, .ofs_y = 0},
    {.bitmap_index = 5407, .adv_w = 178, .box_w = 9, .box_h = 11, .ofs_x = 1, .ofs_y = 0},
    {.bitmap_index = 5457, .adv_w = 178, .box_w = 11, .box_h = 11, .ofs_x = 0, .ofs_y = 0},
    {.bitmap_index = 5518, .adv_w = 178, .box_w = 10, .box_h = 15, .ofs_x = 1, .ofs_y = -4},
    {.bitmap_index = 5593, .adv_w = 178, .box_w = 10, .box_h = 15, .ofs_x = 0, .ofs_y = -4},
    {.bitmap_index = 5668, .adv_w = 107, .box_w = 6, .box_h = 11, .ofs_x = 1, .ofs_y = 0},
    {.bitmap_index = 5701, .adv_w = 160, .box_w = 10, .box_h = 11, .ofs_x = 0, .ofs_y = 0},
    {.bitmap_index = 5756, .adv_w = 89, .box_w = 6, .box_h = 15, .ofs_x = 0, .ofs_y = 0},
    {.bitmap_index = 5801, .adv_w = 178, .box_w = 9, .box_h = 11, .ofs_x = 1, .ofs_y = 0},
    {.bitmap_index = 5851, .adv_w = 160, .box_w = 10, .box_h = 11, .ofs_x = 0, .ofs_y = 0},
    {.bitmap_index = 5906, .adv_w = 231, .box_w = 15, .box_h = 11, .ofs_x = 0, .ofs_y = 0},
    {.bitmap_index = 5989, .adv_w = 160, .box_w = 10, .box_h = 11, .ofs_x = 0, .ofs_y = 0},
    {.bitmap_index = 6044, .adv_w = 160, .box_w = 10, .box_h = 15, .ofs_x = 0, .ofs_y = -4},
    {.bitmap_index = 6119, .adv_w = 160, .box_w = 10, .box_h = 11, .ofs_x = 0, .ofs_y = 0},
    {.bitmap_index = 6174, .adv_w = 107, .box_w = 7, .box_h = 19, .ofs_x = 0, .ofs_y = -4},
    {.bitmap_index = 6241, .adv_w = 83, .box_w = 3, .box_h = 19, .ofs_x = 1, .ofs_y = -4},
    {.bitmap_index = 6270, .adv_w = 107, .box_w = 7, .box_h = 19, .ofs_x = 0, .ofs_y = -4},
    {.bitmap_index = 6337, .adv_w = 187, .box_w = 11, .box_h = 5, .ofs_x = 0, .ofs_y = 5},
    {.bitmap_index = 6365, .adv_w = 128, .box_w = 6, .box_h = 7, .ofs_x = 1, .ofs_y = 9},
    {.bitmap_index = 6386, .adv_w = 89, .box_w = 3, .box_h = 3, .ofs_x = 1, .ofs_y = 6},
    {.bitmap_index = 6391, .adv_w = 187, .box_w = 10, .box_h = 10, .ofs_x = 1, .ofs_y = 2},
    {.bitmap_index = 6441, .adv_w = 320, .box_w = 22, .box_h = 3, .ofs_x = -1, .ofs_y = 4},
    {.bitmap_index = 6474, .adv_w = 71, .box_w = 3, .box_h = 5, .ofs_x = 1, .ofs_y = 10},
    {.bitmap_index = 6482, .adv_w = 71, .box_w = 3, .box_h = 5, .ofs_x = 1, .ofs_y = 10},
    {.bitmap_index = 6490, .adv_w = 107, .box_w = 6, .box_h = 5, .ofs_x = 0, .ofs_y = 10},
    {.bitmap_index = 6505, .adv_w = 107, .box_w = 6, .box_h = 5, .ofs_x = 0, .ofs_y = 10},
    {.bitmap_index = 6520, .adv_w = 320, .box_w = 16, .box_h = 3, .ofs_x = 2, .ofs_y = 0},
    {.bitmap_index = 6544, .adv_w = 327, .box_w = 20, .box_h = 16, .ofs_x = 0, .ofs_y = -1},
    {.bitmap_index = 6704, .adv_w = 228, .box_w = 14, .box_h = 7, .ofs_x = 0, .ofs_y = 2},
    {.bitmap_index = 6753, .adv_w = 192, .box_w = 14, .box_h = 22, .ofs_x = -1, .ofs_y = -5},
    {.bitmap_index = 6907, .adv_w = 320, .box_w = 6, .box_h = 6, .ofs_x = 1, .ofs_y = -2},
    {.bitmap_index = 6925, .adv_w = 320, .box_w = 7, .box_h = 6, .ofs_x = 1, .ofs_y = -1},
    {.bitmap_index = 6946, .adv_w = 320, .box_w = 8, .box_h = 19, .ofs_x = 11, .ofs_y = -1},
    {.bitmap_index = 7022, .adv_w = 320, .box_w = 8, .box_h = 19, .ofs_x = 1, .ofs_y = -1},
    {.bitmap_index = 7098, .adv_w = 320, .box_w = 9, .box_h = 19, .ofs_x = 10, .ofs_y = -1},
    {.bitmap_index = 7184, .adv_w = 320, .box_w = 9, .box_h = 19, .ofs_x = 1, .ofs_y = -1},
    {.bitmap_index = 7270, .adv_w = 320, .box_w = 6, .box_h = 19, .ofs_x = 12, .ofs_y = -1},
    {.bitmap_index = 7327, .adv_w = 320, .box_w = 6, .box_h = 19, .ofs_x = 2, .ofs_y = -1},
    {.bitmap_index = 7384, .adv_w = 320, .box_w = 16, .box_h = 2, .ofs_x = 2, .ofs_y = 7},
    {.bitmap_index = 7400, .adv_w = 320, .box_w = 19, .box_h = 17, .ofs_x = 1, .ofs_y = -2},
    {.bitmap_index = 7562, .adv_w = 320, .box_w = 18, .box_h = 15, .ofs_x = 1, .ofs_y = 0},
    {.bitmap_index = 7697, .adv_w = 320, .box_w = 18, .box_h = 17, .ofs_x = 1, .ofs_y = 0},
    {.bitmap_index = 7850, .adv_w = 320, .box_w = 18, .box_h = 17, .ofs_x = 1, .ofs_y = -1},
    {.bitmap_index = 8003, .adv_w = 320, .box_w = 18, .box_h = 17, .ofs_x = 1, .ofs_y = -1},
    {.bitmap_index = 8156, .adv_w = 320, .box_w = 18, .box_h = 18, .ofs_x = 1, .ofs_y = -1},
    {.bitmap_index = 8318, .adv_w = 320, .box_w = 20, .box_h = 19, .ofs_x = 0, .ofs_y = -1},
    {.bitmap_index = 8508, .adv_w = 320, .box_w = 16, .box_h = 18, .ofs_x = 2, .ofs_y = -1},
    {.bitmap_index = 8652, .adv_w = 320, .box_w = 16, .box_h = 19, .ofs_x = 1, .ofs_y = -2},
    {.bitmap_index = 8804, .adv_w = 320, .box_w = 19, .box_h = 19, .ofs_x = 1, .ofs_y = -2},
    {.bitmap_index = 8985, .adv_w = 320, .box_w = 18, .box_h = 18, .ofs_x = 1, .ofs_y = -1},
    {.bitmap_index = 9147, .adv_w = 320, .box_w = 14, .box_h = 18, .ofs_x = 3, .ofs_y = -2},
    {.bitmap_index = 9273, .adv_w = 320, .box_w = 18, .box_h = 19, .ofs_x = 1, .ofs_y = -2},
    {.bitmap_index = 9444, .adv_w = 320, .box_w = 17, .box_h = 12, .ofs_x = 2, .ofs_y = 2},
    {.bitmap_index = 9546, .adv_w = 320, .box_w = 18, .box_h = 18, .ofs_x = 1, .ofs_y = -2},
    {.bitmap_index = 9708, .adv_w = 320, .box_w = 19, .box_h = 18, .ofs_x = 1, .ofs_y = -1},
    {.bitmap_index = 9879, .adv_w = 320, .box_w = 18, .box_h = 18, .ofs_x = 1, .ofs_y = -1},
    {.bitmap_index = 10041, .adv_w = 320, .box_w = 19, .box_h = 18, .ofs_x = 0, .ofs_y = -1},
    {.bitmap_index = 10212, .adv_w = 320, .box_w = 20, .box_h = 19, .ofs_x = 0, .ofs_y = -2},
    {.bitmap_index = 10402, .adv_w = 320, .box_w = 20, .box_h = 19, .ofs_x = 0, .ofs_y = -2},
    {.bitmap_index = 10592, .adv_w = 320, .box_w = 19, .box_h = 18, .ofs_x = 0, .ofs_y = -1},
    {.bitmap_index = 10763, .adv_w = 320, .box_w = 20, .box_h = 18, .ofs_x = 0, .ofs_y = -1},
    {.bitmap_index = 10943, .adv_w = 320, .box_w = 19, .box_h = 20, .ofs_x = 1, .ofs_y = -2},
    {.bitmap_index = 11133, .adv_w = 320, .box_w = 20, .box_h = 18, .ofs_x = 0, .ofs_y = -1},
    {.bitmap_index = 11313, .adv_w = 320, .box_w = 19, .box_h = 18, .ofs_x = 0, .ofs_y = -1},
    {.bitmap_index = 11484, .adv_w = 320, .box_w = 20, .box_h = 19, .ofs_x = 0, .ofs_y = -2},
    {.bitmap_index = 11674, .adv_w = 320, .box_w = 19, .box_h = 19, .ofs_x = 0, .ofs_y = -2},
    {.bitmap_index = 11855, .adv_w = 320, .box_w = 20, .box_h = 19, .ofs_x = 0, .ofs_y = -2},
    {.bitmap_index = 12045, .adv_w = 320, .box_w = 19, .box_h = 19, .ofs_x = 1, .ofs_y = -2},
    {.bitmap_index = 12226, .adv_w = 320, .box_w = 18, .box_h = 17, .ofs_x = 1, .ofs_y = -1},
    {.bitmap_index = 12379, .adv_w = 320, .box_w = 19, .box_h = 17, .ofs_x = 0, .ofs_y = -1},
    {.bitmap_index = 12541, .adv_w = 320, .box_w = 19, .box_h = 18, .ofs_x = 1, .ofs_y = -1},
    {.bitmap_index = 12712, .adv_w = 320, .box_w = 19, .box_h = 19, .ofs_x = 0, .ofs_y = -2},
    {.bitmap_index = 12893, .adv_w = 320, .box_w = 18, .box_h = 19, .ofs_x = 1, .ofs_y = -2},
    {.bitmap_index = 13064, .adv_w = 320, .box_w = 16, .box_h = 19, .ofs_x = 2, .ofs_y = -2},
    {.bitmap_index = 13216, .adv_w = 320, .box_w = 20, .box_h = 18, .ofs_x = 0, .ofs_y = -2},
    {.bitmap_index = 13396, .adv_w = 320, .box_w = 18, .box_h = 19, .ofs_x = 1, .ofs_y = -2},
    {.bitmap_index = 13567, .adv_w = 320, .box_w = 16, .box_h = 18, .ofs_x = 2, .ofs_y = -1},
    {.bitmap_index = 13711, .adv_w = 320, .box_w = 18, .box_h = 18, .ofs_x = 1, .ofs_y = -2},
    {.bitmap_index = 13873, .adv_w = 320, .box_w = 17, .box_h = 19, .ofs_x = 1, .ofs_y = -2},
    {.bitmap_index = 14035, .adv_w = 320, .box_w = 18, .box_h = 18, .ofs_x = 0, .ofs_y = -1},
    {.bitmap_index = 14197, .adv_w = 320, .box_w = 17, .box_h = 19, .ofs_x = 1, .ofs_y = -2},
    {.bitmap_index = 14359, .adv_w = 320, .box_w = 18, .box_h = 18, .ofs_x = 1, .ofs_y = -1},
    {.bitmap_index = 14521, .adv_w = 320, .box_w = 18, .box_h = 19, .ofs_x = 1, .ofs_y = -2},
    {.bitmap_index = 14692, .adv_w = 320, .box_w = 18, .box_h = 20, .ofs_x = 1, .ofs_y = -2},
    {.bitmap_index = 14872, .adv_w = 320, .box_w = 18, .box_h = 19, .ofs_x = 1, .ofs_y = -2},
    {.bitmap_index = 15043, .adv_w = 320, .box_w = 19, .box_h = 19, .ofs_x = 0, .ofs_y = -2},
    {.bitmap_index = 15224, .adv_w = 320, .box_w = 17, .box_h = 19, .ofs_x = 1, .ofs_y = -2},
    {.bitmap_index = 15386, .adv_w = 320, .box_w = 19, .box_h = 18, .ofs_x = 0, .ofs_y = -1},
    {.bitmap_index = 15557, .adv_w = 320, .box_w = 19, .box_h = 17, .ofs_x = 1, .ofs_y = -1},
    {.bitmap_index = 15719, .adv_w = 320, .box_w = 18, .box_h = 18, .ofs_x = 1, .ofs_y = -1},
    {.bitmap_index = 15881, .adv_w = 320, .box_w = 18, .box_h = 18, .ofs_x = 1, .ofs_y = -1},
    {.bitmap_index = 16043, .adv_w = 320, .box_w = 19, .box_h = 19, .ofs_x = 0, .ofs_y = -2},
    {.bitmap_index = 16224, .adv_w = 320, .box_w = 20, .box_h = 17, .ofs_x = 0, .ofs_y = -1},
    {.bitmap_index = 16394, .adv_w = 320, .box_w = 19, .box_h = 19, .ofs_x = 0, .ofs_y = -2},
    {.bitmap_index = 16575, .adv_w = 320, .box_w = 14, .box_h = 14, .ofs_x = 3, .ofs_y = 0},
    {.bitmap_index = 16673, .adv_w = 320, .box_w = 18, .box_h = 17, .ofs_x = 1, .ofs_y = -1},
    {.bitmap_index = 16826, .adv_w = 320, .box_w = 18, .box_h = 17, .ofs_x = 1, .ofs_y = -1},
    {.bitmap_index = 16979, .adv_w = 320, .box_w = 17, .box_h = 20, .ofs_x = 0, .ofs_y = -2},
    {.bitmap_index = 17149, .adv_w = 320, .box_w = 19, .box_h = 19, .ofs_x = 0, .ofs_y = -2},
    {.bitmap_index = 17330, .adv_w = 320, .box_w = 18, .box_h = 18, .ofs_x = 1, .ofs_y = -1},
    {.bitmap_index = 17492, .adv_w = 320, .box_w = 20, .box_h = 17, .ofs_x = 0, .ofs_y = -1},
    {.bitmap_index = 17662, .adv_w = 320, .box_w = 16, .box_h = 17, .ofs_x = 2, .ofs_y = -1},
    {.bitmap_index = 17798, .adv_w = 320, .box_w = 16, .box_h = 18, .ofs_x = 2, .ofs_y = -2},
    {.bitmap_index = 17942, .adv_w = 320, .box_w = 16, .box_h = 17, .ofs_x = 2, .ofs_y = -1},
    {.bitmap_index = 18078, .adv_w = 320, .box_w = 19, .box_h = 18, .ofs_x = 0, .ofs_y = -1},
    {.bitmap_index = 18249, .adv_w = 320, .box_w = 18, .box_h = 19, .ofs_x = 1, .ofs_y = -2},
    {.bitmap_index = 18420, .adv_w = 320, .box_w = 19, .box_h = 19, .ofs_x = 0, .ofs_y = -2},
    {.bitmap_index = 18601, .adv_w = 320, .box_w = 20, .box_h = 19, .ofs_x = 0, .ofs_y = -2},
    {.bitmap_index = 18791, .adv_w = 320, .box_w = 19, .box_h = 19, .ofs_x = 0, .ofs_y = -2},
    {.bitmap_index = 18972, .adv_w = 320, .box_w = 20, .box_h = 19, .ofs_x = 0, .ofs_y = -1},
    {.bitmap_index = 19162, .adv_w = 320, .box_w = 18, .box_h = 19, .ofs_x = 1, .ofs_y = -2},
    {.bitmap_index = 19333, .adv_w = 320, .box_w = 18, .box_h = 18, .ofs_x = 1, .ofs_y = -1},
    {.bitmap_index = 19495, .adv_w = 320, .box_w = 18, .box_h = 18, .ofs_x = 1, .ofs_y = -2},
    {.bitmap_index = 19657, .adv_w = 320, .box_w = 18, .box_h = 19, .ofs_x = 1, .ofs_y = -2},
    {.bitmap_index = 19828, .adv_w = 320, .box_w = 18, .box_h = 17, .ofs_x = 1, .ofs_y = -1},
    {.bitmap_index = 19981, .adv_w = 320, .box_w = 18, .box_h = 18, .ofs_x = 1, .ofs_y = -1},
    {.bitmap_index = 20143, .adv_w = 320, .box_w = 19, .box_h = 18, .ofs_x = 0, .ofs_y = -1},
    {.bitmap_index = 20314, .adv_w = 320, .box_w = 16, .box_h = 18, .ofs_x = 2, .ofs_y = -1},
    {.bitmap_index = 20458, .adv_w = 320, .box_w = 20, .box_h = 19, .ofs_x = 0, .ofs_y = -2},
    {.bitmap_index = 20648, .adv_w = 320, .box_w = 18, .box_h = 18, .ofs_x = 1, .ofs_y = -1},
    {.bitmap_index = 20810, .adv_w = 320, .box_w = 18, .box_h = 18, .ofs_x = 1, .ofs_y = -1},
    {.bitmap_index = 20972, .adv_w = 320, .box_w = 18, .box_h = 19, .ofs_x = 1, .ofs_y = -2},
    {.bitmap_index = 21143, .adv_w = 320, .box_w = 18, .box_h = 19, .ofs_x = 1, .ofs_y = -2},
    {.bitmap_index = 21314, .adv_w = 320, .box_w = 19, .box_h = 18, .ofs_x = 0, .ofs_y = -1},
    {.bitmap_index = 21485, .adv_w = 320, .box_w = 18, .box_h = 19, .ofs_x = 1, .ofs_y = -2},
    {.bitmap_index = 21656, .adv_w = 320, .box_w = 17, .box_h = 18, .ofs_x = 1, .ofs_y = -2},
    {.bitmap_index = 21809, .adv_w = 320, .box_w = 19, .box_h = 18, .ofs_x = 0, .ofs_y = -2},
    {.bitmap_index = 21980, .adv_w = 320, .box_w = 18, .box_h = 18, .ofs_x = 1, .ofs_y = -2},
    {.bitmap_index = 22142, .adv_w = 320, .box_w = 18, .box_h = 18, .ofs_x = 1, .ofs_y = -2},
    {.bitmap_index = 22304, .adv_w = 320, .box_w = 16, .box_h = 16, .ofs_x = 2, .ofs_y = 0},
    {.bitmap_index = 22432, .adv_w = 320, .box_w = 17, .box_h = 17, .ofs_x = 2, .ofs_y = -1},
    {.bitmap_index = 22577, .adv_w = 320, .box_w = 17, .box_h = 18, .ofs_x = 1, .ofs_y = -1},
    {.bitmap_index = 22730, .adv_w = 320, .box_w = 18, .box_h = 18, .ofs_x = 1, .ofs_y = -1},
    {.bitmap_index = 22892, .adv_w = 320, .box_w = 18, .box_h = 18, .ofs_x = 1, .ofs_y = -1},
    {.bitmap_index = 23054, .adv_w = 320, .box_w = 18, .box_h = 18, .ofs_x = 1, .ofs_y = -1},
    {.bitmap_index = 23216, .adv_w = 320, .box_w = 19, .box_h = 19, .ofs_x = 0, .ofs_y = -2},
    {.bitmap_index = 23397, .adv_w = 320, .box_w = 19, .box_h = 19, .ofs_x = 1, .ofs_y = -2},
    {.bitmap_index = 23578, .adv_w = 320, .box_w = 19, .box_h = 17, .ofs_x = 0, .ofs_y = -1},
    {.bitmap_index = 23740, .adv_w = 320, .box_w = 19, .box_h = 18, .ofs_x = 1, .ofs_y = -2},
    {.bitmap_index = 23911, .adv_w = 320, .box_w = 16, .box_h = 18, .ofs_x = 2, .ofs_y = -1},
    {.bitmap_index = 24055, .adv_w = 320, .box_w = 19, .box_h = 18, .ofs_x = 0, .ofs_y = -1},
    {.bitmap_index = 24226, .adv_w = 320, .box_w = 20, .box_h = 19, .ofs_x = 0, .ofs_y = -2},
    {.bitmap_index = 24416, .adv_w = 320, .box_w = 18, .box_h = 18, .ofs_x = 1, .ofs_y = -1},
    {.bitmap_index = 24578, .adv_w = 320, .box_w = 20, .box_h = 17, .ofs_x = 0, .ofs_y = -1},
    {.bitmap_index = 24748, .adv_w = 320, .box_w = 20, .box_h = 20, .ofs_x = 0, .ofs_y = -2},
    {.bitmap_index = 24948, .adv_w = 320, .box_w = 19, .box_h = 18, .ofs_x = 0, .ofs_y = -1},
    {.bitmap_index = 25119, .adv_w = 320, .box_w = 18, .box_h = 18, .ofs_x = 1, .ofs_y = -1},
    {.bitmap_index = 25281, .adv_w = 320, .box_w = 19, .box_h = 18, .ofs_x = 1, .ofs_y = -1},
    {.bitmap_index = 25452, .adv_w = 320, .box_w = 19, .box_h = 19, .ofs_x = 0, .ofs_y = -2},
    {.bitmap_index = 25633, .adv_w = 320, .box_w = 19, .box_h = 18, .ofs_x = 1, .ofs_y = -1},
    {.bitmap_index = 25804, .adv_w = 320, .box_w = 18, .box_h = 18, .ofs_x = 1, .ofs_y = -1},
    {.bitmap_index = 25966, .adv_w = 320, .box_w = 18, .box_h = 18, .ofs_x = 0, .ofs_y = -1},
    {.bitmap_index = 26128, .adv_w = 320, .box_w = 18, .box_h = 18, .ofs_x = 1, .ofs_y = -1},
    {.bitmap_index = 26290, .adv_w = 320, .box_w = 19, .box_h = 18, .ofs_x = 0, .ofs_y = -1},
    {.bitmap_index = 26461, .adv_w = 320, .box_w = 18, .box_h = 19, .ofs_x = 1, .ofs_y = -2},
    {.bitmap_index = 26632, .adv_w = 320, .box_w = 19, .box_h = 18, .ofs_x = 0, .ofs_y = -1},
    {.bitmap_index = 26803, .adv_w = 320, .box_w = 19, .box_h = 18, .ofs_x = 0, .ofs_y = -1},
    {.bitmap_index = 26974, .adv_w = 320, .box_w = 19, .box_h = 19, .ofs_x = 1, .ofs_y = -2},
    {.bitmap_index = 27155, .adv_w = 320, .box_w = 19, .box_h = 19, .ofs_x = 0, .ofs_y = -2},
    {.bitmap_index = 27336, .adv_w = 320, .box_w = 20, .box_h = 18, .ofs_x = 0, .ofs_y = -1},
    {.bitmap_index = 27516, .adv_w = 320, .box_w = 19, .box_h = 19, .ofs_x = 1, .ofs_y = -2},
    {.bitmap_index = 27697, .adv_w = 320, .box_w = 19, .box_h = 18, .ofs_x = 0, .ofs_y = -1},
    {.bitmap_index = 27868, .adv_w = 320, .box_w = 19, .box_h = 19, .ofs_x = 1, .ofs_y = -2},
    {.bitmap_index = 28049, .adv_w = 320, .box_w = 20, .box_h = 19, .ofs_x = 0, .ofs_y = -2},
    {.bitmap_index = 28239, .adv_w = 320, .box_w = 19, .box_h = 19, .ofs_x = 0, .ofs_y = -2},
    {.bitmap_index = 28420, .adv_w = 320, .box_w = 19, .box_h = 19, .ofs_x = 0, .ofs_y = -2},
    {.bitmap_index = 28601, .adv_w = 320, .box_w = 19, .box_h = 19, .ofs_x = 1, .ofs_y = -2},
    {.bitmap_index = 28782, .adv_w = 320, .box_w = 20, .box_h = 19, .ofs_x = 0, .ofs_y = -2},
    {.bitmap_index = 28972, .adv_w = 320, .box_w = 18, .box_h = 19, .ofs_x = 1, .ofs_y = -2},
    {.bitmap_index = 29143, .adv_w = 320, .box_w = 19, .box_h = 18, .ofs_x = 1, .ofs_y = -1},
    {.bitmap_index = 29314, .adv_w = 320, .box_w = 12, .box_h = 16, .ofs_x = 4, .ofs_y = -1},
    {.bitmap_index = 29410, .adv_w = 320, .box_w = 16, .box_h = 17, .ofs_x = 2, .ofs_y = -1},
    {.bitmap_index = 29546, .adv_w = 320, .box_w = 17, .box_h = 18, .ofs_x = 2, .ofs_y = -1},
    {.bitmap_index = 29699, .adv_w = 320, .box_w = 16, .box_h = 18, .ofs_x = 2, .ofs_y = -2},
    {.bitmap_index = 29843, .adv_w = 320, .box_w = 18, .box_h = 18, .ofs_x = 2, .ofs_y = -1},
    {.bitmap_index = 30005, .adv_w = 320, .box_w = 19, .box_h = 18, .ofs_x = 1, .ofs_y = -2},
    {.bitmap_index = 30176, .adv_w = 320, .box_w = 18, .box_h = 17, .ofs_x = 1, .ofs_y = -1},
    {.bitmap_index = 30329, .adv_w = 320, .box_w = 18, .box_h = 18, .ofs_x = 1, .ofs_y = -1},
    {.bitmap_index = 30491, .adv_w = 320, .box_w = 19, .box_h = 18, .ofs_x = 0, .ofs_y = -2},
    {.bitmap_index = 30662, .adv_w = 320, .box_w = 15, .box_h = 18, .ofs_x = 1, .ofs_y = -2},
    {.bitmap_index = 30797, .adv_w = 320, .box_w = 19, .box_h = 18, .ofs_x = 1, .ofs_y = -2},
    {.bitmap_index = 30968, .adv_w = 320, .box_w = 18, .box_h = 19, .ofs_x = 1, .ofs_y = -2},
    {.bitmap_index = 31139, .adv_w = 320, .box_w = 18, .box_h = 20, .ofs_x = 1, .ofs_y = -2},
    {.bitmap_index = 31319, .adv_w = 320, .box_w = 20, .box_h = 18, .ofs_x = 0, .ofs_y = -1},
    {.bitmap_index = 31499, .adv_w = 320, .box_w = 19, .box_h = 19, .ofs_x = 1, .ofs_y = -2},
    {.bitmap_index = 31680, .adv_w = 320, .box_w = 19, .box_h = 18, .ofs_x = 0, .ofs_y = -1},
    {.bitmap_index = 31851, .adv_w = 320, .box_w = 19, .box_h = 18, .ofs_x = 0, .ofs_y = -1},
    {.bitmap_index = 32022, .adv_w = 320, .box_w = 19, .box_h = 18, .ofs_x = 1, .ofs_y = -1},
    {.bitmap_index = 32193, .adv_w = 320, .box_w = 20, .box_h = 18, .ofs_x = 0, .ofs_y = -1},
    {.bitmap_index = 32373, .adv_w = 320, .box_w = 19, .box_h = 18, .ofs_x = 1, .ofs_y = -1},
    {.bitmap_index = 32544, .adv_w = 320, .box_w = 19, .box_h = 18, .ofs_x = 0, .ofs_y = -1},
    {.bitmap_index = 32715, .adv_w = 320, .box_w = 20, .box_h = 19, .ofs_x = 0, .ofs_y = -2},
    {.bitmap_index = 32905, .adv_w = 320, .box_w = 17, .box_h = 17, .ofs_x = 2, .ofs_y = -1},
    {.bitmap_index = 33050, .adv_w = 320, .box_w = 19, .box_h = 18, .ofs_x = 0, .ofs_y = -2},
    {.bitmap_index = 33221, .adv_w = 320, .box_w = 18, .box_h = 18, .ofs_x = 1, .ofs_y = -1},
    {.bitmap_index = 33383, .adv_w = 320, .box_w = 18, .box_h = 18, .ofs_x = 1, .ofs_y = -1},
    {.bitmap_index = 33545, .adv_w = 320, .box_w = 19, .box_h = 18, .ofs_x = 1, .ofs_y = -2},
    {.bitmap_index = 33716, .adv_w = 320, .box_w = 20, .box_h = 19, .ofs_x = 0, .ofs_y = -1},
    {.bitmap_index = 33906, .adv_w = 320, .box_w = 18, .box_h = 17, .ofs_x = 1, .ofs_y = -1},
    {.bitmap_index = 34059, .adv_w = 320, .box_w = 18, .box_h = 19, .ofs_x = 0, .ofs_y = -2},
    {.bitmap_index = 34230, .adv_w = 320, .box_w = 18, .box_h = 18, .ofs_x = 0, .ofs_y = -1},
    {.bitmap_index = 34392, .adv_w = 320, .box_w = 18, .box_h = 18, .ofs_x = 1, .ofs_y = -1},
    {.bitmap_index = 34554, .adv_w = 320, .box_w = 20, .box_h = 18, .ofs_x = 0, .ofs_y = -1},
    {.bitmap_index = 34734, .adv_w = 320, .box_w = 19, .box_h = 18, .ofs_x = 0, .ofs_y = -2},
    {.bitmap_index = 34905, .adv_w = 320, .box_w = 19, .box_h = 18, .ofs_x = 0, .ofs_y = -1},
    {.bitmap_index = 35076, .adv_w = 320, .box_w = 19, .box_h = 18, .ofs_x = 0, .ofs_y = -2},
    {.bitmap_index = 35247, .adv_w = 320, .box_w = 19, .box_h = 18, .ofs_x = 1, .ofs_y = -1},
    {.bitmap_index = 35418, .adv_w = 320, .box_w = 19, .box_h = 19, .ofs_x = 0, .ofs_y = -2},
    {.bitmap_index = 35599, .adv_w = 320, .box_w = 20, .box_h = 18, .ofs_x = 0, .ofs_y = -2},
    {.bitmap_index = 35779, .adv_w = 320, .box_w = 19, .box_h = 19, .ofs_x = 1, .ofs_y = -2},
    {.bitmap_index = 35960, .adv_w = 320, .box_w = 18, .box_h = 18, .ofs_x = 1, .ofs_y = -2},
    {.bitmap_index = 36122, .adv_w = 320, .box_w = 18, .box_h = 19, .ofs_x = 1, .ofs_y = -2},
    {.bitmap_index = 36293, .adv_w = 320, .box_w = 17, .box_h = 19, .ofs_x = 1, .ofs_y = -2},
    {.bitmap_index = 36455, .adv_w = 320, .box_w = 19, .box_h = 19, .ofs_x = 0, .ofs_y = -2},
    {.bitmap_index = 36636, .adv_w = 320, .box_w = 20, .box_h = 18, .ofs_x = 0, .ofs_y = -1},
    {.bitmap_index = 36816, .adv_w = 320, .box_w = 18, .box_h = 19, .ofs_x = 1, .ofs_y = -1},
    {.bitmap_index = 36987, .adv_w = 320, .box_w = 19, .box_h = 17, .ofs_x = 0, .ofs_y = -1},
    {.bitmap_index = 37149, .adv_w = 320, .box_w = 19, .box_h = 17, .ofs_x = 0, .ofs_y = -1},
    {.bitmap_index = 37311, .adv_w = 320, .box_w = 16, .box_h = 19, .ofs_x = 2, .ofs_y = -2},
    {.bitmap_index = 37463, .adv_w = 320, .box_w = 18, .box_h = 18, .ofs_x = 2, .ofs_y = -1},
    {.bitmap_index = 37625, .adv_w = 320, .box_w = 16, .box_h = 18, .ofs_x = 2, .ofs_y = -1},
    {.bitmap_index = 37769, .adv_w = 320, .box_w = 18, .box_h = 18, .ofs_x = 1, .ofs_y = -1},
    {.bitmap_index = 37931, .adv_w = 320, .box_w = 12, .box_h = 17, .ofs_x = 4, .ofs_y = -1},
    {.bitmap_index = 38033, .adv_w = 320, .box_w = 18, .box_h = 18, .ofs_x = 0, .ofs_y = -1},
    {.bitmap_index = 38195, .adv_w = 320, .box_w = 18, .box_h = 19, .ofs_x = 1, .ofs_y = -2},
    {.bitmap_index = 38366, .adv_w = 320, .box_w = 19, .box_h = 18, .ofs_x = 1, .ofs_y = -2},
    {.bitmap_index = 38537, .adv_w = 320, .box_w = 18, .box_h = 18, .ofs_x = 1, .ofs_y = -1},
    {.bitmap_index = 38699, .adv_w = 320, .box_w = 18, .box_h = 18, .ofs_x = 1, .ofs_y = -1},
    {.bitmap_index = 38861, .adv_w = 320, .box_w = 18, .box_h = 19, .ofs_x = 1, .ofs_y = -2},
    {.bitmap_index = 39032, .adv_w = 320, .box_w = 19, .box_h = 18, .ofs_x = 1, .ofs_y = -2},
    {.bitmap_index = 39203, .adv_w = 320, .box_w = 19, .box_h = 17, .ofs_x = 0, .ofs_y = -1},
    {.bitmap_index = 39365, .adv_w = 320, .box_w = 17, .box_h = 18, .ofs_x = 2, .ofs_y = -2},
    {.bitmap_index = 39518, .adv_w = 320, .box_w = 18, .box_h = 18, .ofs_x = 1, .ofs_y = -1},
    {.bitmap_index = 39680, .adv_w = 320, .box_w = 19, .box_h = 19, .ofs_x = 0, .ofs_y = -2},
    {.bitmap_index = 39861, .adv_w = 320, .box_w = 18, .box_h = 19, .ofs_x = 1, .ofs_y = -2},
    {.bitmap_index = 40032, .adv_w = 320, .box_w = 18, .box_h = 18, .ofs_x = 1, .ofs_y = -1},
    {.bitmap_index = 40194, .adv_w = 320, .box_w = 18, .box_h = 18, .ofs_x = 1, .ofs_y = -1},
    {.bitmap_index = 40356, .adv_w = 320, .box_w = 18, .box_h = 18, .ofs_x = 1, .ofs_y = -1},
    {.bitmap_index = 40518, .adv_w = 320, .box_w = 18, .box_h = 18, .ofs_x = 1, .ofs_y = -1},
    {.bitmap_index = 40680, .adv_w = 320, .box_w = 18, .box_h = 19, .ofs_x = 1, .ofs_y = -2},
    {.bitmap_index = 40851, .adv_w = 320, .box_w = 18, .box_h = 19, .ofs_x = 1, .ofs_y = -2},
    {.bitmap_index = 41022, .adv_w = 320, .box_w = 18, .box_h = 18, .ofs_x = 1, .ofs_y = -1},
    {.bitmap_index = 41184, .adv_w = 320, .box_w = 19, .box_h = 18, .ofs_x = 0, .ofs_y = -1},
    {.bitmap_index = 41355, .adv_w = 320, .box_w = 19, .box_h = 19, .ofs_x = 0, .ofs_y = -1},
    {.bitmap_index = 41536, .adv_w = 320, .box_w = 19, .box_h = 18, .ofs_x = 1, .ofs_y = -1},
    {.bitmap_index = 41707, .adv_w = 320, .box_w = 18, .box_h = 19, .ofs_x = 1, .ofs_y = -2},
    {.bitmap_index = 41878, .adv_w = 320, .box_w = 18, .box_h = 19, .ofs_x = 1, .ofs_y = -2},
    {.bitmap_index = 42049, .adv_w = 320, .box_w = 16, .box_h = 18, .ofs_x = 2, .ofs_y = -2},
    {.bitmap_index = 42193, .adv_w = 320, .box_w = 17, .box_h = 18, .ofs_x = 2, .ofs_y = -1},
    {.bitmap_index = 42346, .adv_w = 320, .box_w = 19, .box_h = 19, .ofs_x = 1, .ofs_y = -2},
    {.bitmap_index = 42527, .adv_w = 320, .box_w = 18, .box_h = 18, .ofs_x = 1, .ofs_y = -2},
    {.bitmap_index = 42689, .adv_w = 320, .box_w = 19, .box_h = 19, .ofs_x = 1, .ofs_y = -2},
    {.bitmap_index = 42870, .adv_w = 320, .box_w = 20, .box_h = 19, .ofs_x = 0, .ofs_y = -2},
    {.bitmap_index = 43060, .adv_w = 320, .box_w = 13, .box_h = 20, .ofs_x = 4, .ofs_y = -2},
    {.bitmap_index = 43190, .adv_w = 320, .box_w = 18, .box_h = 18, .ofs_x = 1, .ofs_y = -1},
    {.bitmap_index = 43352, .adv_w = 320, .box_w = 19, .box_h = 19, .ofs_x = 0, .ofs_y = -2},
    {.bitmap_index = 43533, .adv_w = 320, .box_w = 18, .box_h = 18, .ofs_x = 1, .ofs_y = -1},
    {.bitmap_index = 43695, .adv_w = 320, .box_w = 18, .box_h = 18, .ofs_x = 1, .ofs_y = -1},
    {.bitmap_index = 43857, .adv_w = 320, .box_w = 19, .box_h = 18, .ofs_x = 0, .ofs_y = -2},
    {.bitmap_index = 44028, .adv_w = 320, .box_w = 19, .box_h = 19, .ofs_x = 0, .ofs_y = -2},
    {.bitmap_index = 44209, .adv_w = 320, .box_w = 18, .box_h = 19, .ofs_x = 1, .ofs_y = -1},
    {.bitmap_index = 44380, .adv_w = 320, .box_w = 18, .box_h = 18, .ofs_x = 1, .ofs_y = -1},
    {.bitmap_index = 44542, .adv_w = 320, .box_w = 19, .box_h = 19, .ofs_x = 1, .ofs_y = -2},
    {.bitmap_index = 44723, .adv_w = 320, .box_w = 18, .box_h = 19, .ofs_x = 1, .ofs_y = -2},
    {.bitmap_index = 44894, .adv_w = 320, .box_w = 18, .box_h = 19, .ofs_x = 1, .ofs_y = -2},
    {.bitmap_index = 45065, .adv_w = 320, .box_w = 19, .box_h = 19, .ofs_x = 1, .ofs_y = -2},
    {.bitmap_index = 45246, .adv_w = 320, .box_w = 18, .box_h = 18, .ofs_x = 1, .ofs_y = -1},
    {.bitmap_index = 45408, .adv_w = 320, .box_w = 18, .box_h = 19, .ofs_x = 1, .ofs_y = -2},
    {.bitmap_index = 45579, .adv_w = 320, .box_w = 17, .box_h = 19, .ofs_x = 1, .ofs_y = -2},
    {.bitmap_index = 45741, .adv_w = 320, .box_w = 18, .box_h = 19, .ofs_x = 1, .ofs_y = -2},
    {.bitmap_index = 45912, .adv_w = 320, .box_w = 19, .box_h = 19, .ofs_x = 0, .ofs_y = -2},
    {.bitmap_index = 46093, .adv_w = 320, .box_w = 19, .box_h = 18, .ofs_x = 1, .ofs_y = -2},
    {.bitmap_index = 46264, .adv_w = 320, .box_w = 20, .box_h = 19, .ofs_x = 0, .ofs_y = -2},
    {.bitmap_index = 46454, .adv_w = 320, .box_w = 19, .box_h = 19, .ofs_x = 0, .ofs_y = -2},
    {.bitmap_index = 46635, .adv_w = 320, .box_w = 18, .box_h = 18, .ofs_x = 1, .ofs_y = -1},
    {.bitmap_index = 46797, .adv_w = 320, .box_w = 18, .box_h = 18, .ofs_x = 1, .ofs_y = -1},
    {.bitmap_index = 46959, .adv_w = 320, .box_w = 19, .box_h = 19, .ofs_x = 0, .ofs_y = -2},
    {.bitmap_index = 47140, .adv_w = 320, .box_w = 19, .box_h = 18, .ofs_x = 0, .ofs_y = -1},
    {.bitmap_index = 47311, .adv_w = 320, .box_w = 20, .box_h = 19, .ofs_x = 0, .ofs_y = -2},
    {.bitmap_index = 47501, .adv_w = 320, .box_w = 20, .box_h = 18, .ofs_x = 0, .ofs_y = -1},
    {.bitmap_index = 47681, .adv_w = 320, .box_w = 19, .box_h = 18, .ofs_x = 0, .ofs_y = -1},
    {.bitmap_index = 47852, .adv_w = 320, .box_w = 19, .box_h = 18, .ofs_x = 0, .ofs_y = -1},
    {.bitmap_index = 48023, .adv_w = 320, .box_w = 19, .box_h = 19, .ofs_x = 0, .ofs_y = -2},
    {.bitmap_index = 48204, .adv_w = 320, .box_w = 20, .box_h = 19, .ofs_x = 0, .ofs_y = -2},
    {.bitmap_index = 48394, .adv_w = 320, .box_w = 18, .box_h = 18, .ofs_x = 1, .ofs_y = -1},
    {.bitmap_index = 48556, .adv_w = 320, .box_w = 18, .box_h = 18, .ofs_x = 1, .ofs_y = -1},
    {.bitmap_index = 48718, .adv_w = 320, .box_w = 19, .box_h = 19, .ofs_x = 1, .ofs_y = -2},
    {.bitmap_index = 48899, .adv_w = 320, .box_w = 18, .box_h = 18, .ofs_x = 1, .ofs_y = -2},
    {.bitmap_index = 49061, .adv_w = 320, .box_w = 18, .box_h = 17, .ofs_x = 1, .ofs_y = -1},
    {.bitmap_index = 49214, .adv_w = 320, .box_w = 18, .box_h = 18, .ofs_x = 1, .ofs_y = -1},
    {.bitmap_index = 49376, .adv_w = 320, .box_w = 18, .box_h = 17, .ofs_x = 1, .ofs_y = -1},
    {.bitmap_index = 49529, .adv_w = 320, .box_w = 19, .box_h = 19, .ofs_x = 1, .ofs_y = -1},
    {.bitmap_index = 49710, .adv_w = 320, .box_w = 18, .box_h = 18, .ofs_x = 1, .ofs_y = -1},
    {.bitmap_index = 49872, .adv_w = 320, .box_w = 18, .box_h = 18, .ofs_x = 1, .ofs_y = -1},
    {.bitmap_index = 50034, .adv_w = 320, .box_w = 19, .box_h = 19, .ofs_x = 1, .ofs_y = -2},
    {.bitmap_index = 50215, .adv_w = 320, .box_w = 16, .box_h = 19, .ofs_x = 2, .ofs_y = -2},
    {.bitmap_index = 50367, .adv_w = 320, .box_w = 16, .box_h = 17, .ofs_x = 2, .ofs_y = -1},
    {.bitmap_index = 50503, .adv_w = 320, .box_w = 16, .box_h = 19, .ofs_x = 2, .ofs_y = -2},
    {.bitmap_index = 50655, .adv_w = 320, .box_w = 16, .box_h = 18, .ofs_x = 2, .ofs_y = -2},
    {.bitmap_index = 50799, .adv_w = 320, .box_w = 19, .box_h = 18, .ofs_x = 1, .ofs_y = -1},
    {.bitmap_index = 50970, .adv_w = 320, .box_w = 17, .box_h = 20, .ofs_x = 2, .ofs_y = -2},
    {.bitmap_index = 51140, .adv_w = 320, .box_w = 18, .box_h = 19, .ofs_x = 2, .ofs_y = -2},
    {.bitmap_index = 51311, .adv_w = 320, .box_w = 18, .box_h = 17, .ofs_x = 2, .ofs_y = -1},
    {.bitmap_index = 51464, .adv_w = 320, .box_w = 17, .box_h = 20, .ofs_x = 2, .ofs_y = -2},
    {.bitmap_index = 51634, .adv_w = 320, .box_w = 18, .box_h = 17, .ofs_x = 1, .ofs_y = -1},
    {.bitmap_index = 51787, .adv_w = 320, .box_w = 17, .box_h = 17, .ofs_x = 1, .ofs_y = -1},
    {.bitmap_index = 51932, .adv_w = 320, .box_w = 17, .box_h = 18, .ofs_x = 2, .ofs_y = -2},
    {.bitmap_index = 52085, .adv_w = 320, .box_w = 19, .box_h = 18, .ofs_x = 0, .ofs_y = -2},
    {.bitmap_index = 52256, .adv_w = 320, .box_w = 18, .box_h = 18, .ofs_x = 1, .ofs_y = -2},
    {.bitmap_index = 52418, .adv_w = 320, .box_w = 19, .box_h = 18, .ofs_x = 0, .ofs_y = -2},
    {.bitmap_index = 52589, .adv_w = 320, .box_w = 19, .box_h = 18, .ofs_x = 0, .ofs_y = -2},
    {.bitmap_index = 52760, .adv_w = 320, .box_w = 19, .box_h = 19, .ofs_x = 0, .ofs_y = -2},
    {.bitmap_index = 52941, .adv_w = 320, .box_w = 19, .box_h = 19, .ofs_x = 0, .ofs_y = -2},
    {.bitmap_index = 53122, .adv_w = 320, .box_w = 19, .box_h = 18, .ofs_x = 0, .ofs_y = -2},
    {.bitmap_index = 53293, .adv_w = 320, .box_w = 18, .box_h = 19, .ofs_x = 1, .ofs_y = -2},
    {.bitmap_index = 53464, .adv_w = 320, .box_w = 3, .box_h = 15, .ofs_x = 9, .ofs_y = 0},
    {.bitmap_index = 53487, .adv_w = 320, .box_w = 16, .box_h = 16, .ofs_x = 2, .ofs_y = -1},
    {.bitmap_index = 53615, .adv_w = 320, .box_w = 6, .box_h = 20, .ofs_x = 7, .ofs_y = -5},
    {.bitmap_index = 53675, .adv_w = 320, .box_w = 6, .box_h = 20, .ofs_x = 7, .ofs_y = -5},
    {.bitmap_index = 53735, .adv_w = 320, .box_w = 4, .box_h = 5, .ofs_x = 8, .ofs_y = -3},
    {.bitmap_index = 53745, .adv_w = 320, .box_w = 3, .box_h = 11, .ofs_x = 8, .ofs_y = 0},
    {.bitmap_index = 53762, .adv_w = 320, .box_w = 4, .box_h = 14, .ofs_x = 8, .ofs_y = -3},
    {.bitmap_index = 53790, .adv_w = 320, .box_w = 10, .box_h = 15, .ofs_x = 5, .ofs_y = 0}
};

/*---------------------
 *  CHARACTER MAPPING
 *--------------------*/

static const uint16_t unicode_list_1[] = {
    0x0, 0x7, 0x27, 0x1f64, 0x1f68, 0x1f69, 0x1f6c, 0x1f6d,
    0x1f76, 0x2053, 0x20e2, 0x24d7, 0x2f51, 0x2f52, 0x2f58, 0x2f59,
    0x2f5a, 0x2f5b, 0x2f60, 0x2f61, 0x4d50, 0x4d57, 0x4d59, 0x4d5a,
    0x4d5b, 0x4d5d, 0x4d5e, 0x4d7a, 0x4d7d, 0x4d8a, 0x4d95, 0x4daf,
    0x4dd6, 0x4ddb, 0x4ddc, 0x4de1, 0x4dfc, 0x4e0a, 0x4e0f, 0x4e1a,
    0x4e46, 0x4e4b, 0x4e9e, 0x4ea9, 0x4f2d, 0x4f31, 0x4f3e, 0x4fac,
    0x501f, 0x509d, 0x50b5, 0x50b8, 0x50bd, 0x50c3, 0x50c6, 0x50d5,
    0x50dc, 0x5110, 0x514a, 0x5156, 0x5167, 0x5169, 0x517b, 0x5180,
    0x518b, 0x519d, 0x51bf, 0x51f1, 0x51f8, 0x5266, 0x5267, 0x52a5,
    0x52b1, 0x5321, 0x5326, 0x5328, 0x5333, 0x533a, 0x533f, 0x537f,
    0x547e, 0x5496, 0x55b8, 0x562e, 0x5630, 0x564d, 0x5678, 0x5683,
    0x56a7, 0x57d3, 0x5854, 0x5866, 0x586a, 0x5877, 0x5879, 0x5881,
    0x5aa0, 0x5aa7, 0x5aa8, 0x5ad3, 0x5aea, 0x5af1, 0x5af4, 0x5b0d,
    0x5b16, 0x5b49, 0x5b5f, 0x5b90, 0x5b92, 0x5b9f, 0x5ba5, 0x5d41,
    0x5d42, 0x5d51, 0x5d53, 0x5d88, 0x5dc6, 0x5de4, 0x5df6, 0x5e50,
    0x5e52, 0x5ea3, 0x5ed5, 0x5edb, 0x5ee7, 0x5f13, 0x5f3b, 0x5f51,
    0x5f8b, 0x605f, 0x6160, 0x6166, 0x619d, 0x61bb, 0x61ce, 0x61da,
    0x61e8, 0x6251, 0x6252, 0x6259, 0x62be, 0x62f2, 0x62f5, 0x62f7,
    0x631f, 0x6394, 0x6396, 0x639a, 0x6486, 0x64c0, 0x64d7, 0x64fd,
    0x6535, 0x6537, 0x6546, 0x655e, 0x6578, 0x657f, 0x658e, 0x65c4,
    0x6650, 0x6658, 0x665d, 0x666f, 0x667a, 0x667c, 0x668a, 0x66b5,
    0x66f2, 0x6735, 0x678c, 0x6798, 0x6810, 0x6a71, 0x6ab3, 0x6ab4,
    0x6b1f, 0x6b2b, 0x6b61, 0x6b64, 0x6b97, 0x6c9b, 0x6c9f, 0x6cd8,
    0x6d41, 0x6d79, 0x6dcf, 0x6de0, 0x6df2, 0x6fbf, 0x6fc0, 0x7086,
    0x70b7, 0x7181, 0x7197, 0x7206, 0x723c, 0x72d7, 0x72ff, 0x7356,
    0x7481, 0x7485, 0x75d4, 0x7621, 0x763e, 0x7648, 0x765b, 0x7670,
    0x7690, 0x76b1, 0x7735, 0x773d, 0x7751, 0x788a, 0x790b, 0x794b,
    0x798f, 0x79ca, 0x7a1b, 0x7a29, 0x7a7c, 0x7ae7, 0x7df7, 0x7dfa,
    0x7e0f, 0x7e29, 0x7e2c, 0x7e2f, 0x7e8a, 0x7ea1, 0x7ebe, 0x7ede,
    0x7f5c, 0x804d, 0x8061, 0x813a, 0x8299, 0x8307, 0x8375, 0x879c,
    0x8911, 0x8918, 0x8af1, 0x8af9, 0x8b0e, 0x8b0f, 0x8b35, 0x8b44,
    0x8b47, 0x8b4b, 0x8b53, 0x8c75, 0x8c77, 0x8d2f, 0x8d3f, 0x8d43,
    0x8ed3, 0x8ee3, 0x8f17, 0x8f20, 0x8f21, 0x8f24, 0x8f29, 0x8f2e,
    0x8f6f, 0x8fcf, 0x8ffe, 0x9038, 0x904d, 0x909d, 0x911c, 0x911d,
    0x911f, 0x9121, 0x93ef, 0x9450, 0x94cf, 0x953d, 0x953e, 0x9544,
    0x9584, 0x9585, 0x9594, 0x959d, 0x95a0, 0x95b4, 0x9638, 0x963a,
    0x9647, 0x964e, 0x97c5, 0x97c6, 0x97c9, 0x97ca, 0x97ed, 0x981e,
    0x98e6, 0xfe51, 0xfe55, 0xfe58, 0xfe59, 0xfe5c, 0xfe6a, 0xfe6b,
    0xfe6f
};

/*Collect the unicode lists and glyph_id offsets*/
static const lv_font_fmt_txt_cmap_t cmaps[] =
{
    {
        .range_start = 32, .range_length = 95, .glyph_id_start = 1,
        .unicode_list = NULL, .glyph_id_ofs_list = NULL, .list_length = 0, .type = LV_FONT_FMT_TXT_CMAP_FORMAT0_TINY
    },
    {
        .range_start = 176, .range_length = 65136, .glyph_id_start = 96,
        .unicode_list = unicode_list_1, .glyph_id_ofs_list = NULL, .list_length = 305, .type = LV_FONT_FMT_TXT_CMAP_SPARSE_TINY
    }
};



/*--------------------
 *  ALL CUSTOM DATA
 *--------------------*/

#if LVGL_VERSION_MAJOR == 8
/*Store all the custom data of the font*/
static  lv_font_fmt_txt_glyph_cache_t cache;
#endif

#if LVGL_VERSION_MAJOR >= 8
static const lv_font_fmt_txt_dsc_t font_dsc = {
#else
static lv_font_fmt_txt_dsc_t font_dsc = {
#endif
    .glyph_bitmap = glyph_bitmap,
    .glyph_dsc = glyph_dsc,
    .cmaps = cmaps,
    .kern_dsc = NULL,
    .kern_scale = 0,
    .cmap_num = 2,
    .bpp = 4,
    .kern_classes = 0,
    .bitmap_format = 0,
#if LVGL_VERSION_MAJOR == 8
    .cache = &cache
#endif
};



/*-----------------
 *  PUBLIC FONT
 *----------------*/

/*Initialize a public general font descriptor*/
#if LVGL_VERSION_MAJOR >= 8
const lv_font_t font_cjk_20 = {
#else
lv_font_t font_cjk_20 = {
#endif
    .get_glyph_dsc = lv_font_get_glyph_dsc_fmt_txt,    /*Function pointer to get glyph's data*/
    .get_glyph_bitmap = lv_font_get_bitmap_fmt_txt,    /*Function pointer to get glyph's bitmap*/
    .line_height = 23,          /*The maximum line height required by the font*/
    .base_line = 5,             /*Baseline measured from the bottom of the line*/
#if !(LVGL_VERSION_MAJOR == 6 && LVGL_VERSION_MINOR == 0)
    .subpx = LV_FONT_SUBPX_NONE,
#endif
#if LV_VERSION_CHECK(7, 4, 0) || LVGL_VERSION_MAJOR >= 8
    .underline_position = -2,
    .underline_thickness = 1,
#endif
    .dsc = &font_dsc,          /*The custom font data. Will be accessed by `get_glyph_bitmap/dsc` */
#if LV_VERSION_CHECK(8, 2, 0) || LVGL_VERSION_MAJOR >= 9
    .fallback = NULL,
#endif
    .user_data = NULL,
};



#endif /*#if FONT_CJK_20*/

