/*******************************************************************************
 * Size: 20 px
 * Bpp: 4
 * Opts: --font /System/Library/Fonts/Supplemental/Arial Unicode.ttf --size 20 --bpp 4 --format lvgl --no-compress --lv-include lvgl.h --symbols  !"#$%&'()*+,-./0123456789:;<=>?@ABCDEFGHIJKLMNOPQRSTUVWXYZ[\]^_`abcdefghijklmnopqrstuvwxyz{|}~°·—…℃、。〈〉《》【】云像关内净务动化启器在圳境外多室已度开总挂探控摄显晴最服未机正毛气测深温湿灯爱环监眠睡知示离空线自览调速闭阴阵雨雪雷雾风！％（），：；？ -o font_cjk_20.c
 ******************************************************************************/

#ifdef LV_LVGL_H_INCLUDE_SIMPLE
#include "lvgl.h"
#else
#include "lvgl.h"
#endif

#ifndef FONT_CJK_20
#define FONT_CJK_20 1
#endif

#if FONT_CJK_20

/*-----------------
 *    BITMAPS
 *----------------*/

/*Store the image of the glyphs*/
static LV_ATTRIBUTE_LARGE_CONST const uint8_t glyph_bitmap[] = {
    /* U+0020 " " */

    /* U+0021 "!" */
    0x4f, 0xe4, 0xfe, 0x4f, 0xe4, 0xfd, 0x3f, 0xc2,
    0xfb, 0x1f, 0xa0, 0xf9, 0xf, 0x80, 0xe7, 0xd,
    0x60, 0x10, 0x1, 0x3, 0xfc, 0x3f, 0xc0,

    /* U+0022 "\"" */
    0x2f, 0xd0, 0xbf, 0x42, 0xfd, 0xb, 0xf4, 0x2f,
    0xc0, 0xbf, 0x30, 0xfa, 0x8, 0xf1, 0xd, 0x80,
    0x6f, 0x0, 0x31, 0x1, 0x30,

    /* U+0023 "#" */
    0x0, 0x1, 0xf6, 0x0, 0x8e, 0x0, 0x0, 0x4f,
    0x20, 0xb, 0xb0, 0x0, 0x7, 0xf0, 0x0, 0xf8,
    0x0, 0x0, 0xbc, 0x0, 0x2f, 0x40, 0xcf, 0xff,
    0xff, 0xff, 0xff, 0xe6, 0x89, 0xfa, 0x88, 0xce,
    0x87, 0x0, 0x4f, 0x20, 0xc, 0xb0, 0x0, 0x8,
    0xf0, 0x0, 0xf7, 0x0, 0x0, 0xbb, 0x0, 0x3f,
    0x40, 0xc, 0xff, 0xff, 0xff, 0xff, 0xfe, 0x69,
    0xfa, 0x88, 0xde, 0x88, 0x70, 0x4f, 0x20, 0xc,
    0xb0, 0x0, 0x8, 0xf0, 0x0, 0xf8, 0x0, 0x0,
    0xbc, 0x0, 0x2f, 0x50, 0x0, 0xe, 0x90, 0x5,
    0xf2, 0x0, 0x0,

    /* U+0024 "$" */
    0x0, 0x0, 0x7, 0x0, 0x0, 0x0, 0x0, 0x48,
    0xf8, 0x30, 0x0, 0x0, 0xaf, 0xff, 0xff, 0x90,
    0x0, 0x6f, 0xb1, 0xf2, 0xcf, 0x50, 0xc, 0xf0,
    0xf, 0x12, 0xfb, 0x0, 0xed, 0x0, 0xf1, 0x4,
    0x10, 0xc, 0xf1, 0xf, 0x10, 0x0, 0x0, 0x6f,
    0xd4, 0xf1, 0x0, 0x0, 0x0, 0x8f, 0xff, 0xa5,
    0x0, 0x0, 0x0, 0x28, 0xff, 0xfc, 0x10, 0x0,
    0x0, 0xf, 0x3b, 0xfa, 0x0, 0x0, 0x0, 0xf1,
    0xd, 0xf0, 0x18, 0x60, 0xf, 0x10, 0x9f, 0x20,
    0xfc, 0x0, 0xf1, 0xb, 0xf1, 0xc, 0xf5, 0xf,
    0x13, 0xfd, 0x0, 0x3f, 0xf9, 0xfa, 0xff, 0x30,
    0x0, 0x2a, 0xef, 0xfc, 0x30, 0x0, 0x0, 0x0,
    0xf1, 0x0, 0x0, 0x0, 0x0, 0xf, 0x10, 0x0,
    0x0,

    /* U+0025 "%" */
    0x3, 0xcf, 0xc3, 0x0, 0x0, 0x2f, 0x40, 0x0,
    0x1f, 0xb5, 0xbe, 0x10, 0x0, 0xbb, 0x0, 0x0,
    0x6f, 0x20, 0x1f, 0x60, 0x3, 0xf3, 0x0, 0x0,
    0x7f, 0x0, 0xf, 0x80, 0xb, 0xb0, 0x0, 0x0,
    0x6f, 0x10, 0x1f, 0x60, 0x3f, 0x30, 0x0, 0x0,
    0x2f, 0x81, 0x8f, 0x20, 0xca, 0x0, 0x0, 0x0,
    0x6, 0xff, 0xf5, 0x4, 0xf2, 0x0, 0x0, 0x0,
    0x0, 0x2, 0x0, 0xc, 0xa0, 0x5e, 0xfb, 0x10,
    0x0, 0x0, 0x0, 0x5f, 0x22, 0xf9, 0x4d, 0xc0,
    0x0, 0x0, 0x0, 0xd9, 0x8, 0xf0, 0x5, 0xf2,
    0x0, 0x0, 0x6, 0xf1, 0xa, 0xd0, 0x2, 0xf4,
    0x0, 0x0, 0xd, 0x80, 0xa, 0xd0, 0x3, 0xf5,
    0x0, 0x0, 0x6f, 0x10, 0x8, 0xf0, 0x5, 0xf2,
    0x0, 0x0, 0xe8, 0x0, 0x2, 0xf9, 0x4d, 0xc0,
    0x0, 0x7, 0xf1, 0x0, 0x0, 0x5d, 0xfb, 0x10,

    /* U+0026 "&" */
    0x0, 0x0, 0x8d, 0xfb, 0x20, 0x0, 0x0, 0x0,
    0xcf, 0xa9, 0xfe, 0x10, 0x0, 0x0, 0x3f, 0xa0,
    0x7, 0xf6, 0x0, 0x0, 0x4, 0xf8, 0x0, 0x4f,
    0x70, 0x0, 0x0, 0x1f, 0xe1, 0xb, 0xf2, 0x0,
    0x0, 0x0, 0x7f, 0xcb, 0xf6, 0x0, 0x0, 0x0,
    0x2, 0xef, 0xf3, 0x0, 0x0, 0x0, 0x6, 0xfe,
    0xdf, 0x80, 0x0, 0x0, 0x5, 0xfd, 0x12, 0xff,
    0x41, 0xfa, 0x0, 0xef, 0x20, 0x4, 0xff, 0x8f,
    0x80, 0x1f, 0xd0, 0x0, 0x7, 0xff, 0xf2, 0x0,
    0xfe, 0x0, 0x0, 0xc, 0xfd, 0x0, 0xb, 0xf9,
    0x0, 0x7, 0xff, 0xf9, 0x0, 0x2e, 0xfd, 0xad,
    0xfd, 0x4e, 0xf9, 0x0, 0x19, 0xef, 0xd8, 0x0,
    0x2d, 0x30, 0x0, 0x0, 0x0, 0x0, 0x0, 0x0,

    /* U+0027 "'" */
    0x1f, 0xe1, 0xfe, 0x1f, 0xe0, 0xeb, 0xc, 0x90,
    0x22,

    /* U+0028 "(" */
    0x0, 0xa, 0xa0, 0x4, 0xf1, 0x0, 0xd9, 0x0,
    0x6f, 0x20, 0xd, 0xc0, 0x2, 0xf8, 0x0, 0x7f,
    0x50, 0x9, 0xf2, 0x0, 0xbf, 0x10, 0xc, 0xf0,
    0x0, 0xbf, 0x10, 0x9, 0xf2, 0x0, 0x6f, 0x50,
    0x2, 0xf9, 0x0, 0xd, 0xd0, 0x0, 0x6f, 0x30,
    0x0, 0xe9, 0x0, 0x5, 0xf2, 0x0, 0xa, 0xa0,

    /* U+0029 ")" */
    0x1f, 0x40, 0x0, 0x7, 0xe1, 0x0, 0x0, 0xe9,
    0x0, 0x0, 0x9f, 0x10, 0x0, 0x3f, 0x70, 0x0,
    0xe, 0xc0, 0x0, 0xb, 0xf1, 0x0, 0x8, 0xf4,
    0x0, 0x7, 0xf5, 0x0, 0x6, 0xf6, 0x0, 0x6,
    0xf5, 0x0, 0x7, 0xf4, 0x0, 0xa, 0xf1, 0x0,
    0xd, 0xc0, 0x0, 0x2f, 0x70, 0x0, 0x7f, 0x10,
    0x0, 0xe8, 0x0, 0x6, 0xe1, 0x0, 0x1e, 0x40,
    0x0,

    /* U+002A "*" */
    0x0, 0xc, 0x80, 0x0, 0x4, 0xb, 0x70, 0x30,
    0x2f, 0xed, 0xcf, 0xf0, 0x3, 0x8f, 0xe6, 0x20,
    0x0, 0xbb, 0xe8, 0x0, 0x4, 0xf2, 0x5f, 0x20,
    0x0, 0x10, 0x1, 0x0,

    /* U+002B "+" */
    0x0, 0x0, 0xd8, 0x0, 0x0, 0x0, 0x0, 0xfa,
    0x0, 0x0, 0x0, 0x0, 0xfa, 0x0, 0x0, 0x0,
    0x0, 0xfa, 0x0, 0x0, 0xab, 0xbb, 0xfe, 0xbb,
    0xb6, 0xef, 0xff, 0xff, 0xff, 0xf9, 0x0, 0x0,
    0xfa, 0x0, 0x0, 0x0, 0x0, 0xfa, 0x0, 0x0,
    0x0, 0x0, 0xfa, 0x0, 0x0, 0x0, 0x0, 0xfa,
    0x0, 0x0,

    /* U+002C "," */
    0x1, 0x3, 0xfc, 0x3f, 0xc0, 0x4b, 0x9, 0x81,
    0xb0,

    /* U+002D "-" */
    0x4d, 0xdd, 0xdd, 0x5, 0xff, 0xff, 0xf0,

    /* U+002E "." */
    0x1, 0x3, 0xfc, 0x3f, 0xc0,

    /* U+002F "/" */
    0x0, 0x0, 0xf6, 0x0, 0x4, 0xf2, 0x0, 0x8,
    0xe0, 0x0, 0xc, 0xa0, 0x0, 0x1f, 0x50, 0x0,
    0x5f, 0x10, 0x0, 0x9d, 0x0, 0x0, 0xd8, 0x0,
    0x2, 0xf4, 0x0, 0x6, 0xf0, 0x0, 0xa, 0xc0,
    0x0, 0xe, 0x70, 0x0, 0x3f, 0x30, 0x0, 0x7f,
    0x0, 0x0, 0xbb, 0x0, 0x0, 0x73, 0x0, 0x0,

    /* U+0030 "0" */
    0x0, 0x7, 0xdf, 0xe8, 0x0, 0x0, 0x9, 0xfc,
    0x8c, 0xfb, 0x0, 0x3, 0xfb, 0x0, 0x9, 0xf5,
    0x0, 0x9f, 0x30, 0x0, 0x1f, 0xb0, 0xd, 0xf0,
    0x0, 0x0, 0xdf, 0x0, 0xfc, 0x0, 0x0, 0xa,
    0xf1, 0xf, 0xb0, 0x0, 0x0, 0x9f, 0x21, 0xfb,
    0x0, 0x0, 0x9, 0xf3, 0xf, 0xb0, 0x0, 0x0,
    0x9f, 0x20, 0xfc, 0x0, 0x0, 0xa, 0xf1, 0xd,
    0xf0, 0x0, 0x0, 0xdf, 0x0, 0x9f, 0x30, 0x0,
    0x1f, 0xb0, 0x3, 0xfb, 0x0, 0x9, 0xf5, 0x0,
    0xa, 0xfc, 0x8b, 0xfb, 0x0, 0x0, 0x7, 0xdf,
    0xe8, 0x0, 0x0,

    /* U+0031 "1" */
    0x0, 0x0, 0xe8, 0x0, 0xb, 0xf8, 0x1, 0xbf,
    0xf8, 0x5e, 0xfb, 0xf8, 0xcd, 0x44, 0xf8, 0x40,
    0x4, 0xf8, 0x0, 0x4, 0xf8, 0x0, 0x4, 0xf8,
    0x0, 0x4, 0xf8, 0x0, 0x4, 0xf8, 0x0, 0x4,
    0xf8, 0x0, 0x4, 0xf8, 0x0, 0x4, 0xf8, 0x0,
    0x4, 0xf8, 0x0, 0x4, 0xf8,

    /* U+0032 "2" */
    0x0, 0x19, 0xef, 0xea, 0x20, 0x0, 0x1d, 0xfb,
    0x8b, 0xfe, 0x20, 0x9, 0xf7, 0x0, 0x5, 0xfb,
    0x0, 0xee, 0x0, 0x0, 0xd, 0xf0, 0x6, 0x60,
    0x0, 0x0, 0xcf, 0x0, 0x0, 0x0, 0x0, 0x1f,
    0xc0, 0x0, 0x0, 0x0, 0xb, 0xf5, 0x0, 0x0,
    0x0, 0x9, 0xfb, 0x0, 0x0, 0x0, 0x9, 0xfc,
    0x0, 0x0, 0x0, 0xa, 0xfc, 0x10, 0x0, 0x0,
    0xc, 0xfa, 0x0, 0x0, 0x0, 0xc, 0xf8, 0x0,
    0x0, 0x0, 0x8, 0xf9, 0x0, 0x0, 0x0, 0x1,
    0xff, 0xcc, 0xcc, 0xcc, 0xc1, 0x4f, 0xff, 0xff,
    0xff, 0xff, 0x10,

    /* U+0033 "3" */
    0x0, 0x19, 0xdf, 0xd7, 0x0, 0x0, 0x1d, 0xfb,
    0x8c, 0xfa, 0x0, 0x8, 0xf6, 0x0, 0xa, 0xf4,
    0x0, 0x9d, 0x0, 0x0, 0x4f, 0x80, 0x0, 0x0,
    0x0, 0x7, 0xf7, 0x0, 0x0, 0x0, 0x28, 0xff,
    0x10, 0x0, 0x0, 0x8f, 0xfe, 0x30, 0x0, 0x0,
    0x4, 0x57, 0xfc, 0x10, 0x0, 0x0, 0x0, 0x3,
    0xfb, 0x0, 0x0, 0x0, 0x0, 0xc, 0xf1, 0x5,
    0x50, 0x0, 0x0, 0xaf, 0x30, 0xfe, 0x0, 0x0,
    0xd, 0xf2, 0x9, 0xf7, 0x0, 0x8, 0xfc, 0x0,
    0x1d, 0xfb, 0x8c, 0xfe, 0x20, 0x0, 0x19, 0xef,
    0xe9, 0x10, 0x0,

    /* U+0034 "4" */
    0x0, 0x0, 0x0, 0x8f, 0x40, 0x0, 0x0, 0x0,
    0x2f, 0xf4, 0x0, 0x0, 0x0, 0xc, 0xff, 0x40,
    0x0, 0x0, 0x7, 0xfb, 0xf4, 0x0, 0x0, 0x2,
    0xf8, 0x8f, 0x40, 0x0, 0x0, 0xcd, 0x8, 0xf4,
    0x0, 0x0, 0x6f, 0x40, 0x8f, 0x40, 0x0, 0x1f,
    0x90, 0x8, 0xf4, 0x0, 0xb, 0xe1, 0x0, 0x8f,
    0x40, 0x6, 0xf5, 0x0, 0x8, 0xf4, 0x0, 0xbf,
    0xff, 0xff, 0xff, 0xff, 0x37, 0xbb, 0xbb, 0xbd,
    0xfc, 0xb2, 0x0, 0x0, 0x0, 0x8f, 0x40, 0x0,
    0x0, 0x0, 0x8, 0xf4, 0x0, 0x0, 0x0, 0x0,
    0x8f, 0x40, 0x0,

    /* U+0035 "5" */
    0x0, 0x8f, 0xff, 0xff, 0xfa, 0x0, 0xb, 0xfc,
    0xcc, 0xcc, 0x70, 0x0, 0xec, 0x0, 0x0, 0x0,
    0x0, 0x1f, 0x90, 0x0, 0x0, 0x0, 0x4, 0xf6,
    0x0, 0x0, 0x0, 0x0, 0x7f, 0x7b, 0xee, 0xa2,
    0x0, 0xa, 0xff, 0xca, 0xdf, 0xf3, 0x0, 0xaf,
    0x40, 0x0, 0x8f, 0xd0, 0x0, 0x0, 0x0, 0x0,
    0xdf, 0x20, 0x0, 0x0, 0x0, 0xa, 0xf4, 0x2,
    0x20, 0x0, 0x0, 0xaf, 0x40, 0xfe, 0x0, 0x0,
    0xd, 0xf1, 0xb, 0xf6, 0x0, 0x7, 0xfa, 0x0,
    0x2e, 0xfb, 0x8b, 0xfd, 0x10, 0x0, 0x19, 0xef,
    0xe8, 0x0, 0x0,

    /* U+0036 "6" */
    0x0, 0x4, 0xcf, 0xeb, 0x30, 0x0, 0x6, 0xfe,
    0x89, 0xff, 0x30, 0x2, 0xfc, 0x0, 0x3, 0xfb,
    0x0, 0x8f, 0x30, 0x0, 0x8, 0x80, 0xd, 0xd0,
    0x0, 0x0, 0x0, 0x0, 0xfa, 0x1a, 0xef, 0xb2,
    0x0, 0x1f, 0xbe, 0xea, 0xcf, 0xf2, 0x2, 0xff,
    0xb0, 0x0, 0x6f, 0xc0, 0x2f, 0xf2, 0x0, 0x0,
    0xcf, 0x11, 0xfe, 0x0, 0x0, 0x9, 0xf4, 0xe,
    0xf0, 0x0, 0x0, 0x9f, 0x30, 0xbf, 0x30, 0x0,
    0xc, 0xf0, 0x5, 0xfc, 0x0, 0x5, 0xfa, 0x0,
    0x9, 0xfd, 0x8a, 0xfe, 0x10, 0x0, 0x6, 0xcf,
    0xea, 0x10, 0x0,

    /* U+0037 "7" */
    0xf, 0xff, 0xff, 0xff, 0xff, 0x30, 0xcc, 0xcc,
    0xcc, 0xcf, 0xf1, 0x0, 0x0, 0x0, 0x9, 0xf5,
    0x0, 0x0, 0x0, 0x4, 0xfa, 0x0, 0x0, 0x0,
    0x0, 0xdf, 0x10, 0x0, 0x0, 0x0, 0x6f, 0x80,
    0x0, 0x0, 0x0, 0xe, 0xf1, 0x0, 0x0, 0x0,
    0x5, 0xf9, 0x0, 0x0, 0x0, 0x0, 0xbf, 0x30,
    0x0, 0x0, 0x0, 0x1f, 0xd0, 0x0, 0x0, 0x0,
    0x5, 0xf8, 0x0, 0x0, 0x0, 0x0, 0x9f, 0x40,
    0x0, 0x0, 0x0, 0xc, 0xf1, 0x0, 0x0, 0x0,
    0x0, 0xee, 0x0, 0x0, 0x0, 0x0, 0xf, 0xc0,
    0x0, 0x0, 0x0,

    /* U+0038 "8" */
    0x0, 0x8, 0xef, 0xe9, 0x0, 0x0, 0xc, 0xfc,
    0x8c, 0xfc, 0x0, 0x5, 0xfa, 0x0, 0x9, 0xf6,
    0x0, 0x8f, 0x40, 0x0, 0x3f, 0xa0, 0x7, 0xf6,
    0x0, 0x4, 0xf9, 0x0, 0x1f, 0xe4, 0x3, 0xdf,
    0x30, 0x0, 0x2d, 0xff, 0xfe, 0x40, 0x0, 0x1c,
    0xfb, 0x8b, 0xfb, 0x10, 0xa, 0xf6, 0x0, 0x5,
    0xfb, 0x0, 0xfd, 0x0, 0x0, 0xc, 0xf1, 0x2f,
    0xa0, 0x0, 0x0, 0x9f, 0x30, 0xfd, 0x0, 0x0,
    0xb, 0xf2, 0xa, 0xf6, 0x0, 0x4, 0xfc, 0x0,
    0x1e, 0xfb, 0x8b, 0xfe, 0x20, 0x0, 0x19, 0xef,
    0xea, 0x20, 0x0,

    /* U+0039 "9" */
    0x0, 0x19, 0xef, 0xd6, 0x0, 0x0, 0x1d, 0xfc,
    0x8b, 0xfa, 0x0, 0x9, 0xf9, 0x0, 0x7, 0xf6,
    0x0, 0xfe, 0x0, 0x0, 0xe, 0xc0, 0x1f, 0xb0,
    0x0, 0x0, 0xbf, 0x1, 0xfc, 0x0, 0x0, 0xc,
    0xf2, 0xe, 0xf1, 0x0, 0x2, 0xff, 0x30, 0x7f,
    0xd3, 0x3, 0xdf, 0xf3, 0x0, 0xaf, 0xff, 0xfb,
    0x8f, 0x30, 0x0, 0x48, 0x84, 0x9, 0xf1, 0x0,
    0x0, 0x0, 0x0, 0xce, 0x0, 0x9c, 0x0, 0x0,
    0x2f, 0xa0, 0x8, 0xf5, 0x0, 0xb, 0xf3, 0x0,
    0x1e, 0xfa, 0x8d, 0xf8, 0x0, 0x0, 0x2a, 0xef,
    0xc5, 0x0, 0x0,

    /* U+003A ":" */
    0x3f, 0xc3, 0xfc, 0x1, 0x0, 0x0, 0x0, 0x0,
    0x0, 0x0, 0x0, 0x0, 0x1, 0x3, 0xfc, 0x3f,
    0xc0,

    /* U+003B ";" */
    0x3f, 0xc3, 0xfc, 0x1, 0x0, 0x0, 0x0, 0x0,
    0x0, 0x0, 0x0, 0x0, 0x1, 0x3, 0xfc, 0x3f,
    0xc0, 0x4b, 0x9, 0x81, 0xb0,

    /* U+003C "<" */
    0x0, 0x0, 0x0, 0x0, 0x2, 0x0, 0x0, 0x0,
    0x7, 0xd9, 0x0, 0x0, 0x29, 0xff, 0xe5, 0x0,
    0x4b, 0xff, 0xc5, 0x0, 0x5d, 0xff, 0x92, 0x0,
    0x0, 0xef, 0xa1, 0x0, 0x0, 0x0, 0x9f, 0xfb,
    0x40, 0x0, 0x0, 0x2, 0x9f, 0xfd, 0x70, 0x0,
    0x0, 0x0, 0x7e, 0xff, 0x92, 0x0, 0x0, 0x0,
    0x5c, 0xf9, 0x0, 0x0, 0x0, 0x0, 0x35,

    /* U+003D "=" */
    0xef, 0xff, 0xff, 0xff, 0xf9, 0xab, 0xbb, 0xbb,
    0xbb, 0xb6, 0x0, 0x0, 0x0, 0x0, 0x0, 0x0,
    0x0, 0x0, 0x0, 0x0, 0xab, 0xbb, 0xbb, 0xbb,
    0xb6, 0xef, 0xff, 0xff, 0xff, 0xf9,

    /* U+003E ">" */
    0x20, 0x0, 0x0, 0x0, 0x0, 0xeb, 0x40, 0x0,
    0x0, 0x0, 0x9f, 0xfd, 0x60, 0x0, 0x0, 0x1,
    0x7e, 0xfe, 0x81, 0x0, 0x0, 0x0, 0x5c, 0xff,
    0xa2, 0x0, 0x0, 0x0, 0x3d, 0xf9, 0x0, 0x0,
    0x6, 0xdf, 0xf6, 0x0, 0x28, 0xef, 0xe7, 0x10,
    0x4b, 0xff, 0xc5, 0x0, 0x0, 0xef, 0xa3, 0x0,
    0x0, 0x0, 0x71, 0x0, 0x0, 0x0, 0x0,

    /* U+003F "?" */
    0x0, 0x19, 0xef, 0xea, 0x20, 0x0, 0x1d, 0xfc,
    0x8b, 0xff, 0x30, 0x9, 0xf8, 0x0, 0x5, 0xfd,
    0x0, 0xef, 0x0, 0x0, 0xc, 0xf1, 0x5, 0x50,
    0x0, 0x0, 0xbf, 0x10, 0x0, 0x0, 0x0, 0x2f,
    0xd0, 0x0, 0x0, 0x0, 0x2e, 0xf3, 0x0, 0x0,
    0x0, 0x2e, 0xf5, 0x0, 0x0, 0x0, 0xc, 0xf4,
    0x0, 0x0, 0x0, 0x3, 0xf9, 0x0, 0x0, 0x0,
    0x0, 0x5f, 0x60, 0x0, 0x0, 0x0, 0x1, 0x52,
    0x0, 0x0, 0x0, 0x0, 0x1, 0x0, 0x0, 0x0,
    0x0, 0x7, 0xf8, 0x0, 0x0, 0x0, 0x0, 0x7f,
    0x80, 0x0, 0x0,

    /* U+0040 "@" */
    0x0, 0x0, 0x2, 0x7c, 0xef, 0xfd, 0x94, 0x0,
    0x0, 0x0, 0x0, 0x9, 0xff, 0xc9, 0x78, 0xae,
    0xfb, 0x10, 0x0, 0x0, 0xc, 0xf9, 0x10, 0x0,
    0x0, 0x6, 0xfe, 0x10, 0x0, 0xb, 0xf5, 0x0,
    0x0, 0x0, 0x0, 0x2, 0xec, 0x0, 0x6, 0xf6,
    0x0, 0x2a, 0xfe, 0x80, 0xed, 0x4, 0xf6, 0x0,
    0xdb, 0x0, 0x2e, 0xf9, 0x9f, 0xaf, 0xa0, 0xb,
    0xc0, 0x4f, 0x30, 0xd, 0xf2, 0x0, 0x3f, 0xf6,
    0x0, 0x7f, 0x8, 0xe0, 0x7, 0xf7, 0x0, 0x0,
    0xcf, 0x30, 0x5, 0xf1, 0xba, 0x0, 0xdf, 0x10,
    0x0, 0xb, 0xf0, 0x0, 0x6f, 0x1d, 0x90, 0x1f,
    0xc0, 0x0, 0x0, 0xdd, 0x0, 0x9, 0xe0, 0xd9,
    0x2, 0xfa, 0x0, 0x0, 0x1f, 0xa0, 0x0, 0xea,
    0xc, 0xb0, 0xf, 0xc0, 0x0, 0xa, 0xf6, 0x0,
    0x8f, 0x20, 0x9e, 0x0, 0xcf, 0x40, 0x7, 0xff,
    0x40, 0x8f, 0x80, 0x4, 0xf4, 0x4, 0xff, 0xcd,
    0xfc, 0xfd, 0xdf, 0x90, 0x0, 0xd, 0xd0, 0x4,
    0xdf, 0xb2, 0x2d, 0xfc, 0x50, 0x3, 0x20, 0x3f,
    0xb1, 0x0, 0x0, 0x0, 0x0, 0x0, 0x1d, 0xf2,
    0x0, 0x5f, 0xe6, 0x0, 0x0, 0x0, 0x0, 0x6e,
    0xf4, 0x0, 0x0, 0x3c, 0xff, 0xb9, 0x88, 0x9c,
    0xff, 0xb2, 0x0, 0x0, 0x0, 0x4, 0x8c, 0xef,
    0xfe, 0xc8, 0x30, 0x0, 0x0,

    /* U+0041 "A" */
    0x0, 0x0, 0x0, 0xbf, 0xb0, 0x0, 0x0, 0x0,
    0x0, 0x0, 0x1f, 0xff, 0x10, 0x0, 0x0, 0x0,
    0x0, 0x6, 0xf7, 0xf7, 0x0, 0x0, 0x0, 0x0,
    0x0, 0xce, 0xf, 0xd0, 0x0, 0x0, 0x0, 0x0,
    0x2f, 0xa0, 0xaf, 0x40, 0x0, 0x0, 0x0, 0x8,
    0xf5, 0x4, 0xfa, 0x0, 0x0, 0x0, 0x0, 0xef,
    0x0, 0xe, 0xf1, 0x0, 0x0, 0x0, 0x4f, 0xa0,
    0x0, 0x9f, 0x60, 0x0, 0x0, 0xa, 0xf4, 0x0,
    0x3, 0xfd, 0x0, 0x0, 0x0, 0xff, 0xff, 0xff,
    0xff, 0xf3, 0x0, 0x0, 0x5f, 0xc9, 0x99, 0x99,
    0xbf, 0x90, 0x0, 0xb, 0xf3, 0x0, 0x0, 0x1,
    0xff, 0x0, 0x1, 0xfd, 0x0, 0x0, 0x0, 0xb,
    0xf6, 0x0, 0x7f, 0x80, 0x0, 0x0, 0x0, 0x5f,
    0xc0, 0xd, 0xf2, 0x0, 0x0, 0x0, 0x0, 0xef,
    0x20,

    /* U+0042 "B" */
    0x8f, 0xff, 0xff, 0xfd, 0x80, 0x0, 0x8f, 0xdc,
    0xcc, 0xdf, 0xfb, 0x0, 0x8f, 0x60, 0x0, 0x1,
    0xcf, 0x50, 0x8f, 0x60, 0x0, 0x0, 0x5f, 0x90,
    0x8f, 0x60, 0x0, 0x0, 0x5f, 0x80, 0x8f, 0x60,
    0x0, 0x1, 0xcf, 0x20, 0x8f, 0xdc, 0xcc, 0xdf,
    0xf5, 0x0, 0x8f, 0xff, 0xff, 0xff, 0xf8, 0x0,
    0x8f, 0x60, 0x0, 0x3, 0xbf, 0xa0, 0x8f, 0x60,
    0x0, 0x0, 0xe, 0xf1, 0x8f, 0x60, 0x0, 0x0,
    0xb, 0xf4, 0x8f, 0x60, 0x0, 0x0, 0xd, 0xf3,
    0x8f, 0x60, 0x0, 0x0, 0x7f, 0xe0, 0x8f, 0xdc,
    0xcc, 0xce, 0xff, 0x40, 0x8f, 0xff, 0xff, 0xfe,
    0xa2, 0x0,

    /* U+0043 "C" */
    0x0, 0x3, 0xae, 0xff, 0xc6, 0x0, 0x0, 0x8,
    0xff, 0xdb, 0xcf, 0xfb, 0x0, 0x8, 0xfd, 0x30,
    0x0, 0x2c, 0xf9, 0x2, 0xfe, 0x10, 0x0, 0x0,
    0x1e, 0xf2, 0x8f, 0x80, 0x0, 0x0, 0x0, 0x67,
    0x1c, 0xf3, 0x0, 0x0, 0x0, 0x0, 0x0, 0xef,
    0x0, 0x0, 0x0, 0x0, 0x0, 0xf, 0xf0, 0x0,
    0x0, 0x0, 0x0, 0x0, 0xef, 0x0, 0x0, 0x0,
    0x0, 0x0, 0xc, 0xf3, 0x0, 0x0, 0x0, 0x1,
    0x20, 0x8f, 0x70, 0x0, 0x0, 0x0, 0x8f, 0x72,
    0xfe, 0x10, 0x0, 0x0, 0x1e, 0xf2, 0x8, 0xfd,
    0x30, 0x0, 0x2c, 0xfa, 0x0, 0xa, 0xff, 0xdb,
    0xdf, 0xfb, 0x0, 0x0, 0x4, 0xae, 0xff, 0xc6,
    0x0, 0x0,

    /* U+0044 "D" */
    0x6f, 0xff, 0xff, 0xfe, 0xa3, 0x0, 0x6, 0xfe,
    0xcc, 0xcc, 0xef, 0xf6, 0x0, 0x6f, 0x80, 0x0,
    0x0, 0x6f, 0xf2, 0x6, 0xf8, 0x0, 0x0, 0x0,
    0x6f, 0xb0, 0x6f, 0x80, 0x0, 0x0, 0x0, 0xef,
    0x16, 0xf8, 0x0, 0x0, 0x0, 0xb, 0xf4, 0x6f,
    0x80, 0x0, 0x0, 0x0, 0x9f, 0x66, 0xf8, 0x0,
    0x0, 0x0, 0x8, 0xf6, 0x6f, 0x80, 0x0, 0x0,
    0x0, 0x9f, 0x56, 0xf8, 0x0, 0x0, 0x0, 0xb,
    0xf3, 0x6f, 0x80, 0x0, 0x0, 0x0, 0xff, 0x6,
    0xf8, 0x0, 0x0, 0x0, 0x7f, 0xa0, 0x6f, 0x80,
    0x0, 0x0, 0x6f, 0xf2, 0x6, 0xfe, 0xcc, 0xcd,
    0xff, 0xf5, 0x0, 0x6f, 0xff, 0xff, 0xfd, 0x92,
    0x0, 0x0,

    /* U+0045 "E" */
    0x6f, 0xff, 0xff, 0xff, 0xff, 0xf0, 0x6f, 0xec,
    0xcc, 0xcc, 0xcc, 0xb0, 0x6f, 0x70, 0x0, 0x0,
    0x0, 0x0, 0x6f, 0x70, 0x0, 0x0, 0x0, 0x0,
    0x6f, 0x70, 0x0, 0x0, 0x0, 0x0, 0x6f, 0x70,
    0x0, 0x0, 0x0, 0x0, 0x6f, 0xec, 0xcc, 0xcc,
    0xcc, 0x40, 0x6f, 0xff, 0xff, 0xff, 0xff, 0x60,
    0x6f, 0x70, 0x0, 0x0, 0x0, 0x0, 0x6f, 0x70,
    0x0, 0x0, 0x0, 0x0, 0x6f, 0x70, 0x0, 0x0,
    0x0, 0x0, 0x6f, 0x70, 0x0, 0x0, 0x0, 0x0,
    0x6f, 0x70, 0x0, 0x0, 0x0, 0x0, 0x6f, 0xec,
    0xcc, 0xcc, 0xcc, 0xc3, 0x6f, 0xff, 0xff, 0xff,
    0xff, 0xf4,

    /* U+0046 "F" */
    0x6f, 0xff, 0xff, 0xff, 0xff, 0x46, 0xfe, 0xcc,
    0xcc, 0xcc, 0xc3, 0x6f, 0x80, 0x0, 0x0, 0x0,
    0x6, 0xf8, 0x0, 0x0, 0x0, 0x0, 0x6f, 0x80,
    0x0, 0x0, 0x0, 0x6, 0xf8, 0x0, 0x0, 0x0,
    0x0, 0x6f, 0xec, 0xcc, 0xcc, 0xc2, 0x6, 0xff,
    0xff, 0xff, 0xff, 0x30, 0x6f, 0x80, 0x0, 0x0,
    0x0, 0x6, 0xf8, 0x0, 0x0, 0x0, 0x0, 0x6f,
    0x80, 0x0, 0x0, 0x0, 0x6, 0xf8, 0x0, 0x0,
    0x0, 0x0, 0x6f, 0x80, 0x0, 0x0, 0x0, 0x6,
    0xf8, 0x0, 0x0, 0x0, 0x0, 0x6f, 0x80, 0x0,
    0x0, 0x0, 0x0,

    /* U+0047 "G" */
    0x0, 0x1, 0x8c, 0xef, 0xea, 0x40, 0x0, 0x0,
    0x5f, 0xfe, 0xbb, 0xdf, 0xf8, 0x0, 0x5, 0xfe,
    0x50, 0x0, 0x4, 0xef, 0x50, 0x1e, 0xf3, 0x0,
    0x0, 0x0, 0x3f, 0xd0, 0x6f, 0x90, 0x0, 0x0,
    0x0, 0x8, 0x60, 0xbf, 0x30, 0x0, 0x0, 0x0,
    0x0, 0x0, 0xdf, 0x10, 0x0, 0x0, 0x0, 0x0,
    0x0, 0xff, 0x0, 0x0, 0x9, 0xcc, 0xcc, 0xc3,
    0xef, 0x10, 0x0, 0xc, 0xff, 0xff, 0xf4, 0xcf,
    0x40, 0x0, 0x0, 0x0, 0x9, 0xf4, 0x7f, 0x90,
    0x0, 0x0, 0x0, 0x9, 0xf4, 0x1f, 0xf4, 0x0,
    0x0, 0x0, 0x9, 0xf4, 0x5, 0xff, 0x71, 0x0,
    0x3, 0xaf, 0xf3, 0x0, 0x5f, 0xff, 0xdc, 0xef,
    0xfd, 0x40, 0x0, 0x1, 0x8c, 0xef, 0xeb, 0x60,
    0x0,

    /* U+0048 "H" */
    0x6f, 0x80, 0x0, 0x0, 0x1, 0xfd, 0x6f, 0x80,
    0x0, 0x0, 0x1, 0xfd, 0x6f, 0x80, 0x0, 0x0,
    0x1, 0xfd, 0x6f, 0x80, 0x0, 0x0, 0x1, 0xfd,
    0x6f, 0x80, 0x0, 0x0, 0x1, 0xfd, 0x6f, 0x80,
    0x0, 0x0, 0x1, 0xfd, 0x6f, 0xec, 0xcc, 0xcc,
    0xcc, 0xfd, 0x6f, 0xff, 0xff, 0xff, 0xff, 0xfd,
    0x6f, 0x80, 0x0, 0x0, 0x1, 0xfd, 0x6f, 0x80,
    0x0, 0x0, 0x1, 0xfd, 0x6f, 0x80, 0x0, 0x0,
    0x1, 0xfd, 0x6f, 0x80, 0x0, 0x0, 0x1, 0xfd,
    0x6f, 0x80, 0x0, 0x0, 0x1, 0xfd, 0x6f, 0x80,
    0x0, 0x0, 0x1, 0xfd, 0x6f, 0x80, 0x0, 0x0,
    0x1, 0xfd,

    /* U+0049 "I" */
    0x2f, 0xb2, 0xfb, 0x2f, 0xb2, 0xfb, 0x2f, 0xb2,
    0xfb, 0x2f, 0xb2, 0xfb, 0x2f, 0xb2, 0xfb, 0x2f,
    0xb2, 0xfb, 0x2f, 0xb2, 0xfb, 0x2f, 0xb0,

    /* U+004A "J" */
    0x0, 0x0, 0x0, 0x8f, 0x60, 0x0, 0x0, 0x8,
    0xf6, 0x0, 0x0, 0x0, 0x8f, 0x60, 0x0, 0x0,
    0x8, 0xf6, 0x0, 0x0, 0x0, 0x8f, 0x60, 0x0,
    0x0, 0x8, 0xf6, 0x0, 0x0, 0x0, 0x8f, 0x60,
    0x0, 0x0, 0x8, 0xf6, 0x0, 0x0, 0x0, 0x8f,
    0x60, 0x0, 0x0, 0x8, 0xf6, 0x39, 0x30, 0x0,
    0x8f, 0x66, 0xf6, 0x0, 0x9, 0xf4, 0x3f, 0xd1,
    0x1, 0xef, 0x10, 0xcf, 0xfc, 0xff, 0x90, 0x1,
    0x9e, 0xfd, 0x70, 0x0,

    /* U+004B "K" */
    0x8f, 0x50, 0x0, 0x0, 0x1e, 0xf8, 0x8, 0xf5,
    0x0, 0x0, 0x1d, 0xf8, 0x0, 0x8f, 0x50, 0x0,
    0x1d, 0xf9, 0x0, 0x8, 0xf5, 0x0, 0xc, 0xf9,
    0x0, 0x0, 0x8f, 0x50, 0xc, 0xf9, 0x0, 0x0,
    0x8, 0xf5, 0xb, 0xf9, 0x0, 0x0, 0x0, 0x8f,
    0x6b, 0xff, 0x50, 0x0, 0x0, 0x8, 0xfe, 0xfb,
    0xfe, 0x10, 0x0, 0x0, 0x8f, 0xfa, 0x8, 0xfb,
    0x0, 0x0, 0x8, 0xfa, 0x0, 0xd, 0xf7, 0x0,
    0x0, 0x8f, 0x50, 0x0, 0x3f, 0xf2, 0x0, 0x8,
    0xf5, 0x0, 0x0, 0x8f, 0xd0, 0x0, 0x8f, 0x50,
    0x0, 0x0, 0xdf, 0x80, 0x8, 0xf5, 0x0, 0x0,
    0x3, 0xff, 0x40, 0x8f, 0x50, 0x0, 0x0, 0x8,
    0xfe, 0x10,

    /* U+004C "L" */
    0x8f, 0x60, 0x0, 0x0, 0x0, 0x8f, 0x60, 0x0,
    0x0, 0x0, 0x8f, 0x60, 0x0, 0x0, 0x0, 0x8f,
    0x60, 0x0, 0x0, 0x0, 0x8f, 0x60, 0x0, 0x0,
    0x0, 0x8f, 0x60, 0x0, 0x0, 0x0, 0x8f, 0x60,
    0x0, 0x0, 0x0, 0x8f, 0x60, 0x0, 0x0, 0x0,
    0x8f, 0x60, 0x0, 0x0, 0x0, 0x8f, 0x60, 0x0,
    0x0, 0x0, 0x8f, 0x60, 0x0, 0x0, 0x0, 0x8f,
    0x60, 0x0, 0x0, 0x0, 0x8f, 0x60, 0x0, 0x0,
    0x0, 0x8f, 0xdc, 0xcc, 0xcc, 0xc5, 0x8f, 0xff,
    0xff, 0xff, 0xf7,

    /* U+004D "M" */
    0x7f, 0xf8, 0x0, 0x0, 0x0, 0x8, 0xff, 0x27,
    0xff, 0xd0, 0x0, 0x0, 0x0, 0xdf, 0xf2, 0x7f,
    0xdf, 0x20, 0x0, 0x0, 0x3f, 0xef, 0x27, 0xf8,
    0xf7, 0x0, 0x0, 0x8, 0xea, 0xf2, 0x7f, 0x5e,
    0xc0, 0x0, 0x0, 0xda, 0xaf, 0x27, 0xf5, 0x9f,
    0x10, 0x0, 0x2f, 0x4a, 0xf2, 0x7f, 0x54, 0xf6,
    0x0, 0x8, 0xf0, 0xaf, 0x27, 0xf5, 0xe, 0xc0,
    0x0, 0xda, 0xa, 0xf2, 0x7f, 0x50, 0x9f, 0x10,
    0x2f, 0x50, 0xaf, 0x27, 0xf5, 0x4, 0xf6, 0x7,
    0xf0, 0xa, 0xf2, 0x7f, 0x50, 0xf, 0xb0, 0xda,
    0x0, 0xaf, 0x27, 0xf5, 0x0, 0xaf, 0x2f, 0x50,
    0xa, 0xf2, 0x7f, 0x50, 0x5, 0xfc, 0xf0, 0x0,
    0xaf, 0x27, 0xf5, 0x0, 0xf, 0xfa, 0x0, 0xa,
    0xf2, 0x7f, 0x50, 0x0, 0xaf, 0x50, 0x0, 0xaf,
    0x20,

    /* U+004E "N" */
    0x6f, 0xd0, 0x0, 0x0, 0x0, 0xfd, 0x6f, 0xf7,
    0x0, 0x0, 0x0, 0xfd, 0x6f, 0xff, 0x20, 0x0,
    0x0, 0xfd, 0x6f, 0xcf, 0xb0, 0x0, 0x0, 0xfd,
    0x6f, 0x6c, 0xf5, 0x0, 0x0, 0xfd, 0x6f, 0x62,
    0xfe, 0x10, 0x0, 0xfd, 0x6f, 0x60, 0x7f, 0xa0,
    0x0, 0xfd, 0x6f, 0x60, 0xd, 0xf4, 0x0, 0xfd,
    0x6f, 0x60, 0x3, 0xfd, 0x0, 0xfd, 0x6f, 0x60,
    0x0, 0x9f, 0x80, 0xfd, 0x6f, 0x60, 0x0, 0xe,
    0xf3, 0xfd, 0x6f, 0x60, 0x0, 0x5, 0xfc, 0xfd,
    0x6f, 0x60, 0x0, 0x0, 0xaf, 0xfd, 0x6f, 0x60,
    0x0, 0x0, 0x1f, 0xfd, 0x6f, 0x60, 0x0, 0x0,
    0x6, 0xfd,

    /* U+004F "O" */
    0x0, 0x0, 0x39, 0xdf, 0xec, 0x70, 0x0, 0x0,
    0x0, 0x8f, 0xfd, 0xbc, 0xff, 0xe2, 0x0, 0x0,
    0x7f, 0xe4, 0x0, 0x0, 0x8f, 0xe1, 0x0, 0x2f,
    0xe1, 0x0, 0x0, 0x0, 0x8f, 0xb0, 0x9, 0xf7,
    0x0, 0x0, 0x0, 0x0, 0xef, 0x20, 0xdf, 0x20,
    0x0, 0x0, 0x0, 0x9, 0xf6, 0xf, 0xf0, 0x0,
    0x0, 0x0, 0x0, 0x6f, 0x80, 0xfe, 0x0, 0x0,
    0x0, 0x0, 0x5, 0xf9, 0xf, 0xf0, 0x0, 0x0,
    0x0, 0x0, 0x6f, 0x90, 0xdf, 0x10, 0x0, 0x0,
    0x0, 0x9, 0xf6, 0x9, 0xf7, 0x0, 0x0, 0x0,
    0x0, 0xef, 0x20, 0x2f, 0xf2, 0x0, 0x0, 0x0,
    0x7f, 0xb0, 0x0, 0x7f, 0xe4, 0x0, 0x0, 0x8f,
    0xe2, 0x0, 0x0, 0x7f, 0xfd, 0xbc, 0xff, 0xe3,
    0x0, 0x0, 0x0, 0x39, 0xdf, 0xfc, 0x70, 0x0,
    0x0,

    /* U+0050 "P" */
    0x7f, 0xff, 0xff, 0xfe, 0xc5, 0x0, 0x7f, 0xdc,
    0xcc, 0xcd, 0xff, 0x80, 0x7f, 0x70, 0x0, 0x0,
    0x4f, 0xf1, 0x7f, 0x70, 0x0, 0x0, 0xa, 0xf5,
    0x7f, 0x70, 0x0, 0x0, 0x8, 0xf7, 0x7f, 0x70,
    0x0, 0x0, 0xb, 0xf5, 0x7f, 0x70, 0x0, 0x0,
    0x6f, 0xf1, 0x7f, 0xdc, 0xcc, 0xce, 0xff, 0x50,
    0x7f, 0xff, 0xff, 0xfe, 0xa3, 0x0, 0x7f, 0x70,
    0x0, 0x0, 0x0, 0x0, 0x7f, 0x70, 0x0, 0x0,
    0x0, 0x0, 0x7f, 0x70, 0x0, 0x0, 0x0, 0x0,
    0x7f, 0x70, 0x0, 0x0, 0x0, 0x0, 0x7f, 0x70,
    0x0, 0x0, 0x0, 0x0, 0x7f, 0x70, 0x0, 0x0,
    0x0, 0x0,

    /* U+0051 "Q" */
    0x0, 0x0, 0x39, 0xdf, 0xec, 0x70, 0x0, 0x0,
    0x0, 0x8f, 0xfd, 0xbc, 0xff, 0xe2, 0x0, 0x0,
    0x7f, 0xd3, 0x0, 0x0, 0x8f, 0xe1, 0x0, 0x2f,
    0xe1, 0x0, 0x0, 0x0, 0x8f, 0xb0, 0x9, 0xf7,
    0x0, 0x0, 0x0, 0x0, 0xef, 0x20, 0xdf, 0x20,
    0x0, 0x0, 0x0, 0x9, 0xf6, 0xf, 0xf0, 0x0,
    0x0, 0x0, 0x0, 0x6f, 0x90, 0xfe, 0x0, 0x0,
    0x0, 0x0, 0x5, 0xf9, 0xf, 0xf0, 0x0, 0x0,
    0x0, 0x0, 0x6f, 0x80, 0xdf, 0x20, 0x0, 0x0,
    0x0, 0x9, 0xf6, 0x8, 0xf7, 0x0, 0x0, 0x10,
    0x0, 0xef, 0x20, 0x2f, 0xe1, 0x0, 0xf, 0xd3,
    0x7f, 0xa0, 0x0, 0x7f, 0xe4, 0x0, 0x5d, 0xff,
    0xe1, 0x0, 0x0, 0x7f, 0xfd, 0xbc, 0xff, 0xfd,
    0x30, 0x0, 0x0, 0x29, 0xef, 0xec, 0x64, 0xef,
    0x90, 0x0, 0x0, 0x0, 0x0, 0x0, 0x0, 0x87,

    /* U+0052 "R" */
    0x6f, 0xff, 0xff, 0xff, 0xea, 0x20, 0x0, 0x6f,
    0xda, 0xaa, 0xab, 0xef, 0xf2, 0x0, 0x6f, 0x80,
    0x0, 0x0, 0xa, 0xfa, 0x0, 0x6f, 0x80, 0x0,
    0x0, 0x1, 0xff, 0x0, 0x6f, 0x80, 0x0, 0x0,
    0x0, 0xff, 0x0, 0x6f, 0x80, 0x0, 0x0, 0x3,
    0xfd, 0x0, 0x6f, 0x80, 0x0, 0x0, 0x4d, 0xf7,
    0x0, 0x6f, 0xff, 0xff, 0xff, 0xff, 0x80, 0x0,
    0x6f, 0xec, 0xcd, 0xff, 0x91, 0x0, 0x0, 0x6f,
    0x80, 0x0, 0x3e, 0xf5, 0x0, 0x0, 0x6f, 0x80,
    0x0, 0x3, 0xff, 0x40, 0x0, 0x6f, 0x80, 0x0,
    0x0, 0x6f, 0xe0, 0x0, 0x6f, 0x80, 0x0, 0x0,
    0xc, 0xf9, 0x0, 0x6f, 0x80, 0x0, 0x0, 0x2,
    0xff, 0x30, 0x6f, 0x80, 0x0, 0x0, 0x0, 0x7f,
    0xd0,

    /* U+0053 "S" */
    0x0, 0x4, 0xbe, 0xfe, 0xb5, 0x0, 0x0, 0x8,
    0xff, 0xec, 0xef, 0xfa, 0x0, 0x3, 0xfd, 0x30,
    0x0, 0x3d, 0xf6, 0x0, 0x7f, 0x50, 0x0, 0x0,
    0x4f, 0xb0, 0x7, 0xf6, 0x0, 0x0, 0x0, 0x75,
    0x0, 0x3f, 0xf6, 0x10, 0x0, 0x0, 0x0, 0x0,
    0x6f, 0xff, 0xc9, 0x40, 0x0, 0x0, 0x0, 0x28,
    0xdf, 0xff, 0xe7, 0x0, 0x0, 0x0, 0x0, 0x15,
    0xaf, 0xf8, 0x0, 0x0, 0x0, 0x0, 0x0, 0x2e,
    0xf1, 0xf, 0xc0, 0x0, 0x0, 0x0, 0x9f, 0x40,
    0xdf, 0x20, 0x0, 0x0, 0xb, 0xf3, 0x6, 0xfe,
    0x50, 0x0, 0x8, 0xfd, 0x0, 0x9, 0xff, 0xfd,
    0xdf, 0xfe, 0x20, 0x0, 0x4, 0xae, 0xff, 0xd8,
    0x10, 0x0,

    /* U+0054 "T" */
    0x9f, 0xff, 0xff, 0xff, 0xff, 0xfc, 0x6c, 0xcc,
    0xcf, 0xfc, 0xcc, 0xc9, 0x0, 0x0, 0xd, 0xf0,
    0x0, 0x0, 0x0, 0x0, 0xd, 0xf0, 0x0, 0x0,
    0x0, 0x0, 0xd, 0xf0, 0x0, 0x0, 0x0, 0x0,
    0xd, 0xf0, 0x0, 0x0, 0x0, 0x0, 0xd, 0xf0,
    0x0, 0x0, 0x0, 0x0, 0xd, 0xf0, 0x0, 0x0,
    0x0, 0x0, 0xd, 0xf0, 0x0, 0x0, 0x0, 0x0,
    0xd, 0xf0, 0x0, 0x0, 0x0, 0x0, 0xd, 0xf0,
    0x0, 0x0, 0x0, 0x0, 0xd, 0xf0, 0x0, 0x0,
    0x0, 0x0, 0xd, 0xf0, 0x0, 0x0, 0x0, 0x0,
    0xd, 0xf0, 0x0, 0x0, 0x0, 0x0, 0xd, 0xf0,
    0x0, 0x0,

    /* U+0055 "U" */
    0x6f, 0x70, 0x0, 0x0, 0x1, 0xfd, 0x6f, 0x70,
    0x0, 0x0, 0x1, 0xfd, 0x6f, 0x70, 0x0, 0x0,
    0x1, 0xfd, 0x6f, 0x70, 0x0, 0x0, 0x1, 0xfd,
    0x6f, 0x70, 0x0, 0x0, 0x1, 0xfd, 0x6f, 0x70,
    0x0, 0x0, 0x1, 0xfd, 0x6f, 0x70, 0x0, 0x0,
    0x1, 0xfd, 0x6f, 0x70, 0x0, 0x0, 0x1, 0xfd,
    0x6f, 0x70, 0x0, 0x0, 0x1, 0xfd, 0x5f, 0x80,
    0x0, 0x0, 0x1, 0xfc, 0x4f, 0x90, 0x0, 0x0,
    0x3, 0xfb, 0x1f, 0xe0, 0x0, 0x0, 0x8, 0xf8,
    0xb, 0xfa, 0x10, 0x0, 0x5f, 0xf2, 0x1, 0xef,
    0xfd, 0xce, 0xff, 0x60, 0x0, 0x18, 0xdf, 0xfe,
    0xa3, 0x0,

    /* U+0056 "V" */
    0xbf, 0x50, 0x0, 0x0, 0x0, 0xe, 0xf0, 0x5f,
    0xa0, 0x0, 0x0, 0x0, 0x4f, 0xa0, 0xe, 0xf0,
    0x0, 0x0, 0x0, 0x9f, 0x40, 0x9, 0xf5, 0x0,
    0x0, 0x0, 0xee, 0x0, 0x3, 0xfb, 0x0, 0x0,
    0x5, 0xf8, 0x0, 0x0, 0xdf, 0x0, 0x0, 0xa,
    0xf2, 0x0, 0x0, 0x7f, 0x50, 0x0, 0xf, 0xc0,
    0x0, 0x0, 0x1f, 0xb0, 0x0, 0x6f, 0x60, 0x0,
    0x0, 0xb, 0xf1, 0x0, 0xbf, 0x0, 0x0, 0x0,
    0x5, 0xf6, 0x1, 0xfa, 0x0, 0x0, 0x0, 0x0,
    0xfb, 0x7, 0xf4, 0x0, 0x0, 0x0, 0x0, 0xaf,
    0x1c, 0xe0, 0x0, 0x0, 0x0, 0x0, 0x4f, 0x7f,
    0x80, 0x0, 0x0, 0x0, 0x0, 0xe, 0xff, 0x20,
    0x0, 0x0, 0x0, 0x0, 0x8, 0xfc, 0x0, 0x0,
    0x0,

    /* U+0057 "W" */
    0xaf, 0x40, 0x0, 0x0, 0xcf, 0xc0, 0x0, 0x0,
    0x5f, 0x85, 0xf8, 0x0, 0x0, 0x1f, 0xff, 0x0,
    0x0, 0x9, 0xf4, 0x1f, 0xb0, 0x0, 0x5, 0xfa,
    0xf4, 0x0, 0x0, 0xdf, 0x0, 0xdf, 0x0, 0x0,
    0x9f, 0x3f, 0x90, 0x0, 0x1f, 0xb0, 0x9, 0xf3,
    0x0, 0xe, 0xc0, 0xdd, 0x0, 0x4, 0xf7, 0x0,
    0x5f, 0x60, 0x2, 0xf8, 0x9, 0xf1, 0x0, 0x8f,
    0x30, 0x1, 0xfa, 0x0, 0x6f, 0x40, 0x5f, 0x60,
    0xc, 0xe0, 0x0, 0xd, 0xe0, 0xb, 0xf0, 0x1,
    0xfa, 0x0, 0xfa, 0x0, 0x0, 0x9f, 0x10, 0xfb,
    0x0, 0xd, 0xe0, 0x3f, 0x60, 0x0, 0x5, 0xf5,
    0x4f, 0x70, 0x0, 0x8f, 0x27, 0xf2, 0x0, 0x0,
    0x1f, 0x88, 0xf2, 0x0, 0x4, 0xf5, 0xbe, 0x0,
    0x0, 0x0, 0xdc, 0xbe, 0x0, 0x0, 0xf, 0x8e,
    0xa0, 0x0, 0x0, 0x9, 0xee, 0xa0, 0x0, 0x0,
    0xcd, 0xf5, 0x0, 0x0, 0x0, 0x5f, 0xf6, 0x0,
    0x0, 0x7, 0xff, 0x10, 0x0, 0x0, 0x1, 0xff,
    0x10, 0x0, 0x0, 0x3f, 0xd0, 0x0, 0x0,

    /* U+0058 "X" */
    0xd, 0xf5, 0x0, 0x0, 0x0, 0x9f, 0x70, 0x3,
    0xfe, 0x10, 0x0, 0x5, 0xfc, 0x0, 0x0, 0x8f,
    0xa0, 0x0, 0x1e, 0xe1, 0x0, 0x0, 0xd, 0xf5,
    0x0, 0xbf, 0x50, 0x0, 0x0, 0x3, 0xfe, 0x17,
    0xf9, 0x0, 0x0, 0x0, 0x0, 0x8f, 0xbf, 0xd0,
    0x0, 0x0, 0x0, 0x0, 0xc, 0xff, 0x30, 0x0,
    0x0, 0x0, 0x0, 0x9, 0xff, 0x20, 0x0, 0x0,
    0x0, 0x0, 0x4f, 0xef, 0xc0, 0x0, 0x0, 0x0,
    0x1, 0xef, 0x2c, 0xf7, 0x0, 0x0, 0x0, 0xb,
    0xf7, 0x2, 0xff, 0x20, 0x0, 0x0, 0x6f, 0xc0,
    0x0, 0x7f, 0xc0, 0x0, 0x2, 0xff, 0x20, 0x0,
    0xc, 0xf8, 0x0, 0xd, 0xf6, 0x0, 0x0, 0x2,
    0xff, 0x30, 0x8f, 0xb0, 0x0, 0x0, 0x0, 0x7f,
    0xd0,

    /* U+0059 "Y" */
    0x9f, 0xb0, 0x0, 0x0, 0x0, 0x4f, 0xd0, 0xe,
    0xf5, 0x0, 0x0, 0x0, 0xef, 0x30, 0x5, 0xfe,
    0x0, 0x0, 0x8, 0xf9, 0x0, 0x0, 0xaf, 0x90,
    0x0, 0x3f, 0xd0, 0x0, 0x0, 0x1e, 0xf3, 0x0,
    0xcf, 0x40, 0x0, 0x0, 0x6, 0xfc, 0x6, 0xf9,
    0x0, 0x0, 0x0, 0x0, 0xcf, 0x7e, 0xe0, 0x0,
    0x0, 0x0, 0x0, 0x2f, 0xff, 0x40, 0x0, 0x0,
    0x0, 0x0, 0x8, 0xfa, 0x0, 0x0, 0x0, 0x0,
    0x0, 0x6, 0xf8, 0x0, 0x0, 0x0, 0x0, 0x0,
    0x6, 0xf8, 0x0, 0x0, 0x0, 0x0, 0x0, 0x6,
    0xf8, 0x0, 0x0, 0x0, 0x0, 0x0, 0x6, 0xf8,
    0x0, 0x0, 0x0, 0x0, 0x0, 0x6, 0xf8, 0x0,
    0x0, 0x0, 0x0, 0x0, 0x6, 0xf8, 0x0, 0x0,
    0x0,

    /* U+005A "Z" */
    0xd, 0xff, 0xff, 0xff, 0xff, 0xf7, 0x9, 0xcc,
    0xcc, 0xcc, 0xcf, 0xf6, 0x0, 0x0, 0x0, 0x0,
    0x7f, 0xd0, 0x0, 0x0, 0x0, 0x4, 0xff, 0x20,
    0x0, 0x0, 0x0, 0x1e, 0xf5, 0x0, 0x0, 0x0,
    0x0, 0xcf, 0x80, 0x0, 0x0, 0x0, 0x9, 0xfc,
    0x0, 0x0, 0x0, 0x0, 0x5f, 0xe1, 0x0, 0x0,
    0x0, 0x2, 0xff, 0x30, 0x0, 0x0, 0x0, 0xd,
    0xf7, 0x0, 0x0, 0x0, 0x0, 0x9f, 0xa0, 0x0,
    0x0, 0x0, 0x6, 0xfd, 0x0, 0x0, 0x0, 0x0,
    0x2f, 0xf2, 0x0, 0x0, 0x0, 0x0, 0xaf, 0xec,
    0xcc, 0xcc, 0xcc, 0xc8, 0xaf, 0xff, 0xff, 0xff,
    0xff, 0xfb,

    /* U+005B "[" */
    0xaf, 0xff, 0x4a, 0xf8, 0x82, 0xaf, 0x10, 0xa,
    0xf1, 0x0, 0xaf, 0x10, 0xa, 0xf1, 0x0, 0xaf,
    0x10, 0xa, 0xf1, 0x0, 0xaf, 0x10, 0xa, 0xf1,
    0x0, 0xaf, 0x10, 0xa, 0xf1, 0x0, 0xaf, 0x10,
    0xa, 0xf1, 0x0, 0xaf, 0x10, 0xa, 0xf1, 0x0,
    0xaf, 0x10, 0xa, 0xf9, 0x82, 0xaf, 0xff, 0x40,

    /* U+005C "\\" */
    0xd8, 0x0, 0x0, 0x9d, 0x0, 0x0, 0x5f, 0x10,
    0x0, 0x1f, 0x50, 0x0, 0xc, 0x90, 0x0, 0x8,
    0xe0, 0x0, 0x4, 0xf2, 0x0, 0x0, 0xf6, 0x0,
    0x0, 0xbb, 0x0, 0x0, 0x7f, 0x0, 0x0, 0x3f,
    0x30, 0x0, 0xe, 0x70, 0x0, 0xa, 0xc0, 0x0,
    0x6, 0xf0, 0x0, 0x2, 0xf4, 0x0, 0x0, 0x73,

    /* U+005D "]" */
    0xaf, 0xff, 0x35, 0x8c, 0xf3, 0x0, 0x9f, 0x30,
    0x9, 0xf3, 0x0, 0x9f, 0x30, 0x9, 0xf3, 0x0,
    0x9f, 0x30, 0x9, 0xf3, 0x0, 0x9f, 0x30, 0x9,
    0xf3, 0x0, 0x9f, 0x30, 0x9, 0xf3, 0x0, 0x9f,
    0x30, 0x9, 0xf3, 0x0, 0x9f, 0x30, 0x9, 0xf3,
    0x0, 0x9f, 0x35, 0x8c, 0xf3, 0xaf, 0xff, 0x30,

    /* U+005E "^" */
    0x0, 0x3, 0xf9, 0x0, 0x0, 0x0, 0xaf, 0xf1,
    0x0, 0x0, 0x1f, 0x9f, 0x70, 0x0, 0x8, 0xf1,
    0xbe, 0x0, 0x0, 0xeb, 0x5, 0xf5, 0x0, 0x6f,
    0x40, 0xe, 0xc0, 0xd, 0xe0, 0x0, 0x8f, 0x34,
    0xf8, 0x0, 0x2, 0xfa,

    /* U+005F "_" */
    0x1e, 0xee, 0xee, 0xee, 0xee, 0xe1, 0x1, 0x11,
    0x11, 0x11, 0x11, 0x10,

    /* U+0060 "`" */
    0xb, 0xd4, 0x0, 0x2f, 0xc0, 0x0, 0x6f, 0x30,

    /* U+0061 "a" */
    0x0, 0x29, 0xdf, 0xec, 0x50, 0x0, 0x2f, 0xf9,
    0x89, 0xff, 0x50, 0xa, 0xf3, 0x0, 0x4, 0xfa,
    0x0, 0x46, 0x0, 0x0, 0xf, 0xb0, 0x0, 0x1,
    0x46, 0x9c, 0xfb, 0x0, 0x1b, 0xff, 0xfe, 0x9f,
    0xc0, 0xc, 0xf9, 0x41, 0x0, 0xfc, 0x2, 0xfb,
    0x0, 0x0, 0x3f, 0xc0, 0x2f, 0xc0, 0x0, 0xb,
    0xfc, 0x0, 0xcf, 0xb7, 0x8e, 0xde, 0xd0, 0x1,
    0x9e, 0xfd, 0x70, 0xaf, 0x10,

    /* U+0062 "b" */
    0xaf, 0x10, 0x0, 0x0, 0x0, 0xaf, 0x10, 0x0,
    0x0, 0x0, 0xaf, 0x10, 0x0, 0x0, 0x0, 0xaf,
    0x10, 0x0, 0x0, 0x0, 0xaf, 0x3a, 0xff, 0xb2,
    0x0, 0xaf, 0xed, 0x89, 0xff, 0x20, 0xaf, 0xd0,
    0x0, 0x4f, 0xb0, 0xaf, 0x50, 0x0, 0xc, 0xf1,
    0xaf, 0x10, 0x0, 0x9, 0xf4, 0xaf, 0x0, 0x0,
    0x7, 0xf5, 0xaf, 0x0, 0x0, 0x9, 0xf4, 0xaf,
    0x30, 0x0, 0xd, 0xf1, 0xaf, 0xc0, 0x0, 0x5f,
    0xa0, 0xaf, 0xdd, 0x8a, 0xfe, 0x10, 0xaf, 0x1b,
    0xfe, 0x91, 0x0,

    /* U+0063 "c" */
    0x0, 0x19, 0xef, 0xd8, 0x0, 0x1, 0xdf, 0xb8,
    0xbf, 0xc0, 0x9, 0xf6, 0x0, 0x9, 0xf5, 0xf,
    0xe0, 0x0, 0x1, 0x83, 0x2f, 0xb0, 0x0, 0x0,
    0x0, 0x3f, 0x90, 0x0, 0x0, 0x0, 0x2f, 0xb0,
    0x0, 0x0, 0x0, 0xf, 0xe0, 0x0, 0x1, 0xfa,
    0x9, 0xf6, 0x0, 0x8, 0xf6, 0x1, 0xdf, 0xa8,
    0xbf, 0xc0, 0x0, 0x19, 0xef, 0xd7, 0x0,

    /* U+0064 "d" */
    0x0, 0x0, 0x0, 0x0, 0xfb, 0x0, 0x0, 0x0,
    0x0, 0xfb, 0x0, 0x0, 0x0, 0x0, 0xfb, 0x0,
    0x0, 0x0, 0x0, 0xfb, 0x0, 0x2a, 0xef, 0xb2,
    0xfb, 0x2, 0xef, 0xa8, 0xce, 0xfb, 0xa, 0xf5,
    0x0, 0xb, 0xfb, 0xf, 0xd0, 0x0, 0x4, 0xfb,
    0x3f, 0x90, 0x0, 0x0, 0xfb, 0x4f, 0x80, 0x0,
    0x0, 0xeb, 0x3f, 0x90, 0x0, 0x0, 0xfb, 0xf,
    0xd0, 0x0, 0x3, 0xfb, 0x9, 0xf6, 0x0, 0xb,
    0xfb, 0x1, 0xdf, 0xb8, 0xdd, 0xfb, 0x0, 0x19,
    0xef, 0xb2, 0xeb,

    /* U+0065 "e" */
    0x0, 0x8, 0xdf, 0xe9, 0x10, 0x0, 0xd, 0xfc,
    0x8a, 0xfe, 0x10, 0x8, 0xf8, 0x0, 0x4, 0xfb,
    0x0, 0xee, 0x0, 0x0, 0xb, 0xf1, 0x2f, 0xd8,
    0x88, 0x88, 0xcf, 0x43, 0xff, 0xff, 0xff, 0xff,
    0xf5, 0x2f, 0xa0, 0x0, 0x0, 0x0, 0x0, 0xfe,
    0x0, 0x0, 0x6, 0x71, 0x9, 0xf8, 0x0, 0x3,
    0xfe, 0x0, 0x1d, 0xfc, 0x8a, 0xff, 0x40, 0x0,
    0x18, 0xdf, 0xea, 0x30, 0x0,

    /* U+0066 "f" */
    0x0, 0x5d, 0xfe, 0x10, 0x1f, 0xfc, 0xb0, 0x3,
    0xf9, 0x0, 0x0, 0x4f, 0x70, 0x0, 0xdf, 0xff,
    0xf7, 0x5, 0x9f, 0xb6, 0x30, 0x4, 0xf7, 0x0,
    0x0, 0x4f, 0x70, 0x0, 0x4, 0xf7, 0x0, 0x0,
    0x4f, 0x70, 0x0, 0x4, 0xf7, 0x0, 0x0, 0x4f,
    0x70, 0x0, 0x4, 0xf7, 0x0, 0x0, 0x4f, 0x70,
    0x0, 0x4, 0xf7, 0x0, 0x0,

    /* U+0067 "g" */
    0x0, 0x2a, 0xef, 0xb2, 0xcd, 0x1, 0xef, 0xa8,
    0xcf, 0xed, 0xa, 0xf5, 0x0, 0xb, 0xfd, 0xf,
    0xd0, 0x0, 0x2, 0xfd, 0x3f, 0x90, 0x0, 0x0,
    0xed, 0x4f, 0x80, 0x0, 0x0, 0xdd, 0x3f, 0x80,
    0x0, 0x0, 0xed, 0xf, 0xc0, 0x0, 0x1, 0xfd,
    0xa, 0xf5, 0x0, 0xa, 0xfd, 0x1, 0xef, 0xa8,
    0xde, 0xfd, 0x0, 0x1a, 0xef, 0xb2, 0xfc, 0x2,
    0x0, 0x0, 0x1, 0xfa, 0xe, 0xe0, 0x0, 0x8,
    0xf6, 0x7, 0xfd, 0x88, 0xbf, 0xc0, 0x0, 0x5c,
    0xef, 0xd8, 0x0,

    /* U+0068 "h" */
    0xaf, 0x10, 0x0, 0x0, 0xa, 0xf1, 0x0, 0x0,
    0x0, 0xaf, 0x10, 0x0, 0x0, 0xa, 0xf1, 0x0,
    0x0, 0x0, 0xaf, 0x29, 0xef, 0xc5, 0xa, 0xfe,
    0xea, 0xbf, 0xf4, 0xaf, 0xc1, 0x0, 0x6f, 0xaa,
    0xf4, 0x0, 0x0, 0xfc, 0xaf, 0x20, 0x0, 0xf,
    0xca, 0xf1, 0x0, 0x0, 0xfd, 0xaf, 0x10, 0x0,
    0xf, 0xda, 0xf1, 0x0, 0x0, 0xfd, 0xaf, 0x10,
    0x0, 0xf, 0xda, 0xf1, 0x0, 0x0, 0xfd, 0xaf,
    0x10, 0x0, 0xf, 0xd0,

    /* U+0069 "i" */
    0xaf, 0x1a, 0xf1, 0x1, 0x0, 0x0, 0xaf, 0x1a,
    0xf1, 0xaf, 0x1a, 0xf1, 0xaf, 0x1a, 0xf1, 0xaf,
    0x1a, 0xf1, 0xaf, 0x1a, 0xf1, 0xaf, 0x10,

    /* U+006A "j" */
    0x0, 0xaf, 0x10, 0xa, 0xf1, 0x0, 0x1, 0x0,
    0x0, 0x0, 0x0, 0xaf, 0x10, 0xa, 0xf1, 0x0,
    0xaf, 0x10, 0xa, 0xf1, 0x0, 0xaf, 0x10, 0xa,
    0xf1, 0x0, 0xaf, 0x10, 0xa, 0xf1, 0x0, 0xaf,
    0x10, 0xa, 0xf1, 0x0, 0xaf, 0x10, 0xa, 0xf1,
    0x0, 0xcf, 0x6, 0xaf, 0xc0, 0xbf, 0xc3, 0x0,

    /* U+006B "k" */
    0xbf, 0x10, 0x0, 0x0, 0xb, 0xf1, 0x0, 0x0,
    0x0, 0xbf, 0x10, 0x0, 0x0, 0xb, 0xf1, 0x0,
    0x0, 0x0, 0xbf, 0x10, 0x4, 0xfe, 0x2b, 0xf1,
    0x3, 0xfe, 0x20, 0xbf, 0x12, 0xee, 0x20, 0xb,
    0xf3, 0xee, 0x30, 0x0, 0xbf, 0xef, 0xd0, 0x0,
    0xb, 0xff, 0xbf, 0x70, 0x0, 0xbf, 0x41, 0xef,
    0x20, 0xb, 0xf1, 0x6, 0xfb, 0x0, 0xbf, 0x10,
    0xc, 0xf5, 0xb, 0xf1, 0x0, 0x2f, 0xe1, 0xbf,
    0x10, 0x0, 0x8f, 0x90,

    /* U+006C "l" */
    0xaf, 0x1a, 0xf1, 0xaf, 0x1a, 0xf1, 0xaf, 0x1a,
    0xf1, 0xaf, 0x1a, 0xf1, 0xaf, 0x1a, 0xf1, 0xaf,
    0x1a, 0xf1, 0xaf, 0x1a, 0xf1, 0xaf, 0x10,

    /* U+006D "m" */
    0xbe, 0x2b, 0xff, 0xb2, 0x19, 0xef, 0xb2, 0xb,
    0xfe, 0xa6, 0x9f, 0xdd, 0xb6, 0x7f, 0xd0, 0xbf,
    0x90, 0x0, 0xbf, 0xb0, 0x0, 0x9f, 0x3b, 0xf3,
    0x0, 0x9, 0xf5, 0x0, 0x6, 0xf5, 0xbf, 0x10,
    0x0, 0x8f, 0x30, 0x0, 0x6f, 0x6b, 0xf1, 0x0,
    0x8, 0xf3, 0x0, 0x6, 0xf6, 0xbf, 0x10, 0x0,
    0x8f, 0x30, 0x0, 0x6f, 0x6b, 0xf1, 0x0, 0x8,
    0xf3, 0x0, 0x6, 0xf6, 0xbf, 0x10, 0x0, 0x8f,
    0x30, 0x0, 0x6f, 0x6b, 0xf1, 0x0, 0x8, 0xf3,
    0x0, 0x6, 0xf6, 0xbf, 0x10, 0x0, 0x8f, 0x30,
    0x0, 0x6f, 0x60,

    /* U+006E "n" */
    0xaf, 0x1a, 0xef, 0xc5, 0xa, 0xfe, 0xb6, 0x7e,
    0xf4, 0xaf, 0xa0, 0x0, 0x4f, 0xaa, 0xf4, 0x0,
    0x0, 0xfc, 0xaf, 0x20, 0x0, 0xf, 0xca, 0xf1,
    0x0, 0x0, 0xfd, 0xaf, 0x10, 0x0, 0xf, 0xda,
    0xf1, 0x0, 0x0, 0xfd, 0xaf, 0x10, 0x0, 0xf,
    0xda, 0xf1, 0x0, 0x0, 0xfd, 0xaf, 0x10, 0x0,
    0xf, 0xd0,

    /* U+006F "o" */
    0x0, 0x18, 0xef, 0xe9, 0x10, 0x0, 0x1e, 0xfb,
    0x8b, 0xfe, 0x20, 0xa, 0xf6, 0x0, 0x5, 0xfc,
    0x0, 0xfd, 0x0, 0x0, 0xb, 0xf2, 0x3f, 0x90,
    0x0, 0x0, 0x7f, 0x54, 0xf8, 0x0, 0x0, 0x6,
    0xf6, 0x3f, 0xa0, 0x0, 0x0, 0x8f, 0x50, 0xfd,
    0x0, 0x0, 0xc, 0xf2, 0xb, 0xf7, 0x0, 0x4,
    0xfc, 0x0, 0x1e, 0xfc, 0x8a, 0xfe, 0x20, 0x0,
    0x18, 0xdf, 0xe9, 0x10, 0x0,

    /* U+0070 "p" */
    0xaf, 0x1a, 0xff, 0xb2, 0x0, 0xaf, 0xdd, 0x78,
    0xff, 0x20, 0xaf, 0xc0, 0x0, 0x4f, 0xb0, 0xaf,
    0x50, 0x0, 0xc, 0xf1, 0xaf, 0x10, 0x0, 0x8,
    0xf4, 0xaf, 0x0, 0x0, 0x7, 0xf5, 0xaf, 0x0,
    0x0, 0x8, 0xf4, 0xaf, 0x30, 0x0, 0xc, 0xf1,
    0xaf, 0xc0, 0x0, 0x4f, 0xa0, 0xaf, 0xed, 0x8a,
    0xfe, 0x10, 0xaf, 0x3b, 0xfe, 0xa1, 0x0, 0xaf,
    0x10, 0x0, 0x0, 0x0, 0xaf, 0x10, 0x0, 0x0,
    0x0, 0xaf, 0x10, 0x0, 0x0, 0x0, 0xaf, 0x10,
    0x0, 0x0, 0x0,

    /* U+0071 "q" */
    0x0, 0x2a, 0xef, 0xb2, 0xdc, 0x1, 0xef, 0x97,
    0xce, 0xec, 0xa, 0xf5, 0x0, 0xb, 0xfc, 0xf,
    0xd0, 0x0, 0x3, 0xfc, 0x2f, 0xa0, 0x0, 0x0,
    0xfc, 0x3f, 0x90, 0x0, 0x0, 0xdc, 0x2f, 0xa0,
    0x0, 0x0, 0xec, 0xf, 0xe0, 0x0, 0x2, 0xfc,
    0x8, 0xf6, 0x0, 0xa, 0xfc, 0x0, 0xdf, 0xb8,
    0xce, 0xfc, 0x0, 0x19, 0xef, 0xb2, 0xfc, 0x0,
    0x0, 0x0, 0x0, 0xfc, 0x0, 0x0, 0x0, 0x0,
    0xfc, 0x0, 0x0, 0x0, 0x0, 0xfc, 0x0, 0x0,
    0x0, 0x0, 0xfc,

    /* U+0072 "r" */
    0xbe, 0x3d, 0xf9, 0xbe, 0xec, 0xb8, 0xbf, 0xa0,
    0x0, 0xbf, 0x30, 0x0, 0xbf, 0x10, 0x0, 0xbf,
    0x0, 0x0, 0xbf, 0x0, 0x0, 0xbf, 0x0, 0x0,
    0xbf, 0x0, 0x0, 0xbf, 0x0, 0x0, 0xbf, 0x0,
    0x0,

    /* U+0073 "s" */
    0x0, 0x7d, 0xfe, 0xb4, 0x0, 0x9, 0xfc, 0x89,
    0xef, 0x40, 0xf, 0xb0, 0x0, 0x2f, 0xb0, 0xf,
    0xd1, 0x0, 0x1, 0x0, 0x9, 0xff, 0xc7, 0x30,
    0x0, 0x0, 0x6d, 0xff, 0xfd, 0x30, 0x0, 0x0,
    0x15, 0xbf, 0xe0, 0x28, 0x40, 0x0, 0xa, 0xf2,
    0x1f, 0xc0, 0x0, 0xc, 0xf1, 0x9, 0xfd, 0x98,
    0xdf, 0x80, 0x0, 0x6c, 0xef, 0xc5, 0x0,

    /* U+0074 "t" */
    0x0, 0x33, 0x0, 0x4, 0xf6, 0x0, 0x6, 0xf6,
    0x0, 0x6, 0xf6, 0x0, 0xaf, 0xff, 0xf2, 0x4a,
    0xfa, 0x60, 0x6, 0xf6, 0x0, 0x6, 0xf6, 0x0,
    0x6, 0xf6, 0x0, 0x6, 0xf6, 0x0, 0x6, 0xf6,
    0x0, 0x5, 0xf6, 0x0, 0x5, 0xf7, 0x0, 0x3,
    0xfe, 0xb2, 0x0, 0x9f, 0xf4,

    /* U+0075 "u" */
    0xbf, 0x10, 0x0, 0xf, 0xbb, 0xf1, 0x0, 0x0,
    0xfb, 0xbf, 0x10, 0x0, 0xf, 0xbb, 0xf1, 0x0,
    0x0, 0xfb, 0xbf, 0x10, 0x0, 0xf, 0xbb, 0xf1,
    0x0, 0x0, 0xfb, 0xaf, 0x10, 0x0, 0x1f, 0xba,
    0xf2, 0x0, 0x3, 0xfb, 0x7f, 0x70, 0x0, 0xbf,
    0xb2, 0xff, 0xba, 0xec, 0xdb, 0x3, 0xbf, 0xe9,
    0x1d, 0xb0,

    /* U+0076 "v" */
    0x8f, 0x40, 0x0, 0x3, 0xf9, 0x3f, 0xa0, 0x0,
    0x8, 0xf3, 0xd, 0xe0, 0x0, 0xe, 0xd0, 0x7,
    0xf4, 0x0, 0x3f, 0x80, 0x2, 0xfa, 0x0, 0x9f,
    0x20, 0x0, 0xcf, 0x0, 0xec, 0x0, 0x0, 0x6f,
    0x44, 0xf7, 0x0, 0x0, 0x1f, 0x99, 0xf1, 0x0,
    0x0, 0xb, 0xee, 0xb0, 0x0, 0x0, 0x5, 0xff,
    0x50, 0x0, 0x0, 0x0, 0xff, 0x0, 0x0,

    /* U+0077 "w" */
    0xcf, 0x10, 0x0, 0xcf, 0x40, 0x0, 0x8f, 0x37,
    0xf4, 0x0, 0xf, 0xf8, 0x0, 0xc, 0xe0, 0x2f,
    0x90, 0x4, 0xff, 0xc0, 0x1, 0xf9, 0x0, 0xed,
    0x0, 0x8f, 0xaf, 0x0, 0x5f, 0x40, 0x9, 0xf1,
    0xc, 0xb6, 0xf4, 0xa, 0xf0, 0x0, 0x5f, 0x50,
    0xf7, 0x2f, 0x80, 0xeb, 0x0, 0x0, 0xf9, 0x4f,
    0x30, 0xec, 0x3f, 0x60, 0x0, 0xb, 0xd8, 0xf0,
    0xa, 0xf7, 0xf1, 0x0, 0x0, 0x7f, 0xeb, 0x0,
    0x5f, 0xed, 0x0, 0x0, 0x2, 0xff, 0x70, 0x1,
    0xff, 0x80, 0x0, 0x0, 0xd, 0xf3, 0x0, 0xd,
    0xf3, 0x0, 0x0,

    /* U+0078 "x" */
    0x3f, 0xe0, 0x0, 0xd, 0xf3, 0x9, 0xf8, 0x0,
    0x8f, 0x80, 0x0, 0xdf, 0x23, 0xfd, 0x0, 0x0,
    0x3f, 0xcd, 0xf2, 0x0, 0x0, 0x9, 0xff, 0x70,
    0x0, 0x0, 0x4, 0xff, 0x30, 0x0, 0x0, 0xd,
    0xff, 0xd0, 0x0, 0x0, 0x8f, 0x77, 0xf8, 0x0,
    0x3, 0xfd, 0x0, 0xdf, 0x30, 0xd, 0xf3, 0x0,
    0x3f, 0xd0, 0x8f, 0x90, 0x0, 0x9, 0xf8,

    /* U+0079 "y" */
    0x7f, 0x60, 0x0, 0x1, 0xfa, 0x2f, 0xb0, 0x0,
    0x7, 0xf4, 0xc, 0xf1, 0x0, 0xd, 0xe0, 0x6,
    0xf7, 0x0, 0x2f, 0x90, 0x0, 0xfc, 0x0, 0x8f,
    0x30, 0x0, 0xaf, 0x20, 0xed, 0x0, 0x0, 0x4f,
    0x73, 0xf7, 0x0, 0x0, 0xe, 0xd8, 0xf1, 0x0,
    0x0, 0x8, 0xfd, 0xb0, 0x0, 0x0, 0x2, 0xff,
    0x50, 0x0, 0x0, 0x0, 0xdf, 0x0, 0x0, 0x0,
    0x1, 0xfa, 0x0, 0x0, 0x0, 0x8, 0xf4, 0x0,
    0x0, 0xc, 0xdf, 0xb0, 0x0, 0x0, 0xb, 0xfb,
    0x10, 0x0, 0x0,

    /* U+007A "z" */
    0x3f, 0xff, 0xff, 0xff, 0xf4, 0x17, 0x77, 0x77,
    0x9f, 0xe1, 0x0, 0x0, 0x0, 0xcf, 0x30, 0x0,
    0x0, 0xa, 0xf6, 0x0, 0x0, 0x0, 0x7f, 0xa0,
    0x0, 0x0, 0x4, 0xfc, 0x0, 0x0, 0x0, 0x2f,
    0xe1, 0x0, 0x0, 0x1, 0xdf, 0x40, 0x0, 0x0,
    0xb, 0xf7, 0x0, 0x0, 0x0, 0x7f, 0xe8, 0x88,
    0x88, 0x85, 0x9f, 0xff, 0xff, 0xff, 0xf9,

    /* U+007B "{" */
    0x0, 0x5, 0xdf, 0x30, 0x1, 0xfe, 0xa1, 0x0,
    0x5f, 0x50, 0x0, 0x6, 0xf3, 0x0, 0x0, 0x6f,
    0x30, 0x0, 0x7, 0xf2, 0x0, 0x0, 0x8f, 0x10,
    0x0, 0xd, 0xd0, 0x0, 0x4e, 0xe3, 0x0, 0x7,
    0xfa, 0x0, 0x0, 0x4, 0xf9, 0x0, 0x0, 0x9,
    0xf0, 0x0, 0x0, 0x7f, 0x20, 0x0, 0x6, 0xf3,
    0x0, 0x0, 0x6f, 0x30, 0x0, 0x6, 0xf3, 0x0,
    0x0, 0x4f, 0x50, 0x0, 0x1, 0xfe, 0x91, 0x0,
    0x5, 0xdf, 0x30,

    /* U+007C "|" */
    0x2f, 0x52, 0xf5, 0x2f, 0x52, 0xf5, 0x2f, 0x52,
    0xf5, 0x2f, 0x52, 0xf5, 0x2f, 0x52, 0xf5, 0x2f,
    0x52, 0xf5, 0x2f, 0x52, 0xf5, 0x2f, 0x52, 0xf5,
    0x2f, 0x52, 0xf5, 0x2f, 0x50,

    /* U+007D "}" */
    0x8f, 0xc2, 0x0, 0x4, 0xaf, 0xc0, 0x0, 0x0,
    0xaf, 0x0, 0x0, 0x8, 0xf1, 0x0, 0x0, 0x8f,
    0x10, 0x0, 0x8, 0xf2, 0x0, 0x0, 0x6f, 0x30,
    0x0, 0x2, 0xf9, 0x0, 0x0, 0x7, 0xfc, 0x10,
    0x0, 0x2d, 0xf2, 0x0, 0xe, 0xc2, 0x0, 0x5,
    0xf4, 0x0, 0x0, 0x7f, 0x20, 0x0, 0x8, 0xf1,
    0x0, 0x0, 0x8f, 0x10, 0x0, 0x8, 0xf0, 0x0,
    0x0, 0xaf, 0x0, 0x4, 0xbf, 0xb0, 0x0, 0x8f,
    0xc2, 0x0, 0x0,

    /* U+007E "~" */
    0x0, 0x0, 0x0, 0x0, 0x0, 0x0, 0x6d, 0xfe,
    0xa5, 0x0, 0x29, 0x2f, 0xff, 0xff, 0xff, 0xff,
    0xd2, 0x91, 0x1, 0x6b, 0xef, 0xb4, 0x0, 0x0,
    0x0, 0x0, 0x0, 0x0,

    /* U+00B0 "°" */
    0x6, 0xdd, 0x50, 0x4e, 0x44, 0xe3, 0x97, 0x0,
    0x79, 0xa6, 0x0, 0x6a, 0x5d, 0x11, 0xd5, 0x8,
    0xff, 0x80, 0x0, 0x0, 0x0,

    /* U+00B7 "·" */
    0x1, 0x3, 0xfc, 0x3f, 0xc0,

    /* U+2014 "—" */
    0x2, 0x22, 0x22, 0x22, 0x22, 0x22, 0x22, 0x22,
    0x22, 0x22, 0x20, 0x2f, 0xff, 0xff, 0xff, 0xff,
    0xff, 0xff, 0xff, 0xff, 0xff, 0xf2, 0x5, 0x55,
    0x55, 0x55, 0x55, 0x55, 0x55, 0x55, 0x55, 0x55,
    0x50,

    /* U+2026 "…" */
    0x1, 0x0, 0x0, 0x1, 0x10, 0x0, 0x0, 0x10,
    0xaf, 0x50, 0x0, 0xf, 0xf0, 0x0, 0x5, 0xfa,
    0xaf, 0x50, 0x0, 0xf, 0xf0, 0x0, 0x5, 0xfa,

    /* U+2103 "℃" */
    0x0, 0x37, 0x40, 0x0, 0x0, 0x3, 0x78, 0x85,
    0x0, 0x0, 0x7, 0xe9, 0xd9, 0x0, 0x2, 0xcf,
    0xff, 0xff, 0xe5, 0x0, 0xf, 0x20, 0x1e, 0x20,
    0x3f, 0xf9, 0x31, 0x27, 0xff, 0x50, 0x1f, 0x0,
    0xd, 0x30, 0xef, 0x50, 0x0, 0x0, 0x4f, 0xe0,
    0xb, 0x93, 0x8d, 0x6, 0xfa, 0x0, 0x0, 0x0,
    0xb, 0xd3, 0x1, 0xad, 0xb2, 0xb, 0xf4, 0x0,
    0x0, 0x0, 0x0, 0x0, 0x0, 0x0, 0x0, 0xe,
    0xf1, 0x0, 0x0, 0x0, 0x0, 0x0, 0x0, 0x0,
    0x0, 0xf, 0xf0, 0x0, 0x0, 0x0, 0x0, 0x0,
    0x0, 0x0, 0x0, 0xe, 0xf0, 0x0, 0x0, 0x0,
    0x0, 0x0, 0x0, 0x0, 0x0, 0xd, 0xf2, 0x0,
    0x0, 0x0, 0x0, 0x0, 0x0, 0x0, 0x0, 0x9,
    0xf6, 0x0, 0x0, 0x0, 0x6, 0xe6, 0x0, 0x0,
    0x0, 0x3, 0xfd, 0x0, 0x0, 0x0, 0xd, 0xf4,
    0x0, 0x0, 0x0, 0x0, 0xaf, 0xa0, 0x0, 0x0,
    0xaf, 0xc0, 0x0, 0x0, 0x0, 0x0, 0xc, 0xfe,
    0x98, 0x9e, 0xfd, 0x10, 0x0, 0x0, 0x0, 0x0,
    0x0, 0x7d, 0xff, 0xfe, 0x80, 0x0, 0x0, 0x0,
    0x0, 0x0, 0x0, 0x0, 0x1, 0x10, 0x0, 0x0,

    /* U+3001 "、" */
    0x1, 0x10, 0x0, 0xc, 0xe3, 0x0, 0x3, 0xff,
    0x40, 0x0, 0x4f, 0xf3, 0x0, 0xa, 0xf5, 0x0,
    0x2, 0x40,

    /* U+3002 "。" */
    0x1, 0x9c, 0xa1, 0x0, 0xcc, 0x6b, 0xe0, 0x2f,
    0x10, 0xe, 0x53, 0xf0, 0x0, 0xd5, 0xd, 0xa4,
    0x9f, 0x10, 0x2b, 0xfc, 0x30,

    /* U+3008 "〈" */
    0x0, 0x0, 0x0, 0x10, 0x0, 0x0, 0x7, 0xf1,
    0x0, 0x0, 0x1e, 0x80, 0x0, 0x0, 0x9e, 0x0,
    0x0, 0x2, 0xf5, 0x0, 0x0, 0xb, 0xc0, 0x0,
    0x0, 0x4f, 0x30, 0x0, 0x0, 0xda, 0x0, 0x0,
    0x6, 0xf2, 0x0, 0x0, 0x1e, 0x80, 0x0, 0x0,
    0xe, 0x80, 0x0, 0x0, 0x6, 0xf2, 0x0, 0x0,
    0x0, 0xdb, 0x0, 0x0, 0x0, 0x4f, 0x40, 0x0,
    0x0, 0xa, 0xd0, 0x0, 0x0, 0x2, 0xf6, 0x0,
    0x0, 0x0, 0x8e, 0x0, 0x0, 0x0, 0xe, 0x80,
    0x0, 0x0, 0x6, 0xf2,

    /* U+3009 "〉" */
    0x1, 0x0, 0x0, 0x0, 0x1f, 0x70, 0x0, 0x0,
    0x8, 0xe1, 0x0, 0x0, 0x0, 0xe9, 0x0, 0x0,
    0x0, 0x5f, 0x20, 0x0, 0x0, 0xc, 0xb0, 0x0,
    0x0, 0x3, 0xf4, 0x0, 0x0, 0x0, 0xad, 0x0,
    0x0, 0x0, 0x1f, 0x60, 0x0, 0x0, 0x8, 0xe1,
    0x0, 0x0, 0x8, 0xe0, 0x0, 0x0, 0x2f, 0x60,
    0x0, 0x0, 0xac, 0x0, 0x0, 0x3, 0xf4, 0x0,
    0x0, 0xc, 0xa0, 0x0, 0x0, 0x6f, 0x20, 0x0,
    0x0, 0xe8, 0x0, 0x0, 0x8, 0xe0, 0x0, 0x0,
    0x2f, 0x60, 0x0, 0x0,

    /* U+300A "《" */
    0x0, 0x0, 0x1, 0x0, 0x10, 0x0, 0x2, 0xe0,
    0x6a, 0x0, 0x0, 0xb5, 0x1e, 0x10, 0x0, 0x4c,
    0x9, 0x80, 0x0, 0xd, 0x32, 0xe0, 0x0, 0x6,
    0xa0, 0xb5, 0x0, 0x1, 0xe1, 0x4c, 0x0, 0x0,
    0x98, 0xd, 0x30, 0x0, 0x2e, 0x6, 0xa0, 0x0,
    0xb, 0x60, 0xe2, 0x0, 0x0, 0xa6, 0xe, 0x20,
    0x0, 0x2, 0xe1, 0x6b, 0x0, 0x0, 0x8, 0x90,
    0xc4, 0x0, 0x0, 0xd, 0x23, 0xd0, 0x0, 0x0,
    0x5b, 0xa, 0x60, 0x0, 0x0, 0xc5, 0x1e, 0x10,
    0x0, 0x3, 0xd0, 0x89, 0x0, 0x0, 0x9, 0x70,
    0xe2, 0x0, 0x0, 0x1e, 0x15, 0xb0,

    /* U+300B "》" */
    0x10, 0x1, 0x0, 0x0, 0xa, 0x60, 0xe2, 0x0,
    0x0, 0x1e, 0x15, 0xb0, 0x0, 0x0, 0x89, 0xc,
    0x40, 0x0, 0x0, 0xe2, 0x3d, 0x0, 0x0, 0x6,
    0xb0, 0xa7, 0x0, 0x0, 0xc, 0x41, 0xe1, 0x0,
    0x0, 0x3d, 0x8, 0x90, 0x0, 0x0, 0xa6, 0xe,
    0x20, 0x0, 0x2, 0xe0, 0x6b, 0x0, 0x0, 0x2e,
    0x6, 0xa0, 0x0, 0xb, 0x51, 0xe2, 0x0, 0x4,
    0xc0, 0x98, 0x0, 0x0, 0xd3, 0x2d, 0x0, 0x0,
    0x6a, 0xb, 0x50, 0x0, 0x1e, 0x15, 0xc0, 0x0,
    0x9, 0x80, 0xd3, 0x0, 0x2, 0xd0, 0x79, 0x0,
    0x0, 0xb5, 0x1e, 0x10, 0x0, 0x0,

    /* U+3010 "【" */
    0x11, 0x11, 0x11, 0xef, 0xff, 0xf8, 0xef, 0xff,
    0xe0, 0xef, 0xff, 0x70, 0xef, 0xff, 0x10, 0xef,
    0xfb, 0x0, 0xef, 0xf7, 0x0, 0xef, 0xf4, 0x0,
    0xef, 0xf3, 0x0, 0xef, 0xf1, 0x0, 0xef, 0xf2,
    0x0, 0xef, 0xf3, 0x0, 0xef, 0xf4, 0x0, 0xef,
    0xf7, 0x0, 0xef, 0xfb, 0x0, 0xef, 0xff, 0x10,
    0xef, 0xff, 0x70, 0xef, 0xff, 0xe0, 0xef, 0xff,
    0xf8,

    /* U+3011 "】" */
    0x11, 0x11, 0x11, 0x8f, 0xff, 0xfe, 0xe, 0xff,
    0xfe, 0x7, 0xff, 0xfe, 0x1, 0xff, 0xfe, 0x0,
    0xbf, 0xfe, 0x0, 0x7f, 0xfe, 0x0, 0x4f, 0xfe,
    0x0, 0x3f, 0xfe, 0x0, 0x2f, 0xfe, 0x0, 0x2f,
    0xfe, 0x0, 0x3f, 0xfe, 0x0, 0x4f, 0xfe, 0x0,
    0x8f, 0xfe, 0x0, 0xbf, 0xfe, 0x1, 0xff, 0xfe,
    0x7, 0xff, 0xfe, 0xe, 0xff, 0xfe, 0x8f, 0xff,
    0xfe,

    /* U+4E91 "云" */
    0x0, 0x0, 0x0, 0x0, 0x0, 0x0, 0x0, 0x0,
    0x0, 0x0, 0x6f, 0xff, 0xff, 0xff, 0xff, 0xff,
    0xff, 0x20, 0x0, 0x27, 0x77, 0x77, 0x77, 0x77,
    0x77, 0x77, 0x10, 0x0, 0x0, 0x0, 0x0, 0x0,
    0x0, 0x0, 0x0, 0x0, 0x0, 0x0, 0x0, 0x0,
    0x0, 0x0, 0x0, 0x0, 0x0, 0x0, 0x0, 0x0,
    0x0, 0x0, 0x0, 0x0, 0x0, 0x0, 0x38, 0x88,
    0x88, 0x88, 0x88, 0x88, 0x88, 0x88, 0x87, 0x5f,
    0xff, 0xff, 0xff, 0xff, 0xff, 0xff, 0xff, 0xfd,
    0x0, 0x0, 0x0, 0x7f, 0x40, 0x0, 0x0, 0x0,
    0x0, 0x0, 0x0, 0x0, 0xdc, 0x0, 0x0, 0x10,
    0x0, 0x0, 0x0, 0x0, 0x5, 0xf5, 0x0, 0x5,
    0xf4, 0x0, 0x0, 0x0, 0x0, 0xd, 0xd0, 0x0,
    0x1, 0xcf, 0x50, 0x0, 0x0, 0x0, 0x6f, 0x40,
    0x0, 0x0, 0xc, 0xf4, 0x0, 0x0, 0x1, 0xea,
    0x0, 0x0, 0x12, 0x35, 0xfe, 0x10, 0x7, 0x8c,
    0xfd, 0xce, 0xff, 0xff, 0xff, 0xff, 0xc0, 0xb,
    0xff, 0xdc, 0xb9, 0x87, 0x54, 0x32, 0x7, 0xf5,
    0x0, 0x0, 0x0, 0x0, 0x0, 0x0, 0x0, 0x0,
    0xd6, 0x0, 0x0, 0x0, 0x0, 0x0, 0x0, 0x0,
    0x0, 0x0,

    /* U+50CF "像" */
    0x0, 0x0, 0x6, 0x30, 0x9, 0x40, 0x0, 0x0,
    0x0, 0x0, 0x0, 0x0, 0xe, 0x90, 0x4f, 0xb7,
    0x77, 0x75, 0x0, 0x0, 0x0, 0x0, 0x4f, 0x41,
    0xef, 0xff, 0xff, 0xfc, 0x0, 0x0, 0x0, 0x0,
    0xce, 0x1c, 0xf3, 0x0, 0x4, 0xf6, 0x0, 0x0,
    0x0, 0x4, 0xf7, 0xbf, 0xff, 0xff, 0xff, 0xff,
    0xf9, 0x0, 0x0, 0xd, 0xf7, 0xff, 0xb8, 0x8b,
    0xf8, 0x88, 0xf9, 0x0, 0x0, 0x8f, 0xf0, 0x2f,
    0x70, 0x7, 0xf0, 0x0, 0xe9, 0x0, 0x5, 0xff,
    0xf0, 0xf, 0xff, 0xff, 0xff, 0xff, 0xf9, 0x0,
    0xe, 0xd8, 0xf0, 0x8, 0x88, 0xcf, 0xc9, 0xfa,
    0x84, 0x0, 0x3, 0x18, 0xf0, 0x2, 0x7c, 0xff,
    0xb1, 0xf5, 0x3d, 0x20, 0x0, 0x8, 0xf0, 0xdf,
    0xf9, 0x3a, 0xf5, 0xed, 0xfc, 0x10, 0x0, 0x8,
    0xf0, 0x33, 0x16, 0xef, 0xeb, 0x9f, 0x70, 0x0,
    0x0, 0x8, 0xf1, 0x6a, 0xff, 0x93, 0xdf, 0x3f,
    0x40, 0x0, 0x0, 0x8, 0xf0, 0xdc, 0x71, 0x6f,
    0xff, 0x1b, 0xd1, 0x0, 0x0, 0x8, 0xf0, 0x2,
    0x8e, 0xf9, 0x5f, 0x22, 0xfc, 0x10, 0x0, 0x8,
    0xf8, 0xff, 0xe9, 0x20, 0x6f, 0x10, 0x4f, 0xd0,
    0x0, 0x8, 0xf1, 0x84, 0x3, 0x97, 0xde, 0x0,
    0x4, 0x50, 0x0, 0x8, 0xf0, 0x0, 0x0, 0xdf,
    0xd3, 0x0, 0x0, 0x0, 0x0, 0x0, 0x0, 0x0,
    0x0, 0x0, 0x0, 0x0, 0x0, 0x0,

    /* U+5173 "关" */
    0x0, 0x0, 0x6, 0x0, 0x0, 0x0, 0x44, 0x0,
    0x0, 0x0, 0x0, 0x3, 0xf8, 0x0, 0x0, 0xc,
    0xd0, 0x0, 0x0, 0x0, 0x0, 0x6, 0xf5, 0x0,
    0x4, 0xf5, 0x0, 0x0, 0x0, 0x0, 0x0, 0xc,
    0xd0, 0x0, 0xcc, 0x0, 0x0, 0x0, 0x0, 0x46,
    0x66, 0x9f, 0x96, 0x9f, 0x96, 0x66, 0x60, 0x0,
    0xc, 0xff, 0xff, 0xff, 0xff, 0xff, 0xff, 0xfe,
    0x0, 0x0, 0x0, 0x0, 0x0, 0x5f, 0x20, 0x0,
    0x0, 0x0, 0x0, 0x0, 0x0, 0x0, 0x5, 0xf1,
    0x0, 0x0, 0x0, 0x0, 0x0, 0x0, 0x0, 0x0,
    0x6f, 0x10, 0x0, 0x0, 0x0, 0x0, 0x78, 0x88,
    0x88, 0x8b, 0xf8, 0x88, 0x88, 0x88, 0x81, 0xe,
    0xff, 0xff, 0xff, 0xff, 0xff, 0xff, 0xff, 0xff,
    0x10, 0x0, 0x0, 0x0, 0x1f, 0x9b, 0xf1, 0x0,
    0x0, 0x0, 0x0, 0x0, 0x0, 0xa, 0xf2, 0x3f,
    0x90, 0x0, 0x0, 0x0, 0x0, 0x0, 0x7, 0xf7,
    0x0, 0xaf, 0x50, 0x0, 0x0, 0x0, 0x0, 0x8,
    0xfa, 0x0, 0x1, 0xef, 0x40, 0x0, 0x0, 0x0,
    0x3d, 0xfa, 0x0, 0x0, 0x3, 0xef, 0x70, 0x0,
    0x4, 0xbf, 0xf7, 0x0, 0x0, 0x0, 0x1, 0xcf,
    0xd4, 0x1, 0xdf, 0x92, 0x0, 0x0, 0x0, 0x0,
    0x0, 0x6e, 0xd1, 0x1, 0x0, 0x0, 0x0, 0x0,
    0x0, 0x0, 0x0, 0x1, 0x0,

    /* U+5185 "内" */
    0x0, 0x0, 0x0, 0x5, 0x60, 0x0, 0x0, 0x0,
    0x0, 0x0, 0x0, 0xa, 0xc0, 0x0, 0x0, 0x0,
    0x0, 0x0, 0x0, 0xa, 0xc0, 0x0, 0x0, 0x0,
    0x1, 0x11, 0x11, 0x1b, 0xc1, 0x11, 0x11, 0x10,
    0x7f, 0xff, 0xff, 0xff, 0xff, 0xff, 0xff, 0xf5,
    0x7f, 0x65, 0x55, 0x5d, 0xc5, 0x55, 0x56, 0xf5,
    0x7f, 0x10, 0x0, 0xd, 0xa0, 0x0, 0x1, 0xf5,
    0x7f, 0x10, 0x0, 0xf, 0xa0, 0x0, 0x1, 0xf5,
    0x7f, 0x10, 0x0, 0x2f, 0xf7, 0x0, 0x1, 0xf5,
    0x7f, 0x10, 0x0, 0x9f, 0xcf, 0x80, 0x1, 0xf5,
    0x7f, 0x10, 0x4, 0xf8, 0xc, 0xf6, 0x1, 0xf5,
    0x7f, 0x10, 0x5f, 0xc0, 0x0, 0xcf, 0x31, 0xf5,
    0x7f, 0x29, 0xfc, 0x10, 0x0, 0x2f, 0xd1, 0xf5,
    0x7f, 0x3e, 0x90, 0x0, 0x0, 0x5, 0x51, 0xf5,
    0x7f, 0x11, 0x0, 0x0, 0x0, 0x0, 0x1, 0xf5,
    0x7f, 0x10, 0x0, 0x0, 0x0, 0x0, 0x1, 0xf5,
    0x7f, 0x10, 0x0, 0x0, 0x0, 0x3, 0x79, 0xf5,
    0x7f, 0x10, 0x0, 0x0, 0x0, 0x2, 0xff, 0xc1,
    0x13, 0x0, 0x0, 0x0, 0x0, 0x0, 0x0, 0x0,

    /* U+51C0 "净" */
    0x0, 0x0, 0x0, 0x0, 0x34, 0x0, 0x0, 0x0,
    0x0, 0x1, 0x0, 0x0, 0x0, 0xbe, 0x0, 0x0,
    0x0, 0x0, 0x8f, 0x50, 0x0, 0x3, 0xfc, 0x88,
    0x87, 0x0, 0x0, 0xa, 0xf8, 0x0, 0xd, 0xff,
    0xff, 0xff, 0x0, 0x0, 0x0, 0xbf, 0x50, 0x9f,
    0x50, 0x4, 0xf8, 0x0, 0x0, 0x0, 0x9, 0x19,
    0xfe, 0x88, 0x8e, 0xf8, 0x87, 0x0, 0x0, 0x0,
    0x7f, 0xaf, 0xff, 0xff, 0xff, 0xfe, 0x0, 0x0,
    0x0, 0x3, 0x0, 0x0, 0xf8, 0x0, 0xae, 0x0,
    0x0, 0x0, 0x7, 0x77, 0x77, 0xfb, 0x77, 0xcf,
    0x73, 0x0, 0x0, 0x1f, 0xff, 0xff, 0xff, 0xff,
    0xff, 0xf7, 0x0, 0x6, 0x20, 0x0, 0x0, 0xf8,
    0x0, 0xae, 0x0, 0x0, 0xe, 0x90, 0x0, 0x0,
    0xf8, 0x0, 0xae, 0x0, 0x0, 0x4f, 0x40, 0xef,
    0xff, 0xff, 0xff, 0xfe, 0x0, 0x0, 0xce, 0x0,
    0x78, 0x88, 0xfc, 0x88, 0x87, 0x0, 0x4, 0xf8,
    0x0, 0x0, 0x0, 0xf8, 0x0, 0x0, 0x0, 0xc,
    0xe0, 0x0, 0x0, 0x0, 0xf8, 0x0, 0x0, 0x0,
    0x7f, 0x50, 0x0, 0x0, 0x66, 0xf8, 0x0, 0x0,
    0x0, 0x6, 0x0, 0x0, 0x0, 0xaf, 0xe2, 0x0,
    0x0, 0x0, 0x0, 0x0, 0x0, 0x0, 0x0, 0x0,
    0x0, 0x0, 0x0,

    /* U+52A1 "务" */
    0x0, 0x0, 0x0, 0x43, 0x0, 0x0, 0x0, 0x0,
    0x0, 0x0, 0x0, 0x0, 0xe, 0xc0, 0x0, 0x0,
    0x0, 0x0, 0x0, 0x0, 0x0, 0x8, 0xff, 0xff,
    0xff, 0xff, 0xf0, 0x0, 0x0, 0x0, 0x5, 0xff,
    0xa8, 0x88, 0x8a, 0xfd, 0x0, 0x0, 0x0, 0x8,
    0xfc, 0xde, 0x30, 0x3, 0xed, 0x10, 0x0, 0x0,
    0x5e, 0xfc, 0x11, 0xcf, 0x78, 0xfc, 0x10, 0x0,
    0x0, 0x3, 0xe8, 0x0, 0x0, 0xbf, 0xfc, 0x0,
    0x0, 0x0, 0x0, 0x0, 0x0, 0x4, 0xbf, 0xed,
    0xfc, 0x50, 0x0, 0x0, 0x0, 0x26, 0xae, 0xfe,
    0x80, 0x6, 0xdf, 0xfb, 0x63, 0x3, 0xff, 0xff,
    0xa5, 0x6, 0xd1, 0x0, 0x38, 0xdf, 0xfa, 0x9,
    0x76, 0x33, 0x33, 0x8f, 0x33, 0x33, 0x32, 0x15,
    0x10, 0x6, 0xff, 0xff, 0xff, 0xff, 0xff, 0xff,
    0xb0, 0x0, 0x0, 0x14, 0x44, 0x44, 0xec, 0x44,
    0x44, 0xea, 0x0, 0x0, 0x0, 0x0, 0x0, 0x4f,
    0x60, 0x0, 0xf, 0x80, 0x0, 0x0, 0x0, 0x0,
    0x4f, 0xc0, 0x0, 0x2, 0xf6, 0x0, 0x0, 0x0,
    0x3, 0xaf, 0xc1, 0x0, 0x0, 0x5f, 0x30, 0x0,
    0x6, 0xae, 0xff, 0x80, 0x0, 0x5a, 0x8d, 0xe0,
    0x0, 0x0, 0x6f, 0xb6, 0x0, 0x0, 0x2, 0xdf,
    0xe5, 0x0, 0x0, 0x0, 0x0, 0x0, 0x0, 0x0,
    0x0, 0x0, 0x0, 0x0, 0x0,

    /* U+52A8 "动" */
    0x0, 0x0, 0x0, 0x0, 0x0, 0x7, 0x40, 0x0,
    0x0, 0x0, 0x0, 0x0, 0x0, 0x0, 0xf9, 0x0,
    0x0, 0x6, 0x66, 0x66, 0x66, 0x0, 0xf, 0x90,
    0x0, 0x2, 0xff, 0xff, 0xff, 0xf0, 0x0, 0xf9,
    0x0, 0x0, 0x0, 0x0, 0x0, 0x0, 0x0, 0xf,
    0x90, 0x0, 0x0, 0x0, 0x0, 0x0, 0x0, 0xee,
    0xff, 0xee, 0xe9, 0x78, 0x88, 0x88, 0x88, 0x67,
    0x7f, 0xc7, 0x7f, 0xae, 0xff, 0xff, 0xff, 0xfc,
    0x0, 0xf8, 0x0, 0xf9, 0x0, 0x8, 0xf2, 0x0,
    0x0, 0xf, 0x80, 0xf, 0x70, 0x0, 0xeb, 0x0,
    0x0, 0x1, 0xf6, 0x2, 0xf6, 0x0, 0x6f, 0x30,
    0x20, 0x0, 0x3f, 0x40, 0x3f, 0x50, 0xd, 0xb0,
    0x1f, 0x90, 0x7, 0xf1, 0x5, 0xf3, 0x7, 0xf3,
    0x3, 0xcf, 0x70, 0xcd, 0x0, 0x7f, 0x23, 0xfd,
    0xaf, 0xff, 0xdf, 0x7f, 0x70, 0x9, 0xf0, 0x6f,
    0xfe, 0x94, 0x1, 0xef, 0xe0, 0x0, 0xbe, 0x0,
    0x73, 0x0, 0x0, 0x2e, 0xf4, 0x0, 0xe, 0xc0,
    0x0, 0x0, 0x0, 0x7f, 0xf6, 0x5, 0x89, 0xf8,
    0x0, 0x0, 0x0, 0xc, 0xe4, 0x0, 0x5f, 0xfb,
    0x10, 0x0, 0x0, 0x0, 0x10, 0x0, 0x0, 0x0,
    0x0, 0x0,

    /* U+5316 "化" */
    0x0, 0x0, 0x0, 0x81, 0x1, 0x30, 0x0, 0x0,
    0x0, 0x0, 0x0, 0x0, 0x5f, 0x30, 0x7f, 0x10,
    0x0, 0x0, 0x0, 0x0, 0x0, 0xb, 0xe0, 0x7,
    0xf1, 0x0, 0x0, 0x0, 0x0, 0x0, 0x2, 0xf8,
    0x0, 0x7f, 0x10, 0x0, 0x3d, 0x30, 0x0, 0x0,
    0xaf, 0x20, 0x7, 0xf1, 0x0, 0x2e, 0xe1, 0x0,
    0x0, 0x2f, 0xb0, 0x0, 0x7f, 0x10, 0x1d, 0xf3,
    0x0, 0x0, 0xc, 0xfa, 0x0, 0x7, 0xf1, 0x2d,
    0xf4, 0x0, 0x0, 0x8, 0xff, 0xa0, 0x0, 0x7f,
    0x5e, 0xe4, 0x0, 0x0, 0x6, 0xfb, 0xea, 0x0,
    0x7, 0xff, 0xd2, 0x0, 0x0, 0x0, 0xed, 0x1e,
    0xa0, 0x0, 0x7f, 0x90, 0x0, 0x0, 0x0, 0x2,
    0x10, 0xea, 0x0, 0x7, 0xf1, 0x0, 0x0, 0x0,
    0x0, 0x0, 0xe, 0xa0, 0x0, 0x7f, 0x10, 0x0,
    0x0, 0x0, 0x0, 0x0, 0xea, 0x0, 0x7, 0xf1,
    0x0, 0x0, 0x8, 0x30, 0x0, 0xe, 0xa0, 0x0,
    0x7f, 0x10, 0x0, 0x0, 0xea, 0x0, 0x0, 0xea,
    0x0, 0x7, 0xf1, 0x0, 0x0, 0x1f, 0x70, 0x0,
    0xe, 0xa0, 0x0, 0x6f, 0x30, 0x0, 0x8, 0xf4,
    0x0, 0x0, 0xea, 0x0, 0x2, 0xff, 0xff, 0xff,
    0xfc, 0x0, 0x0, 0xe, 0xa0, 0x0, 0x3, 0x78,
    0x88, 0x86, 0x10,

    /* U+542F "启" */
    0x0, 0x0, 0x0, 0x0, 0x0, 0x0, 0x0, 0x0,
    0x0, 0x0, 0x0, 0x0, 0xb, 0xd4, 0x0, 0x0,
    0x0, 0x0, 0x0, 0x0, 0x0, 0x3d, 0xf6, 0x0,
    0x0, 0x0, 0x0, 0x26, 0x66, 0x66, 0x7f, 0xa6,
    0x66, 0x65, 0x0, 0x7, 0xff, 0xff, 0xff, 0xff,
    0xff, 0xff, 0xd0, 0x0, 0x7f, 0x11, 0x11, 0x11,
    0x11, 0x11, 0xbd, 0x0, 0x7, 0xf1, 0x0, 0x0,
    0x0, 0x0, 0xb, 0xd0, 0x0, 0x7f, 0x54, 0x44,
    0x44, 0x44, 0x44, 0xcd, 0x0, 0x7, 0xff, 0xff,
    0xff, 0xff, 0xff, 0xff, 0xd0, 0x0, 0x7f, 0x33,
    0x33, 0x33, 0x33, 0x33, 0x32, 0x0, 0x7, 0xf0,
    0x0, 0x0, 0x0, 0x0, 0x0, 0x0, 0x0, 0x7f,
    0x2f, 0xff, 0xff, 0xff, 0xff, 0xf7, 0x0, 0x8,
    0xf2, 0xfa, 0x88, 0x88, 0x88, 0x8f, 0x70, 0x0,
    0xad, 0x2f, 0x50, 0x0, 0x0, 0x1, 0xf7, 0x0,
    0xe, 0xa2, 0xf5, 0x0, 0x0, 0x0, 0x1f, 0x70,
    0x6, 0xf5, 0x2f, 0x50, 0x0, 0x0, 0x1, 0xf7,
    0x1, 0xed, 0x2, 0xff, 0xff, 0xff, 0xff, 0xff,
    0x70, 0xdf, 0x40, 0x2f, 0xa8, 0x88, 0x88, 0x88,
    0xf7, 0x9, 0x70, 0x2, 0xf5, 0x0, 0x0, 0x0,
    0x1f, 0x70, 0x0, 0x0, 0x0, 0x0, 0x0, 0x0,
    0x0, 0x0,

    /* U+5668 "器" */
    0x0, 0x7e, 0xee, 0xee, 0xe2, 0x3f, 0xff, 0xff,
    0xf7, 0x0, 0x0, 0x8f, 0x99, 0x9b, 0xf3, 0x3f,
    0xb9, 0x99, 0xf7, 0x0, 0x0, 0x8f, 0x0, 0x6,
    0xf3, 0x3f, 0x50, 0x1, 0xf7, 0x0, 0x0, 0x8f,
    0x55, 0x59, 0xf3, 0x3f, 0x85, 0x56, 0xf7, 0x0,
    0x0, 0x8f, 0xff, 0xff, 0xf7, 0x5f, 0xff, 0xff,
    0xf7, 0x0, 0x0, 0x12, 0x22, 0x22, 0x2e, 0xa2,
    0x22, 0x22, 0x20, 0x0, 0x1, 0x88, 0x88, 0x88,
    0x8f, 0xb8, 0x88, 0x88, 0x88, 0x10, 0x2, 0xff,
    0xff, 0xff, 0xff, 0xff, 0xff, 0xff, 0xff, 0x20,
    0x0, 0x0, 0x1, 0x6e, 0xe3, 0x6f, 0xc4, 0x0,
    0x0, 0x0, 0x8, 0xab, 0xef, 0xfa, 0x10, 0x3,
    0xcf, 0xfc, 0xa9, 0x80, 0x9, 0xdc, 0x96, 0x21,
    0x10, 0x1, 0x13, 0x7b, 0xde, 0x90, 0x0, 0x5f,
    0xff, 0xff, 0xf3, 0x2f, 0xff, 0xff, 0xf4, 0x0,
    0x0, 0x5f, 0x86, 0x69, 0xf3, 0x2f, 0x96, 0x68,
    0xf4, 0x0, 0x0, 0x5f, 0x40, 0x6, 0xf3, 0x2f,
    0x50, 0x4, 0xf4, 0x0, 0x0, 0x5f, 0x97, 0x7a,
    0xf3, 0x2f, 0xa7, 0x79, 0xf4, 0x0, 0x0, 0x5f,
    0xff, 0xff, 0xf3, 0x2f, 0xff, 0xff, 0xf4, 0x0,
    0x0, 0x5f, 0x51, 0x16, 0xf3, 0x2f, 0x50, 0x4,
    0xf4, 0x0,

    /* U+5728 "在" */
    0x0, 0x0, 0x0, 0x2, 0x50, 0x0, 0x0, 0x0,
    0x0, 0x0, 0x0, 0x0, 0x0, 0x8f, 0x20, 0x0,
    0x0, 0x0, 0x0, 0x0, 0x0, 0x0, 0xd, 0xc0,
    0x0, 0x0, 0x0, 0x0, 0x0, 0x8, 0x88, 0x89,
    0xfc, 0x88, 0x88, 0x88, 0x88, 0x70, 0x0, 0xff,
    0xff, 0xff, 0xff, 0xff, 0xff, 0xff, 0xfe, 0x0,
    0x0, 0x0, 0x3f, 0x90, 0x0, 0x0, 0x0, 0x0,
    0x0, 0x0, 0x0, 0xb, 0xf1, 0x0, 0x8, 0xf0,
    0x0, 0x0, 0x0, 0x0, 0x6, 0xf7, 0x0, 0x0,
    0x8f, 0x0, 0x0, 0x0, 0x0, 0x3, 0xff, 0x60,
    0x0, 0x8, 0xf0, 0x0, 0x0, 0x0, 0x2, 0xef,
    0xf6, 0x38, 0x88, 0xcf, 0x88, 0x88, 0x30, 0x2,
    0xef, 0x5f, 0x66, 0xff, 0xff, 0xff, 0xff, 0xf5,
    0x0, 0xbf, 0x32, 0xf6, 0x0, 0x0, 0x8f, 0x0,
    0x0, 0x0, 0x0, 0x20, 0x2f, 0x60, 0x0, 0x8,
    0xf0, 0x0, 0x0, 0x0, 0x0, 0x2, 0xf6, 0x0,
    0x0, 0x8f, 0x0, 0x0, 0x0, 0x0, 0x0, 0x2f,
    0x60, 0x0, 0x8, 0xf0, 0x0, 0x0, 0x0, 0x0,
    0x2, 0xf6, 0x55, 0x55, 0xaf, 0x55, 0x55, 0x52,
    0x0, 0x0, 0x2f, 0x6f, 0xff, 0xff, 0xff, 0xff,
    0xff, 0x60, 0x0, 0x2, 0xf6, 0x22, 0x22, 0x22,
    0x22, 0x22, 0x21,

    /* U+5733 "圳" */
    0x0, 0x0, 0x0, 0x0, 0x10, 0x0, 0x0, 0x0,
    0x10, 0x0, 0x8, 0x70, 0x3, 0xf5, 0x0, 0x0,
    0x7, 0xf1, 0x0, 0xd, 0xb0, 0x3, 0xf5, 0x0,
    0x0, 0x7, 0xf1, 0x0, 0xd, 0xb0, 0x3, 0xf5,
    0x3, 0xf3, 0x7, 0xf1, 0x0, 0xd, 0xb0, 0x3,
    0xf5, 0x4, 0xf3, 0x7, 0xf1, 0x0, 0xd, 0xb0,
    0x3, 0xf5, 0x4, 0xf3, 0x7, 0xf1, 0x5f, 0xff,
    0xff, 0xf4, 0xf5, 0x4, 0xf3, 0x7, 0xf1, 0x38,
    0x8e, 0xd8, 0x84, 0xf5, 0x4, 0xf3, 0x7, 0xf1,
    0x0, 0xd, 0xb0, 0x3, 0xf5, 0x4, 0xf3, 0x7,
    0xf1, 0x0, 0xd, 0xb0, 0x3, 0xf4, 0x4, 0xf3,
    0x7, 0xf1, 0x0, 0xd, 0xb1, 0x87, 0xf4, 0x4,
    0xf3, 0x7, 0xf1, 0x0, 0xd, 0xff, 0xf9, 0xf2,
    0x4, 0xf3, 0x7, 0xf1, 0x27, 0xdf, 0xd7, 0x18,
    0xf0, 0x4, 0xf3, 0x7, 0xf1, 0x8f, 0xa4, 0x0,
    0xe, 0xb0, 0x4, 0xf3, 0x7, 0xf1, 0x1, 0x0,
    0x0, 0x7f, 0x50, 0x4, 0xf3, 0x7, 0xf1, 0x0,
    0x0, 0x3, 0xfc, 0x0, 0x1, 0x71, 0x7, 0xf1,
    0x0, 0x0, 0x4f, 0xe1, 0x0, 0x0, 0x0, 0x7,
    0xf1, 0x0, 0x0, 0x5d, 0x20, 0x0, 0x0, 0x0,
    0x7, 0xf1, 0x0, 0x0, 0x0, 0x0, 0x0, 0x0,
    0x0, 0x0, 0x0,

    /* U+5883 "境" */
    0x0, 0x1, 0x40, 0x0, 0x0, 0x5, 0xa0, 0x0,
    0x0, 0x0, 0x0, 0x7, 0xf1, 0x0, 0x0, 0x8,
    0xf0, 0x0, 0x0, 0x0, 0x0, 0x7, 0xf1, 0xb,
    0xff, 0xff, 0xff, 0xff, 0xf7, 0x0, 0x0, 0x7,
    0xf1, 0x6, 0x8d, 0xc8, 0x88, 0xdb, 0x83, 0x0,
    0x0, 0x7, 0xf1, 0x0, 0xc, 0xf1, 0x2, 0xf9,
    0x0, 0x0, 0x6, 0xff, 0xff, 0xda, 0xbc, 0xfd,
    0xbd, 0xfb, 0xbb, 0x20, 0x3, 0x8b, 0xf8, 0x6b,
    0xdd, 0xdd, 0xdd, 0xdd, 0xdd, 0x30, 0x0, 0x7,
    0xf1, 0x0, 0x56, 0x66, 0x66, 0x66, 0x40, 0x0,
    0x0, 0x7, 0xf1, 0x0, 0xff, 0xff, 0xff, 0xff,
    0xc0, 0x0, 0x0, 0x7, 0xf1, 0x0, 0xf9, 0x22,
    0x22, 0x2c, 0xc0, 0x0, 0x0, 0x7, 0xf4, 0x91,
    0xff, 0xff, 0xff, 0xff, 0xc0, 0x0, 0x0, 0x9,
    0xff, 0xe0, 0xfa, 0x44, 0x44, 0x4d, 0xc0, 0x0,
    0x1a, 0xff, 0xc5, 0x0, 0xff, 0xff, 0xff, 0xff,
    0xc0, 0x0, 0xb, 0xa3, 0x0, 0x0, 0x78, 0xfc,
    0x8f, 0xb8, 0x60, 0x0, 0x0, 0x0, 0x0, 0x0,
    0x5, 0xf5, 0x1f, 0x70, 0x1, 0x0, 0x0, 0x0,
    0x0, 0x0, 0x4e, 0xd0, 0x1f, 0x70, 0x8, 0xd0,
    0x0, 0x0, 0x25, 0x7c, 0xfe, 0x20, 0xf, 0xb6,
    0x6e, 0xb0, 0x0, 0x0, 0x2f, 0xfd, 0x70, 0x0,
    0x9, 0xff, 0xfe, 0x30, 0x0, 0x0, 0x1, 0x10,
    0x0, 0x0, 0x0, 0x0, 0x0, 0x0,

    /* U+5916 "外" */
    0x0, 0x0, 0x0, 0x0, 0x0, 0x0, 0x0, 0x0,
    0x0, 0x0, 0x0, 0x0, 0xd, 0x70, 0x0, 0x0,
    0x6e, 0x10, 0x0, 0x0, 0x0, 0x0, 0x1f, 0x90,
    0x0, 0x0, 0x7f, 0x10, 0x0, 0x0, 0x0, 0x0,
    0x4f, 0x60, 0x0, 0x0, 0x7f, 0x10, 0x0, 0x0,
    0x0, 0x0, 0x9f, 0x85, 0x55, 0x40, 0x7f, 0x10,
    0x0, 0x0, 0x0, 0x0, 0xef, 0xff, 0xff, 0xb0,
    0x7f, 0x10, 0x0, 0x0, 0x0, 0x6, 0xf7, 0x11,
    0x2f, 0x94, 0xaf, 0x10, 0x0, 0x0, 0x0, 0xe,
    0xd0, 0x0, 0x3f, 0x6e, 0xff, 0x10, 0x0, 0x0,
    0x0, 0x9f, 0x50, 0x0, 0x7f, 0x25, 0xff, 0x10,
    0x0, 0x0, 0x6, 0xf9, 0x21, 0x0, 0xcd, 0x0,
    0xbf, 0x40, 0x0, 0x0, 0x4, 0xa1, 0xef, 0x53,
    0xf7, 0x0, 0x7f, 0xe1, 0x0, 0x0, 0x0, 0x0,
    0x3d, 0xfd, 0xe1, 0x0, 0x7f, 0xfd, 0x10, 0x0,
    0x0, 0x0, 0x1, 0xdf, 0x60, 0x0, 0x7f, 0x6f,
    0xd1, 0x0, 0x0, 0x0, 0x3, 0xfc, 0x0, 0x0,
    0x7f, 0x16, 0xfd, 0x20, 0x0, 0x0, 0x3e, 0xe1,
    0x0, 0x0, 0x7f, 0x10, 0x5f, 0xd0, 0x0, 0x5,
    0xfe, 0x20, 0x0, 0x0, 0x7f, 0x10, 0x3, 0x30,
    0x1, 0x9f, 0xd2, 0x0, 0x0, 0x0, 0x7f, 0x10,
    0x0, 0x0, 0x1e, 0xfa, 0x0, 0x0, 0x0, 0x0,
    0x7f, 0x10, 0x0, 0x0, 0x7, 0x40, 0x0, 0x0,
    0x0, 0x0, 0x7f, 0x10, 0x0, 0x0,

    /* U+591A "多" */
    0x0, 0x0, 0x0, 0x0, 0x79, 0x10, 0x0, 0x0,
    0x0, 0x0, 0x0, 0x0, 0x7, 0xfb, 0x0, 0x0,
    0x0, 0x0, 0x0, 0x0, 0x1, 0xaf, 0xf9, 0x99,
    0x99, 0x40, 0x0, 0x0, 0x0, 0x7e, 0xff, 0xff,
    0xff, 0xff, 0x70, 0x0, 0x2, 0x9e, 0xfc, 0x40,
    0x0, 0x5, 0xfc, 0x0, 0x0, 0x3, 0xeb, 0x4b,
    0xe4, 0x0, 0x8f, 0xc1, 0x0, 0x0, 0x0, 0x0,
    0x1, 0xbf, 0x8e, 0xfe, 0x20, 0x0, 0x0, 0x0,
    0x0, 0x2, 0x8f, 0xfc, 0x9f, 0x90, 0x0, 0x0,
    0x2, 0x59, 0xef, 0xfa, 0x34, 0xff, 0x87, 0x77,
    0x71, 0xd, 0xff, 0xb5, 0x10, 0x8f, 0xff, 0xff,
    0xff, 0xf3, 0x2, 0x20, 0x0, 0x4d, 0xfa, 0x10,
    0x0, 0x1e, 0xd0, 0x0, 0x0, 0x5c, 0xfe, 0x60,
    0x0, 0x0, 0xbf, 0x30, 0x0, 0xd, 0xfe, 0x72,
    0xec, 0x10, 0x1b, 0xf5, 0x0, 0x0, 0x3, 0x60,
    0x0, 0x4f, 0xc6, 0xef, 0x50, 0x0, 0x0, 0x0,
    0x0, 0x0, 0x9, 0xff, 0xc2, 0x0, 0x0, 0x0,
    0x0, 0x1, 0x5a, 0xff, 0xd5, 0x0, 0x0, 0x0,
    0x3, 0x6a, 0xdf, 0xfe, 0x94, 0x0, 0x0, 0x0,
    0x0, 0xc, 0xff, 0xb8, 0x30, 0x0, 0x0, 0x0,
    0x0, 0x0, 0x1, 0x20, 0x0, 0x0, 0x0, 0x0,
    0x0, 0x0, 0x0,

    /* U+5BA4 "室" */
    0x0, 0x0, 0x0, 0x0, 0xa8, 0x0, 0x0, 0x0,
    0x0, 0x0, 0x0, 0x0, 0x0, 0xeb, 0x0, 0x0,
    0x0, 0x0, 0xd, 0xff, 0xff, 0xff, 0xff, 0xff,
    0xff, 0xff, 0xd0, 0xe, 0xd8, 0x88, 0x88, 0x88,
    0x88, 0x88, 0x8d, 0xe0, 0xe, 0xa0, 0x11, 0x11,
    0x11, 0x11, 0x11, 0xa, 0xe0, 0xe, 0xa9, 0xff,
    0xff, 0xff, 0xff, 0xff, 0x9a, 0xe0, 0xb, 0x83,
    0x66, 0x7f, 0xb6, 0x66, 0x66, 0x37, 0x90, 0x0,
    0x0, 0x0, 0x9f, 0x20, 0x9, 0xb1, 0x0, 0x0,
    0x0, 0x0, 0x2, 0xf9, 0x0, 0x7, 0xfd, 0x20,
    0x0, 0x0, 0x25, 0x5c, 0xf8, 0x78, 0x89, 0xef,
    0xe1, 0x0, 0x0, 0x6f, 0xff, 0xfe, 0xdc, 0xcb,
    0xa9, 0xfc, 0x0, 0x0, 0x2, 0x10, 0x0, 0x89,
    0x0, 0x0, 0x53, 0x0, 0x0, 0x25, 0x55, 0x55,
    0xdd, 0x55, 0x55, 0x53, 0x0, 0x0, 0x9f, 0xff,
    0xff, 0xff, 0xff, 0xff, 0xfa, 0x0, 0x0, 0x12,
    0x22, 0x22, 0xcc, 0x22, 0x22, 0x21, 0x0, 0x0,
    0x0, 0x0, 0x0, 0xbc, 0x0, 0x0, 0x0, 0x0,
    0x17, 0x77, 0x77, 0x77, 0xde, 0x77, 0x77, 0x77,
    0x71, 0x2f, 0xff, 0xff, 0xff, 0xff, 0xff, 0xff,
    0xff, 0xf2,

    /* U+5DF2 "已" */
    0x14, 0x44, 0x44, 0x44, 0x44, 0x44, 0x44, 0x0,
    0x4, 0xff, 0xff, 0xff, 0xff, 0xff, 0xff, 0xf0,
    0x0, 0x3, 0x33, 0x33, 0x33, 0x33, 0x33, 0xaf,
    0x0, 0x0, 0x0, 0x0, 0x0, 0x0, 0x0, 0x9,
    0xf0, 0x0, 0x0, 0x0, 0x0, 0x0, 0x0, 0x0,
    0x9f, 0x0, 0x0, 0x7f, 0x10, 0x0, 0x0, 0x0,
    0x9, 0xf0, 0x0, 0x7, 0xf4, 0x33, 0x33, 0x33,
    0x33, 0xbf, 0x0, 0x0, 0x7f, 0xff, 0xff, 0xff,
    0xff, 0xff, 0xf0, 0x0, 0x7, 0xf4, 0x33, 0x33,
    0x33, 0x33, 0xbf, 0x0, 0x0, 0x7f, 0x10, 0x0,
    0x0, 0x0, 0x4, 0x60, 0x0, 0x7, 0xf1, 0x0,
    0x0, 0x0, 0x0, 0x0, 0x0, 0x0, 0x7f, 0x10,
    0x0, 0x0, 0x0, 0x0, 0x0, 0x20, 0x7, 0xf1,
    0x0, 0x0, 0x0, 0x0, 0x0, 0x1f, 0x70, 0x7f,
    0x10, 0x0, 0x0, 0x0, 0x0, 0x4, 0xf5, 0x7,
    0xf4, 0x0, 0x0, 0x0, 0x0, 0x1, 0xbf, 0x10,
    0x3f, 0xff, 0xff, 0xff, 0xff, 0xff, 0xff, 0x70,
    0x0, 0x47, 0x77, 0x77, 0x77, 0x77, 0x77, 0x30,
    0x0,

    /* U+5EA6 "度" */
    0x0, 0x0, 0x0, 0x0, 0x8, 0x80, 0x0, 0x0,
    0x0, 0x0, 0x0, 0x0, 0x0, 0x0, 0xdc, 0x0,
    0x0, 0x0, 0x0, 0x1, 0xff, 0xff, 0xff, 0xff,
    0xff, 0xff, 0xff, 0xfa, 0x0, 0x1f, 0xb8, 0x88,
    0x88, 0x88, 0x88, 0x88, 0x88, 0x50, 0x1, 0xf7,
    0x0, 0x6c, 0x0, 0x0, 0x7c, 0x0, 0x0, 0x0,
    0x1f, 0x87, 0x7b, 0xf7, 0x77, 0x7c, 0xf7, 0x77,
    0x10, 0x1, 0xfa, 0xff, 0xff, 0xff, 0xff, 0xff,
    0xff, 0xf3, 0x0, 0x1f, 0x70, 0x7, 0xf0, 0x0,
    0x9, 0xf0, 0x0, 0x0, 0x1, 0xf7, 0x0, 0x7f,
    0x76, 0x66, 0xbf, 0x0, 0x0, 0x0, 0x1f, 0x60,
    0x7, 0xff, 0xff, 0xff, 0xe0, 0x0, 0x0, 0x1,
    0xf6, 0x12, 0x22, 0x22, 0x22, 0x22, 0x20, 0x0,
    0x0, 0x2f, 0x6c, 0xff, 0xff, 0xff, 0xff, 0xff,
    0x40, 0x0, 0x3, 0xf5, 0x23, 0xee, 0x43, 0x33,
    0x5f, 0xe1, 0x0, 0x0, 0x5f, 0x30, 0x3, 0xfc,
    0x10, 0x4e, 0xe3, 0x0, 0x0, 0x8, 0xf0, 0x0,
    0x4, 0xfe, 0xaf, 0xd2, 0x0, 0x0, 0x0, 0xdc,
    0x0, 0x0, 0x4c, 0xff, 0xf7, 0x20, 0x0, 0x0,
    0x5f, 0x74, 0x6a, 0xef, 0xe7, 0x5b, 0xff, 0xda,
    0x75, 0xa, 0xd1, 0xef, 0xd9, 0x40, 0x0, 0x1,
    0x6a, 0xef, 0xc0, 0x1, 0x1, 0x0, 0x0, 0x0,
    0x0, 0x0, 0x0, 0x11, 0x0,

    /* U+5F00 "开" */
    0x1, 0x88, 0x88, 0x88, 0x88, 0x88, 0x88, 0x88,
    0x82, 0x0, 0x2f, 0xff, 0xff, 0xff, 0xff, 0xff,
    0xff, 0xff, 0x40, 0x0, 0x0, 0x0, 0xf7, 0x0,
    0x0, 0xf8, 0x0, 0x0, 0x0, 0x0, 0x0, 0xf,
    0x70, 0x0, 0xf, 0x80, 0x0, 0x0, 0x0, 0x0,
    0x0, 0xf7, 0x0, 0x0, 0xf8, 0x0, 0x0, 0x0,
    0x0, 0x0, 0xf, 0x70, 0x0, 0xf, 0x80, 0x0,
    0x0, 0x5, 0x66, 0x66, 0xfa, 0x66, 0x66, 0xfb,
    0x66, 0x66, 0x0, 0xef, 0xff, 0xff, 0xff, 0xff,
    0xff, 0xff, 0xff, 0xf1, 0x0, 0x11, 0x11, 0xf7,
    0x11, 0x11, 0xf8, 0x11, 0x11, 0x0, 0x0, 0x0,
    0x2f, 0x60, 0x0, 0xf, 0x80, 0x0, 0x0, 0x0,
    0x0, 0x5, 0xf3, 0x0, 0x0, 0xf8, 0x0, 0x0,
    0x0, 0x0, 0x0, 0x9f, 0x0, 0x0, 0xf, 0x80,
    0x0, 0x0, 0x0, 0x0, 0x1f, 0xa0, 0x0, 0x0,
    0xf8, 0x0, 0x0, 0x0, 0x0, 0xc, 0xf2, 0x0,
    0x0, 0xf, 0x80, 0x0, 0x0, 0x0, 0x1c, 0xf6,
    0x0, 0x0, 0x0, 0xf8, 0x0, 0x0, 0x0, 0x8f,
    0xf6, 0x0, 0x0, 0x0, 0xf, 0x80, 0x0, 0x0,
    0x9, 0xb2, 0x0, 0x0, 0x0, 0x0, 0xf8, 0x0,
    0x0, 0x0,

    /* U+603B "总" */
    0x0, 0x0, 0x75, 0x0, 0x0, 0x0, 0x80, 0x0,
    0x0, 0x0, 0x0, 0xaf, 0x60, 0x0, 0x9, 0xf1,
    0x0, 0x0, 0x0, 0x0, 0xa, 0xf3, 0x0, 0x5f,
    0x80, 0x0, 0x0, 0x0, 0x0, 0x0, 0xd8, 0x1,
    0xea, 0x0, 0x0, 0x0, 0x0, 0x6, 0xff, 0xff,
    0xff, 0xff, 0xfe, 0x0, 0x0, 0x0, 0x7, 0xf8,
    0x88, 0x88, 0x88, 0xce, 0x0, 0x0, 0x0, 0x7,
    0xf1, 0x0, 0x0, 0x0, 0x9e, 0x0, 0x0, 0x0,
    0x7, 0xf1, 0x0, 0x0, 0x0, 0x9e, 0x0, 0x0,
    0x0, 0x7, 0xf1, 0x0, 0x0, 0x0, 0x9e, 0x0,
    0x0, 0x0, 0x7, 0xf2, 0x11, 0x11, 0x11, 0xae,
    0x0, 0x0, 0x0, 0x7, 0xff, 0xff, 0xff, 0xff,
    0xfe, 0x0, 0x0, 0x0, 0x2, 0x55, 0x55, 0x76,
    0x55, 0x55, 0x0, 0x0, 0x0, 0x5, 0xc, 0x80,
    0xcc, 0x0, 0x0, 0x71, 0x0, 0x0, 0x4f, 0x4e,
    0x90, 0x2e, 0xa0, 0x2, 0xde, 0x20, 0x2, 0xec,
    0xe, 0x90, 0x6, 0xe1, 0x3a, 0x3e, 0xd0, 0x3e,
    0xe1, 0xe, 0xa0, 0x0, 0x10, 0x8f, 0x13, 0xf8,
    0x5d, 0x20, 0xc, 0xff, 0xff, 0xff, 0xf9, 0x0,
    0x51, 0x0, 0x0, 0x1, 0x67, 0x77, 0x77, 0x50,
    0x0, 0x0,

    /* U+6302 "挂" */
    0x0, 0x6, 0xe1, 0x0, 0x0, 0x1, 0xe6, 0x0,
    0x0, 0x0, 0x0, 0x6f, 0x10, 0x0, 0x0, 0x1f,
    0x70, 0x0, 0x0, 0x0, 0x6, 0xf1, 0x0, 0x22,
    0x23, 0xf8, 0x22, 0x20, 0x0, 0x0, 0x6f, 0x10,
    0x3f, 0xff, 0xff, 0xff, 0xff, 0x70, 0xe, 0xff,
    0xff, 0xf7, 0x55, 0x56, 0xfa, 0x55, 0x52, 0x0,
    0x67, 0xaf, 0x87, 0x20, 0x0, 0x1f, 0x70, 0x0,
    0x0, 0x0, 0x6, 0xf1, 0x0, 0x0, 0x1, 0xf7,
    0x0, 0x0, 0x0, 0x0, 0x6f, 0x10, 0xff, 0xff,
    0xff, 0xff, 0xff, 0xfb, 0x0, 0x6, 0xf1, 0x4a,
    0x88, 0x88, 0xa8, 0x88, 0x88, 0x50, 0x0, 0x6f,
    0xef, 0x50, 0x0, 0x1f, 0x70, 0x0, 0x0, 0x3,
    0x9f, 0xfc, 0x40, 0x0, 0x1, 0xf7, 0x0, 0x0,
    0x2, 0xff, 0xdf, 0x10, 0x48, 0x88, 0x8f, 0xb8,
    0x88, 0x60, 0x2, 0x16, 0xf1, 0x8, 0xff, 0xff,
    0xff, 0xff, 0xfb, 0x0, 0x0, 0x6f, 0x10, 0x0,
    0x0, 0x1f, 0x70, 0x0, 0x0, 0x0, 0x6, 0xf1,
    0x0, 0x0, 0x1, 0xf7, 0x0, 0x0, 0x0, 0x0,
    0x6f, 0x13, 0x44, 0x44, 0x5f, 0x94, 0x44, 0x44,
    0x4, 0x8c, 0xf1, 0xcf, 0xff, 0xff, 0xff, 0xff,
    0xff, 0xf0, 0x2f, 0xe8, 0x1, 0x22, 0x22, 0x22,
    0x22, 0x22, 0x22,

    /* U+63A2 "探" */
    0x0, 0x5, 0xc0, 0x0, 0x0, 0x0, 0x0, 0x0,
    0x0, 0x0, 0x0, 0x7, 0xf1, 0x7, 0x88, 0x88,
    0x88, 0x88, 0x87, 0x0, 0x0, 0x7, 0xf1, 0xe,
    0xff, 0xff, 0xff, 0xff, 0xfe, 0x0, 0x0, 0x7,
    0xf1, 0xe, 0x90, 0x93, 0x6, 0x90, 0x9e, 0x0,
    0x3, 0x49, 0xf5, 0x3c, 0x84, 0xf6, 0x9, 0xf0,
    0x7c, 0x0, 0xd, 0xff, 0xff, 0xe0, 0x1d, 0xf1,
    0x9, 0xf0, 0x4, 0x30, 0x0, 0x7, 0xf1, 0x2,
    0xdf, 0x60, 0x9, 0xf6, 0x5e, 0xd0, 0x0, 0x7,
    0xf1, 0xe, 0xf8, 0x0, 0xaa, 0xff, 0xff, 0x40,
    0x0, 0x7, 0xf1, 0x25, 0x50, 0x1, 0xf7, 0x1,
    0x10, 0x0, 0x0, 0x7, 0xfc, 0xf4, 0x77, 0x77,
    0xfa, 0x77, 0x77, 0x0, 0x2, 0x8e, 0xfd, 0x6a,
    0xff, 0xff, 0xff, 0xff, 0xff, 0x20, 0x2f, 0xec,
    0xf1, 0x0, 0x2, 0xf9, 0xf8, 0xf6, 0x0, 0x0,
    0x3, 0x7, 0xf1, 0x0, 0x9, 0xf3, 0xf7, 0xbd,
    0x0, 0x0, 0x0, 0x7, 0xf1, 0x0, 0x5f, 0x81,
    0xf7, 0x3f, 0x80, 0x0, 0x0, 0x7, 0xf1, 0x5,
    0xfc, 0x1, 0xf7, 0x9, 0xf7, 0x0, 0x0, 0x7,
    0xf1, 0x9f, 0xc0, 0x1, 0xf7, 0x0, 0xaf, 0xa1,
    0x3, 0x7b, 0xf0, 0x58, 0x0, 0x1, 0xf7, 0x0,
    0x7, 0xa0, 0x1, 0xff, 0xa0, 0x0, 0x0, 0x1,
    0xf7, 0x0, 0x0, 0x0,

    /* U+63A7 "控" */
    0x0, 0x0, 0x93, 0x0, 0x0, 0x0, 0x63, 0x0,
    0x0, 0x0, 0x0, 0x1f, 0x70, 0x0, 0x0, 0xf,
    0x80, 0x0, 0x0, 0x0, 0x1, 0xf7, 0x2, 0x55,
    0x55, 0xfa, 0x55, 0x55, 0x0, 0x0, 0x1f, 0x70,
    0x6f, 0xff, 0xff, 0xff, 0xff, 0xf1, 0x9, 0xff,
    0xff, 0xf9, 0xf2, 0x10, 0x0, 0x0, 0x7f, 0x10,
    0x58, 0x8f, 0xb8, 0x8f, 0x18, 0xc0, 0x5f, 0x26,
    0xf1, 0x0, 0x1, 0xf7, 0x6, 0xf2, 0xea, 0x5,
    0xf2, 0x6f, 0x10, 0x0, 0x1f, 0x70, 0x0, 0xaf,
    0x30, 0x5f, 0x52, 0xc5, 0x0, 0x1, 0xf7, 0x65,
    0xbf, 0x80, 0x3, 0xff, 0xff, 0x50, 0x0, 0x1f,
    0xff, 0x6a, 0x70, 0x0, 0x2, 0x44, 0x30, 0x1,
    0x7e, 0xfc, 0x31, 0x88, 0x88, 0x88, 0x88, 0x86,
    0x1, 0xef, 0xdf, 0x70, 0x3f, 0xff, 0xff, 0xff,
    0xff, 0xb0, 0x6, 0x51, 0xf7, 0x0, 0x0, 0x0,
    0xf8, 0x0, 0x0, 0x0, 0x0, 0x1f, 0x70, 0x0,
    0x0, 0xf, 0x80, 0x0, 0x0, 0x0, 0x1, 0xf7,
    0x0, 0x0, 0x0, 0xf8, 0x0, 0x0, 0x0, 0x0,
    0x1f, 0x70, 0x11, 0x11, 0x1f, 0x91, 0x11, 0x11,
    0x3, 0x9a, 0xf6, 0x5f, 0xff, 0xff, 0xff, 0xff,
    0xff, 0xe0, 0x1f, 0xfc, 0x11, 0x66, 0x66, 0x66,
    0x66, 0x66, 0x65,

    /* U+6444 "摄" */
    0x0, 0x2, 0xc3, 0x0, 0x0, 0x0, 0x0, 0x0,
    0x0, 0x0, 0x0, 0x3, 0xf4, 0xc, 0xff, 0xff,
    0xff, 0xff, 0xff, 0x30, 0x0, 0x3, 0xf4, 0x6,
    0x8e, 0xd8, 0x88, 0xcf, 0x88, 0x20, 0x0, 0x3,
    0xf4, 0x0, 0xd, 0xfe, 0xee, 0xff, 0x0, 0x0,
    0x5, 0xee, 0xfe, 0xed, 0xd, 0xd7, 0x77, 0xbf,
    0x0, 0x0, 0x3, 0xab, 0xfb, 0xa9, 0xd, 0xff,
    0xff, 0xff, 0x0, 0x0, 0x0, 0x3, 0xf4, 0x0,
    0xd, 0xc4, 0x44, 0xaf, 0x23, 0x30, 0x0, 0x3,
    0xf4, 0x5, 0xaf, 0xec, 0xef, 0xff, 0xff, 0xa0,
    0x0, 0x3, 0xfa, 0xe6, 0xa9, 0x87, 0x65, 0xaf,
    0x32, 0x0, 0x0, 0x2a, 0xff, 0xe5, 0x33, 0x32,
    0x33, 0x68, 0x33, 0x0, 0x9, 0xff, 0xf7, 0xff,
    0xff, 0xfa, 0xff, 0xff, 0xff, 0x0, 0x4, 0x96,
    0xf4, 0x46, 0x49, 0xf3, 0xdc, 0x44, 0xfc, 0x0,
    0x0, 0x3, 0xf4, 0x9f, 0xac, 0xe0, 0x7f, 0x16,
    0xf5, 0x0, 0x0, 0x3, 0xf4, 0x6, 0xff, 0x80,
    0x1e, 0xcf, 0xb0, 0x0, 0x0, 0x3, 0xf4, 0x1,
    0xef, 0xf3, 0x8, 0xff, 0x10, 0x0, 0x0, 0x3,
    0xf4, 0x1d, 0xf5, 0xd5, 0x8f, 0xef, 0xa0, 0x0,
    0x0, 0x9a, 0xf8, 0xef, 0x40, 0x9f, 0xfa, 0x15,
    0xfe, 0x70, 0x0, 0xcf, 0xd2, 0xc3, 0x0, 0x7a,
    0x20, 0x0, 0x2b, 0x90, 0x0, 0x0, 0x0, 0x0,
    0x0, 0x0, 0x0, 0x0, 0x0, 0x0,

    /* U+663E "显" */
    0x0, 0x4, 0x88, 0x88, 0x88, 0x88, 0x88, 0x10,
    0x0, 0x0, 0x9, 0xff, 0xff, 0xff, 0xff, 0xff,
    0x30, 0x0, 0x0, 0x9, 0xf0, 0x0, 0x0, 0x0,
    0x5f, 0x30, 0x0, 0x0, 0x9, 0xff, 0xff, 0xff,
    0xff, 0xff, 0x30, 0x0, 0x0, 0x9, 0xf8, 0x88,
    0x88, 0x88, 0xaf, 0x30, 0x0, 0x0, 0x9, 0xf0,
    0x0, 0x0, 0x0, 0x5f, 0x30, 0x0, 0x0, 0x9,
    0xff, 0xff, 0xff, 0xff, 0xff, 0x30, 0x0, 0x0,
    0x4, 0x88, 0x88, 0x88, 0x88, 0x88, 0x10, 0x0,
    0x0, 0x0, 0x0, 0x75, 0x1, 0x83, 0x0, 0x0,
    0x0, 0xb, 0x90, 0x0, 0xea, 0x2, 0xf6, 0x0,
    0x5d, 0x0, 0x6, 0xf7, 0x0, 0xea, 0x2, 0xf6,
    0x0, 0xdc, 0x0, 0x0, 0x9f, 0x30, 0xea, 0x2,
    0xf6, 0x6, 0xf4, 0x0, 0x0, 0x1e, 0xc0, 0xea,
    0x2, 0xf6, 0x3f, 0xb0, 0x0, 0x0, 0x7, 0xf2,
    0xea, 0x2, 0xf6, 0xde, 0x10, 0x0, 0x12, 0x23,
    0x42, 0xea, 0x23, 0xf7, 0x34, 0x22, 0x20, 0xff,
    0xff, 0xff, 0xff, 0xff, 0xff, 0xff, 0xff, 0xf6,
    0x55, 0x55, 0x55, 0x55, 0x55, 0x55, 0x55, 0x55,
    0x52,

    /* U+6674 "晴" */
    0x0, 0x0, 0x0, 0x0, 0x0, 0xb, 0x60, 0x0,
    0x0, 0x13, 0x33, 0x31, 0x2, 0x22, 0x2f, 0x92,
    0x22, 0x20, 0x8f, 0xff, 0xf8, 0x5f, 0xff, 0xff,
    0xff, 0xff, 0xe0, 0x8f, 0x44, 0xf8, 0x14, 0x44,
    0x4f, 0xa4, 0x44, 0x30, 0x8f, 0x0, 0xf8, 0x1,
    0xff, 0xff, 0xff, 0xfd, 0x0, 0x8f, 0x0, 0xf8,
    0x0, 0x66, 0x6f, 0xb6, 0x65, 0x0, 0x8f, 0x22,
    0xf8, 0x88, 0x88, 0x8f, 0xc8, 0x88, 0x86, 0x8f,
    0xff, 0xf8, 0xff, 0xff, 0xff, 0xff, 0xff, 0xfb,
    0x8f, 0x44, 0xf8, 0x1, 0x44, 0x44, 0x44, 0x44,
    0x0, 0x8f, 0x0, 0xf8, 0x5, 0xff, 0xff, 0xff,
    0xff, 0x0, 0x8f, 0x0, 0xf8, 0x5, 0xf3, 0x11,
    0x11, 0x7f, 0x0, 0x8f, 0x0, 0xf8, 0x5, 0xff,
    0xff, 0xff, 0xff, 0x0, 0x8f, 0xff, 0xf8, 0x5,
    0xf7, 0x66, 0x66, 0xaf, 0x0, 0x8f, 0x88, 0xf8,
    0x5, 0xf5, 0x33, 0x33, 0x8f, 0x0, 0x8f, 0x0,
    0xa6, 0x5, 0xff, 0xff, 0xff, 0xff, 0x0, 0x1,
    0x0, 0x0, 0x5, 0xf5, 0x33, 0x33, 0x9f, 0x0,
    0x0, 0x0, 0x0, 0x5, 0xf2, 0x0, 0x45, 0xbf,
    0x0, 0x0, 0x0, 0x0, 0x5, 0xf2, 0x0, 0x8f,
    0xf7, 0x0,

    /* U+6700 "最" */
    0x0, 0x0, 0x77, 0x77, 0x77, 0x77, 0x77, 0x71,
    0x0, 0x0, 0x0, 0x1f, 0xff, 0xff, 0xff, 0xff,
    0xff, 0x40, 0x0, 0x0, 0x1, 0xf8, 0x44, 0x44,
    0x44, 0x47, 0xf4, 0x0, 0x0, 0x0, 0x1f, 0xff,
    0xff, 0xff, 0xff, 0xff, 0x40, 0x0, 0x0, 0x1,
    0xf8, 0x33, 0x33, 0x33, 0x36, 0xf4, 0x0, 0x0,
    0x0, 0x1f, 0xff, 0xff, 0xff, 0xff, 0xff, 0x40,
    0x0, 0x4, 0x55, 0x77, 0x77, 0x77, 0x77, 0x77,
    0x75, 0x55, 0x0, 0xdf, 0xff, 0xff, 0xff, 0xff,
    0xff, 0xff, 0xff, 0xf1, 0x0, 0x1f, 0x70, 0x0,
    0x9f, 0x25, 0x55, 0x55, 0x51, 0x0, 0x0, 0xff,
    0xff, 0xff, 0xf7, 0xff, 0xff, 0xff, 0x0, 0x0,
    0xf, 0xb7, 0x77, 0xcf, 0x18, 0xf2, 0x2c, 0xb0,
    0x0, 0x0, 0xfa, 0x55, 0x5b, 0xf0, 0x2f, 0x52,
    0xf5, 0x0, 0x0, 0xf, 0xff, 0xff, 0xff, 0x0,
    0xad, 0xce, 0x0, 0x0, 0x0, 0xf7, 0x0, 0x1a,
    0xf0, 0x1, 0xff, 0x50, 0x0, 0x5, 0x7f, 0xdc,
    0xef, 0xff, 0x0, 0x9f, 0xfc, 0x20, 0x0, 0xae,
    0xc9, 0x75, 0x29, 0xf4, 0xdf, 0x52, 0xdf, 0x91,
    0x0, 0x0, 0x0, 0x0, 0x9f, 0x7c, 0x20, 0x0,
    0x7b, 0x10, 0x0, 0x0, 0x0, 0x0, 0x0, 0x0,
    0x0, 0x0, 0x0,

    /* U+670D "服" */
    0x1, 0x88, 0x88, 0x84, 0x8, 0x88, 0x88, 0x88,
    0x70, 0x0, 0x3f, 0xff, 0xff, 0x81, 0xff, 0xff,
    0xff, 0xfd, 0x0, 0x3, 0xf5, 0x0, 0xf8, 0x1f,
    0x60, 0x0, 0xd, 0xb0, 0x0, 0x3f, 0x50, 0xf,
    0x81, 0xf6, 0x0, 0x0, 0xf9, 0x0, 0x3, 0xf6,
    0x22, 0xf8, 0x1f, 0x60, 0x99, 0x9f, 0x50, 0x0,
    0x3f, 0xff, 0xff, 0x81, 0xf6, 0x8, 0xee, 0x90,
    0x0, 0x3, 0xf8, 0x55, 0xf8, 0x1f, 0x70, 0x0,
    0x0, 0x0, 0x0, 0x3f, 0x50, 0xf, 0x81, 0xff,
    0xff, 0xff, 0xfe, 0x0, 0x3, 0xf5, 0x0, 0xf8,
    0x1f, 0xad, 0xd7, 0x7d, 0xb0, 0x0, 0x3f, 0xa7,
    0x7f, 0x81, 0xf6, 0x9e, 0x0, 0xf8, 0x0, 0x3,
    0xff, 0xff, 0xf8, 0x1f, 0x65, 0xf3, 0x4f, 0x40,
    0x0, 0x4f, 0x30, 0xf, 0x81, 0xf6, 0xf, 0xaa,
    0xe0, 0x0, 0x5, 0xf2, 0x0, 0xf8, 0x1f, 0x60,
    0x9f, 0xf8, 0x0, 0x0, 0x8e, 0x0, 0xf, 0x81,
    0xf6, 0x1, 0xff, 0x20, 0x0, 0xd, 0xa0, 0x0,
    0xf8, 0x1f, 0x60, 0x6f, 0xfc, 0x20, 0x4, 0xf4,
    0x38, 0x9f, 0x81, 0xf6, 0x5f, 0xa4, 0xef, 0x60,
    0x9a, 0x2, 0xff, 0xd2, 0x1f, 0x9e, 0x70, 0x1,
    0x99, 0x0, 0x0, 0x0, 0x0, 0x0, 0x0, 0x0,
    0x0, 0x0, 0x0,

    /* U+672A "未" */
    0x0, 0x0, 0x0, 0x0, 0x1, 0x0, 0x0, 0x0,
    0x0, 0x0, 0x0, 0x0, 0x0, 0xaf, 0x0, 0x0,
    0x0, 0x0, 0x0, 0x0, 0x0, 0x0, 0xaf, 0x0,
    0x0, 0x0, 0x0, 0x0, 0x0, 0x0, 0x0, 0xaf,
    0x0, 0x0, 0x0, 0x0, 0x0, 0x4f, 0xff, 0xff,
    0xff, 0xff, 0xff, 0xf8, 0x0, 0x0, 0x28, 0x88,
    0x88, 0xdf, 0x88, 0x88, 0x84, 0x0, 0x0, 0x0,
    0x0, 0x0, 0xaf, 0x0, 0x0, 0x0, 0x0, 0x0,
    0x0, 0x0, 0x0, 0xaf, 0x0, 0x0, 0x0, 0x0,
    0x2, 0x33, 0x33, 0x33, 0xbf, 0x33, 0x33, 0x33,
    0x30, 0x9, 0xff, 0xff, 0xff, 0xff, 0xff, 0xff,
    0xff, 0xf0, 0x2, 0x33, 0x33, 0x9f, 0xef, 0xec,
    0x33, 0x33, 0x30, 0x0, 0x0, 0x2, 0xfb, 0x8f,
    0x6f, 0x40, 0x0, 0x0, 0x0, 0x0, 0x2e, 0xe1,
    0x8f, 0xc, 0xe2, 0x0, 0x0, 0x0, 0x3, 0xee,
    0x20, 0x8f, 0x1, 0xee, 0x20, 0x0, 0x0, 0x6f,
    0xe2, 0x0, 0x8f, 0x0, 0x3e, 0xf5, 0x0, 0x2b,
    0xfc, 0x10, 0x0, 0x8f, 0x0, 0x1, 0xcf, 0xb3,
    0x4f, 0x70, 0x0, 0x0, 0x8f, 0x0, 0x0, 0x6,
    0xea, 0x0, 0x0, 0x0, 0x0, 0x8f, 0x0, 0x0,
    0x0, 0x0, 0x0, 0x0, 0x0, 0x0, 0x8f, 0x0,
    0x0, 0x0, 0x0, 0x0, 0x0, 0x0, 0x0, 0x0,
    0x0, 0x0, 0x0, 0x0,

    /* U+673A "机" */
    0x0, 0x3, 0xd3, 0x0, 0x0, 0x0, 0x0, 0x0,
    0x0, 0x0, 0x0, 0x4f, 0x40, 0x0, 0x77, 0x77,
    0x77, 0x0, 0x0, 0x0, 0x4, 0xf4, 0x0, 0x1f,
    0xff, 0xff, 0xf1, 0x0, 0x0, 0x0, 0x4f, 0x40,
    0x1, 0xf7, 0x0, 0x7f, 0x10, 0x0, 0x4f, 0xff,
    0xff, 0xff, 0x1f, 0x70, 0x7, 0xf1, 0x0, 0x2,
    0x88, 0xcf, 0xa8, 0x81, 0xf7, 0x0, 0x7f, 0x10,
    0x0, 0x0, 0xb, 0xf4, 0x0, 0x1f, 0x70, 0x7,
    0xf1, 0x0, 0x0, 0x0, 0xff, 0xc3, 0x1, 0xf7,
    0x0, 0x7f, 0x10, 0x0, 0x0, 0x6f, 0xff, 0xe1,
    0x1f, 0x70, 0x7, 0xf1, 0x0, 0x0, 0xd, 0xff,
    0x8f, 0x81, 0xf7, 0x0, 0x7f, 0x10, 0x0, 0x7,
    0xf9, 0xf4, 0xbe, 0x1f, 0x70, 0x7, 0xf1, 0x0,
    0x4, 0xfb, 0x5f, 0x44, 0x21, 0xf7, 0x0, 0x7f,
    0x10, 0x0, 0x9e, 0x15, 0xf4, 0x0, 0x2f, 0x50,
    0x7, 0xf1, 0x0, 0x0, 0x10, 0x5f, 0x40, 0x6,
    0xf3, 0x0, 0x7f, 0x10, 0xb1, 0x0, 0x5, 0xf4,
    0x0, 0xce, 0x0, 0x7, 0xf1, 0x3f, 0x50, 0x0,
    0x5f, 0x40, 0x7f, 0x60, 0x0, 0x7f, 0x17, 0xf1,
    0x0, 0x5, 0xf4, 0x4f, 0xc0, 0x0, 0x6, 0xfe,
    0xfc, 0x0, 0x0, 0x5f, 0x4a, 0xd1, 0x0, 0x0,
    0x7, 0x98, 0x20, 0x0, 0x0, 0x0, 0x0, 0x0,
    0x0, 0x0, 0x0, 0x0, 0x0,

    /* U+6B63 "正" */
    0x2, 0x22, 0x22, 0x22, 0x22, 0x22, 0x22, 0x21,
    0x7, 0xff, 0xff, 0xff, 0xff, 0xff, 0xff, 0xff,
    0xa0, 0x25, 0x55, 0x55, 0x59, 0xf7, 0x55, 0x55,
    0x53, 0x0, 0x0, 0x0, 0x0, 0x5f, 0x30, 0x0,
    0x0, 0x0, 0x0, 0x0, 0x0, 0x5, 0xf3, 0x0,
    0x0, 0x0, 0x0, 0x3, 0x60, 0x0, 0x5f, 0x30,
    0x0, 0x0, 0x0, 0x0, 0x8f, 0x0, 0x5, 0xf3,
    0x0, 0x0, 0x0, 0x0, 0x8, 0xf0, 0x0, 0x5f,
    0xa8, 0x88, 0x85, 0x0, 0x0, 0x8f, 0x0, 0x5,
    0xff, 0xff, 0xff, 0xa0, 0x0, 0x8, 0xf0, 0x0,
    0x5f, 0x30, 0x0, 0x0, 0x0, 0x0, 0x8f, 0x0,
    0x5, 0xf3, 0x0, 0x0, 0x0, 0x0, 0x8, 0xf0,
    0x0, 0x5f, 0x30, 0x0, 0x0, 0x0, 0x0, 0x8f,
    0x0, 0x5, 0xf3, 0x0, 0x0, 0x0, 0x0, 0x8,
    0xf0, 0x0, 0x5f, 0x30, 0x0, 0x0, 0x0, 0x55,
    0xbf, 0x55, 0x59, 0xf8, 0x55, 0x55, 0x55, 0x2f,
    0xff, 0xff, 0xff, 0xff, 0xff, 0xff, 0xff, 0xf6,
    0x11, 0x11, 0x11, 0x11, 0x11, 0x11, 0x11, 0x11,
    0x0,

    /* U+6BDB "毛" */
    0x0, 0x0, 0x0, 0x0, 0x0, 0x0, 0x1, 0x50,
    0x0, 0x0, 0x0, 0x0, 0x0, 0x3, 0x69, 0xdf,
    0xf7, 0x0, 0x16, 0x67, 0x8a, 0xcd, 0xff, 0xff,
    0xc7, 0x30, 0x0, 0xc, 0xff, 0xfe, 0xce, 0xf6,
    0x30, 0x0, 0x0, 0x0, 0x1, 0x11, 0x0, 0x9,
    0xe0, 0x0, 0x0, 0x0, 0x0, 0x0, 0x0, 0x0,
    0x9, 0xe0, 0x0, 0x2, 0x40, 0x0, 0x0, 0x0,
    0x24, 0x6c, 0xfb, 0xde, 0xff, 0xf2, 0x0, 0x2,
    0xef, 0xff, 0xff, 0xfc, 0xa9, 0x75, 0x30, 0x0,
    0x1, 0x97, 0x53, 0x19, 0xe0, 0x0, 0x0, 0x0,
    0x0, 0x0, 0x0, 0x0, 0x9, 0xe0, 0x0, 0x0,
    0x0, 0x0, 0x0, 0x0, 0x0, 0x9, 0xf4, 0x57,
    0x9b, 0xce, 0xf0, 0x5, 0x78, 0xac, 0xef, 0xff,
    0xff, 0xfe, 0xca, 0x80, 0x1f, 0xff, 0xdb, 0xad,
    0xf6, 0x42, 0x0, 0x0, 0x32, 0x3, 0x10, 0x0,
    0x9, 0xe0, 0x0, 0x0, 0x0, 0x9e, 0x0, 0x0,
    0x0, 0x9, 0xe0, 0x0, 0x0, 0x0, 0xca, 0x0,
    0x0, 0x0, 0x9, 0xf1, 0x0, 0x0, 0x4, 0xf5,
    0x0, 0x0, 0x0, 0x5, 0xff, 0xff, 0xff, 0xff,
    0xc0, 0x0, 0x0, 0x0, 0x0, 0x47, 0x77, 0x77,
    0x75, 0x0,

    /* U+6C14 "气" */
    0x0, 0x0, 0x0, 0x0, 0x0, 0x0, 0x0, 0x0,
    0x0, 0x0, 0x0, 0x0, 0x9a, 0x0, 0x0, 0x0,
    0x0, 0x0, 0x0, 0x0, 0x0, 0x0, 0xcc, 0x0,
    0x0, 0x0, 0x0, 0x0, 0x0, 0x0, 0x0, 0x0,
    0xff, 0xff, 0xff, 0xff, 0xff, 0xff, 0xff, 0x20,
    0x0, 0x4, 0xfa, 0x88, 0x88, 0x88, 0x88, 0x88,
    0x88, 0x10, 0x0, 0xa, 0xf0, 0x0, 0x0, 0x0,
    0x0, 0x0, 0x0, 0x0, 0x0, 0x2f, 0xae, 0xff,
    0xff, 0xff, 0xff, 0xff, 0x70, 0x0, 0x0, 0xaf,
    0x27, 0x88, 0x88, 0x88, 0x88, 0x88, 0x40, 0x0,
    0x4, 0xf9, 0x12, 0x22, 0x22, 0x22, 0x22, 0x20,
    0x0, 0x0, 0xe, 0xe1, 0x9f, 0xff, 0xff, 0xff,
    0xff, 0xf4, 0x0, 0x0, 0x5, 0x30, 0x35, 0x55,
    0x55, 0x55, 0x58, 0xf4, 0x0, 0x0, 0x0, 0x0,
    0x0, 0x0, 0x0, 0x0, 0x4, 0xf4, 0x0, 0x0,
    0x0, 0x0, 0x0, 0x0, 0x0, 0x0, 0x3, 0xf5,
    0x0, 0x0, 0x0, 0x0, 0x0, 0x0, 0x0, 0x0,
    0x0, 0xf7, 0x0, 0x0, 0x0, 0x0, 0x0, 0x0,
    0x0, 0x0, 0x0, 0xdb, 0x1, 0x20, 0x0, 0x0,
    0x0, 0x0, 0x0, 0x0, 0x0, 0x9f, 0x15, 0xf2,
    0x0, 0x0, 0x0, 0x0, 0x0, 0x0, 0x0, 0x2f,
    0xa7, 0xf0, 0x0, 0x0, 0x0, 0x0, 0x0, 0x0,
    0x0, 0xa, 0xfe, 0xa0, 0x0, 0x0, 0x0, 0x0,
    0x0, 0x0, 0x0, 0x0, 0xbd, 0x20,

    /* U+6D4B "测" */
    0x0, 0x40, 0x0, 0x0, 0x0, 0x0, 0x0, 0x0,
    0xa6, 0x4, 0xfb, 0x11, 0x66, 0x66, 0x66, 0x0,
    0x0, 0xe9, 0x0, 0x5f, 0xc3, 0xff, 0xff, 0xff,
    0x10, 0x0, 0xe9, 0x0, 0x4, 0xf6, 0xf5, 0x22,
    0x7f, 0x13, 0x70, 0xe9, 0x0, 0x0, 0x12, 0xf3,
    0x43, 0x5f, 0x16, 0xe0, 0xe9, 0x7, 0x70, 0x2,
    0xf3, 0xc9, 0x5f, 0x16, 0xe0, 0xe9, 0x6, 0xfb,
    0x2, 0xf3, 0xc9, 0x5f, 0x16, 0xe0, 0xe9, 0x0,
    0x3f, 0x92, 0xf3, 0xc9, 0x5f, 0x16, 0xe0, 0xe9,
    0x0, 0x4, 0x22, 0xf3, 0xc9, 0x5f, 0x16, 0xe0,
    0xe9, 0x0, 0x0, 0x2, 0xf3, 0xc9, 0x5f, 0x16,
    0xe0, 0xe9, 0x0, 0x0, 0x96, 0xf3, 0xc9, 0x5f,
    0x16, 0xe0, 0xe9, 0x0, 0x0, 0xf8, 0xf3, 0xe8,
    0x5f, 0x16, 0xe0, 0xe9, 0x0, 0x6, 0xf4, 0xf4,
    0xf6, 0x5f, 0x16, 0xe0, 0xe9, 0x0, 0xd, 0xb0,
    0x36, 0xf3, 0x53, 0x6, 0xd0, 0xe9, 0x0, 0x6f,
    0x50, 0xd, 0xc3, 0xf9, 0x0, 0x0, 0xe9, 0x1,
    0xec, 0x0, 0xbf, 0x30, 0x4f, 0x90, 0x0, 0xe9,
    0xc, 0xf3, 0x3d, 0xf5, 0x0, 0x5, 0xf6, 0x56,
    0xf9, 0x3, 0x60, 0x2d, 0x40, 0x0, 0x0, 0x85,
    0x6f, 0xf4, 0x0, 0x0, 0x0, 0x0, 0x0, 0x0,
    0x0, 0x0, 0x0,

    /* U+6DF1 "深" */
    0x0, 0x0, 0x0, 0x0, 0x0, 0x0, 0x0, 0x0,
    0x0, 0x0, 0x4, 0xf9, 0x0, 0xaf, 0xff, 0xff,
    0xff, 0xff, 0xfd, 0x0, 0x1, 0x8f, 0xd1, 0xbe,
    0x88, 0x88, 0x88, 0x88, 0xdd, 0x0, 0x0, 0x4,
    0xf9, 0xbd, 0x6, 0xe2, 0x1f, 0x60, 0xbd, 0x0,
    0x0, 0x0, 0x30, 0xbd, 0xc, 0xe0, 0x1f, 0x60,
    0xbd, 0x0, 0x6, 0x80, 0x0, 0x22, 0x7f, 0x70,
    0x1f, 0x60, 0x29, 0x0, 0x9, 0xfd, 0x20, 0x7,
    0xfc, 0x0, 0x1f, 0xc8, 0x8f, 0x80, 0x0, 0x3e,
    0xe1, 0x5f, 0xd1, 0x4, 0x7a, 0xff, 0xfc, 0x10,
    0x0, 0x3, 0xa0, 0x6, 0x0, 0xa, 0xe0, 0x0,
    0x0, 0x0, 0x0, 0x0, 0x0, 0x77, 0x77, 0x7c,
    0xf7, 0x77, 0x77, 0x10, 0x0, 0x0, 0x70, 0xff,
    0xff, 0xff, 0xff, 0xff, 0xff, 0x30, 0x0, 0x4,
    0xf3, 0x0, 0x9, 0xfb, 0xea, 0xe1, 0x0, 0x0,
    0x0, 0x9, 0xf0, 0x0, 0x1f, 0xaa, 0xe3, 0xf6,
    0x0, 0x0, 0x0, 0xf, 0xa0, 0x0, 0xcf, 0x2a,
    0xe0, 0xaf, 0x30, 0x0, 0x0, 0x7f, 0x40, 0x1c,
    0xf5, 0xa, 0xe0, 0x1d, 0xf5, 0x0, 0x1, 0xec,
    0x8, 0xff, 0x40, 0xa, 0xe0, 0x1, 0xdf, 0xb0,
    0x9, 0xf4, 0x4, 0x91, 0x0, 0xa, 0xe0, 0x0,
    0x7, 0x70, 0x1, 0x60, 0x0, 0x0, 0x0, 0xa,
    0xe0, 0x0, 0x0, 0x0,

    /* U+6E29 "温" */
    0x0, 0x17, 0x0, 0x4, 0x55, 0x55, 0x55, 0x55,
    0x30, 0x0, 0x6, 0xfe, 0x40, 0xdf, 0xff, 0xff,
    0xff, 0xf9, 0x0, 0x0, 0x2, 0xdf, 0x4d, 0xb2,
    0x22, 0x22, 0x2f, 0x90, 0x0, 0x0, 0x1, 0xe5,
    0xdc, 0x44, 0x44, 0x44, 0xf9, 0x0, 0x4, 0x50,
    0x0, 0xd, 0xff, 0xff, 0xff, 0xff, 0x90, 0x0,
    0xcf, 0xd2, 0x0, 0xdb, 0x22, 0x22, 0x22, 0xf9,
    0x0, 0x0, 0x5e, 0xe3, 0xd, 0xb1, 0x11, 0x11,
    0x1f, 0x90, 0x0, 0x0, 0x2d, 0x30, 0xdf, 0xff,
    0xff, 0xff, 0xf9, 0x0, 0x0, 0x0, 0x0, 0x4,
    0x55, 0x55, 0x55, 0x55, 0x30, 0x0, 0x0, 0xd,
    0x45, 0x77, 0x77, 0x77, 0x77, 0x77, 0x40, 0x0,
    0x2, 0xf5, 0xdf, 0xff, 0xff, 0xff, 0xff, 0xf9,
    0x0, 0x0, 0x7f, 0x1d, 0xa0, 0x8f, 0x4, 0xf4,
    0xf, 0x90, 0x0, 0xd, 0xc0, 0xda, 0x8, 0xf0,
    0x4f, 0x40, 0xf9, 0x0, 0x3, 0xf7, 0xd, 0xa0,
    0x8f, 0x4, 0xf4, 0xf, 0x90, 0x0, 0xcf, 0x10,
    0xda, 0x8, 0xf0, 0x4f, 0x40, 0xf9, 0x0, 0x6f,
    0x81, 0x7e, 0xd7, 0xcf, 0x79, 0xf9, 0x7f, 0xc6,
    0xd, 0xd0, 0x2f, 0xff, 0xff, 0xff, 0xff, 0xff,
    0xff, 0xe0, 0x2, 0x0, 0x0, 0x0, 0x0, 0x0,
    0x0, 0x0, 0x0,

    /* U+6E7F "湿" */
    0x0, 0x0, 0x0, 0x0, 0x0, 0x0, 0x0, 0x0,
    0x0, 0x0, 0x5, 0xd4, 0x0, 0x27, 0x77, 0x77,
    0x77, 0x77, 0x20, 0x0, 0x3c, 0xf8, 0x4, 0xff,
    0xff, 0xff, 0xff, 0xf5, 0x0, 0x0, 0x8, 0xf5,
    0x4f, 0x30, 0x0, 0x0, 0x3f, 0x50, 0x0, 0x0,
    0x5, 0x4, 0xf9, 0x88, 0x88, 0x89, 0xf5, 0x0,
    0x4a, 0x20, 0x0, 0x4f, 0xff, 0xff, 0xff, 0xff,
    0x50, 0x3, 0xdf, 0x70, 0x4, 0xf3, 0x0, 0x0,
    0x3, 0xf5, 0x0, 0x0, 0x8f, 0x20, 0x4f, 0xff,
    0xff, 0xff, 0xff, 0x50, 0x0, 0x0, 0x20, 0x2,
    0x88, 0x88, 0x88, 0x88, 0x82, 0x0, 0x0, 0x0,
    0x0, 0x0, 0x2a, 0x30, 0x69, 0x0, 0x0, 0x0,
    0x0, 0x62, 0xb7, 0x3, 0xf5, 0xa, 0xe0, 0xc,
    0x40, 0x0, 0xe, 0x97, 0xf2, 0x3f, 0x50, 0xae,
    0x3, 0xf3, 0x0, 0x4, 0xf4, 0xe, 0xa3, 0xf5,
    0xa, 0xe0, 0x9e, 0x0, 0x0, 0xbe, 0x0, 0x8f,
    0x4f, 0x50, 0xae, 0x1f, 0x80, 0x0, 0x4f, 0x70,
    0x2, 0xf8, 0xf5, 0xa, 0xe9, 0xf1, 0x0, 0x1e,
    0xe0, 0x3, 0x36, 0x5f, 0x73, 0xbe, 0x37, 0x32,
    0xb, 0xf4, 0x0, 0xff, 0xff, 0xff, 0xff, 0xff,
    0xff, 0xa0, 0x37, 0x0, 0x3, 0x44, 0x44, 0x44,
    0x44, 0x44, 0x42,

    /* U+706F "灯" */
    0x0, 0x0, 0x66, 0x0, 0x0, 0x0, 0x0, 0x0,
    0x0, 0x0, 0x0, 0xd, 0xc0, 0x27, 0x77, 0x77,
    0x77, 0x77, 0x77, 0x0, 0x0, 0xdc, 0x4, 0xff,
    0xff, 0xff, 0xff, 0xff, 0xe0, 0x0, 0xd, 0xc0,
    0x0, 0x0, 0x5, 0xf6, 0x0, 0x0, 0x0, 0x84,
    0xdc, 0x18, 0x0, 0x0, 0x4f, 0x60, 0x0, 0x0,
    0xe, 0x9d, 0xcc, 0xf2, 0x0, 0x4, 0xf6, 0x0,
    0x0, 0x1, 0xf8, 0xdf, 0xf5, 0x0, 0x0, 0x4f,
    0x60, 0x0, 0x0, 0x6f, 0x5d, 0xe3, 0x0, 0x0,
    0x4, 0xf6, 0x0, 0x0, 0xc, 0xf0, 0xdc, 0x0,
    0x0, 0x0, 0x4f, 0x60, 0x0, 0x0, 0x2, 0xe,
    0xc0, 0x0, 0x0, 0x4, 0xf6, 0x0, 0x0, 0x0,
    0x0, 0xfb, 0x0, 0x0, 0x0, 0x4f, 0x60, 0x0,
    0x0, 0x0, 0xf, 0xd1, 0x0, 0x0, 0x4, 0xf6,
    0x0, 0x0, 0x0, 0x3, 0xff, 0xf4, 0x0, 0x0,
    0x4f, 0x60, 0x0, 0x0, 0x0, 0x6f, 0x8d, 0xf3,
    0x0, 0x4, 0xf6, 0x0, 0x0, 0x0, 0xc, 0xf1,
    0x1e, 0xc0, 0x0, 0x4f, 0x60, 0x0, 0x0, 0x5,
    0xfa, 0x0, 0x30, 0x0, 0x4, 0xf6, 0x0, 0x0,
    0x3, 0xff, 0x20, 0x0, 0x1, 0x98, 0xbf, 0x50,
    0x0, 0x0, 0x9f, 0x50, 0x0, 0x0, 0xe, 0xff,
    0xb0, 0x0, 0x0, 0x0, 0x30, 0x0, 0x0, 0x0,
    0x0, 0x0, 0x0, 0x0, 0x0,

    /* U+7231 "爱" */
    0x0, 0x0, 0x0, 0x0, 0x0, 0x0, 0x0, 0x44,
    0x0, 0x2, 0x44, 0x44, 0x45, 0x67, 0x8b, 0xdf,
    0xff, 0x20, 0x4, 0xff, 0xff, 0xff, 0xff, 0xfd,
    0xbb, 0x51, 0x0, 0x0, 0x3b, 0xd4, 0x4a, 0xf2,
    0x0, 0xe, 0x90, 0x0, 0x0, 0x6, 0xf7, 0x1,
    0xeb, 0x0, 0x6f, 0x40, 0x0, 0x2, 0x22, 0xce,
    0x22, 0x8f, 0x43, 0xec, 0x22, 0x20, 0x1f, 0xff,
    0xff, 0xff, 0xff, 0xff, 0xff, 0xff, 0xf3, 0x1f,
    0x95, 0x55, 0x58, 0xf8, 0x55, 0x55, 0x57, 0xf3,
    0x1f, 0x87, 0x77, 0x7c, 0xf7, 0x77, 0x77, 0x76,
    0xf3, 0x2, 0x4f, 0xff, 0xff, 0xff, 0xff, 0xff,
    0xf7, 0x20, 0x0, 0x0, 0x1, 0xec, 0x0, 0x0,
    0x0, 0x0, 0x0, 0x0, 0x0, 0xc, 0xff, 0xff,
    0xff, 0xff, 0xe0, 0x0, 0x0, 0x1, 0xcf, 0xdf,
    0x76, 0x66, 0x8f, 0xc0, 0x0, 0x0, 0x4e, 0xe4,
    0x1e, 0xc1, 0x3, 0xed, 0x10, 0x0, 0x1a, 0xfd,
    0x20, 0x2, 0xde, 0x9f, 0xc1, 0x0, 0x0, 0x8f,
    0x80, 0x0, 0x1, 0x8f, 0xff, 0x71, 0x0, 0x0,
    0x3, 0x1, 0x48, 0xcf, 0xfa, 0x5b, 0xff, 0xc8,
    0x41, 0x0, 0xa, 0xff, 0xb6, 0x10, 0x0, 0x28,
    0xdf, 0xfa, 0x0, 0x0, 0x30, 0x0, 0x0, 0x0,
    0x0, 0x1, 0x51,

    /* U+73AF "环" */
    0x0, 0x0, 0x0, 0x3, 0x66, 0x66, 0x66, 0x66,
    0x66, 0x10, 0x68, 0x88, 0x88, 0x8f, 0xff, 0xff,
    0xff, 0xff, 0xf2, 0xb, 0xff, 0xff, 0xf1, 0x0,
    0x8, 0xf1, 0x0, 0x0, 0x0, 0x0, 0x9f, 0x0,
    0x0, 0x0, 0xbd, 0x0, 0x0, 0x0, 0x0, 0x9,
    0xf0, 0x0, 0x0, 0xe, 0x90, 0x0, 0x0, 0x0,
    0x0, 0x9f, 0x0, 0x0, 0x3, 0xf4, 0x0, 0x0,
    0x0, 0x9, 0xff, 0xff, 0xb0, 0x0, 0x9f, 0xf5,
    0xc3, 0x0, 0x0, 0x47, 0xcf, 0x75, 0x0, 0x1f,
    0xff, 0x4d, 0xf3, 0x0, 0x0, 0x9, 0xf0, 0x0,
    0xa, 0xf9, 0xf1, 0x1e, 0xe2, 0x0, 0x0, 0x9f,
    0x0, 0x4, 0xf9, 0x7f, 0x10, 0x3f, 0xc0, 0x0,
    0x9, 0xf0, 0x75, 0xfd, 0x7, 0xf1, 0x0, 0x8f,
    0x50, 0x0, 0x9f, 0xef, 0xfe, 0x20, 0x7f, 0x10,
    0x0, 0xe8, 0x5, 0xbf, 0xe8, 0x15, 0x20, 0x7,
    0xf1, 0x0, 0x2, 0x0, 0xcd, 0x60, 0x0, 0x0,
    0x0, 0x7f, 0x10, 0x0, 0x0, 0x0, 0x0, 0x0,
    0x0, 0x0, 0x7, 0xf1, 0x0, 0x0, 0x0, 0x0,
    0x0, 0x0, 0x0, 0x0, 0x7f, 0x10, 0x0, 0x0,
    0x0, 0x0, 0x0, 0x0, 0x0, 0x7, 0xf1, 0x0,
    0x0, 0x0,

    /* U+76D1 "监" */
    0x0, 0x0, 0x2, 0x10, 0x0, 0x0, 0x0, 0x0,
    0x0, 0x4, 0x30, 0xf, 0x80, 0x0, 0x6c, 0x0,
    0x0, 0x0, 0xd, 0xb0, 0xf, 0x80, 0x0, 0xac,
    0x0, 0x0, 0x0, 0xd, 0xb0, 0xf, 0x80, 0x0,
    0xec, 0x66, 0x66, 0x60, 0xd, 0xb0, 0xf, 0x80,
    0x4, 0xff, 0xff, 0xff, 0xf0, 0xd, 0xb0, 0xf,
    0x80, 0xa, 0xe1, 0x11, 0x11, 0x10, 0xd, 0xb0,
    0xf, 0x80, 0x3f, 0x82, 0xc4, 0x0, 0x0, 0xd,
    0xb0, 0xf, 0x80, 0xce, 0x11, 0xaf, 0xa0, 0x0,
    0xd, 0xb0, 0xf, 0x8b, 0xf5, 0x0, 0x5, 0xfb,
    0x0, 0xa, 0x90, 0xf, 0x85, 0x70, 0x0, 0x0,
    0x46, 0x0, 0x0, 0x35, 0x5a, 0x85, 0x55, 0x55,
    0x55, 0x51, 0x0, 0x0, 0xaf, 0xff, 0xff, 0xff,
    0xff, 0xff, 0xf3, 0x0, 0x0, 0xae, 0x22, 0xcc,
    0x22, 0xf9, 0x26, 0xf3, 0x0, 0x0, 0xae, 0x0,
    0xcb, 0x0, 0xf9, 0x4, 0xf3, 0x0, 0x0, 0xae,
    0x0, 0xcb, 0x0, 0xf9, 0x4, 0xf3, 0x0, 0x0,
    0xae, 0x0, 0xcb, 0x0, 0xf9, 0x4, 0xf3, 0x0,
    0xff, 0xff, 0xff, 0xff, 0xff, 0xff, 0xff, 0xff,
    0xfd, 0x77, 0x77, 0x77, 0x77, 0x77, 0x77, 0x77,
    0x77, 0x76,

    /* U+7720 "眠" */
    0x3, 0x33, 0x33, 0x14, 0xbb, 0xbb, 0xbb, 0xbb,
    0x60, 0x0, 0xff, 0xff, 0xf6, 0x7f, 0xcc, 0xcc,
    0xcc, 0xf9, 0x0, 0xf, 0x94, 0x5f, 0x67, 0xf1,
    0x0, 0x0, 0xf, 0x90, 0x0, 0xf7, 0x1, 0xf6,
    0x7f, 0x10, 0x0, 0x0, 0xf9, 0x0, 0xf, 0xa4,
    0x5f, 0x67, 0xfc, 0xbb, 0xbb, 0xbf, 0x90, 0x0,
    0xff, 0xff, 0xf6, 0x7f, 0xbb, 0xcf, 0xdb, 0xb6,
    0x0, 0xf, 0x92, 0x3f, 0x67, 0xf1, 0x1, 0xf7,
    0x0, 0x0, 0x0, 0xf7, 0x1, 0xf6, 0x7f, 0x10,
    0x1f, 0x70, 0x0, 0x0, 0xf, 0xa4, 0x5f, 0x67,
    0xf8, 0x88, 0xfb, 0x88, 0x83, 0x0, 0xff, 0xff,
    0xf6, 0x7f, 0xff, 0xff, 0xff, 0xff, 0x70, 0xf,
    0x92, 0x3f, 0x67, 0xf1, 0x0, 0xdb, 0x0, 0x0,
    0x0, 0xf7, 0x1, 0xf6, 0x7f, 0x10, 0xb, 0xd0,
    0x0, 0x0, 0xf, 0x93, 0x4f, 0x67, 0xf1, 0x0,
    0x6f, 0x20, 0x10, 0x0, 0xff, 0xff, 0xf6, 0x7f,
    0x10, 0x1, 0xf9, 0x6, 0xd0, 0xf, 0xa4, 0x5f,
    0x67, 0xf1, 0x3, 0x39, 0xf4, 0x8f, 0x0, 0x73,
    0x0, 0x77, 0xbf, 0xcf, 0xf6, 0x1d, 0xfe, 0xb0,
    0x0, 0x0, 0x0, 0x6f, 0xb7, 0x30, 0x0, 0x1b,
    0xe3, 0x0, 0x0, 0x0, 0x0, 0x0, 0x0, 0x0,
    0x0, 0x0, 0x0,

    /* U+7761 "睡" */
    0x0, 0x0, 0x0, 0x0, 0x0, 0x0, 0x0, 0x27,
    0x20, 0x37, 0x77, 0x73, 0x1, 0x24, 0x68, 0xbe,
    0xff, 0x80, 0x7f, 0xff, 0xf8, 0x6f, 0xff, 0xff,
    0xe9, 0x51, 0x0, 0x7f, 0x10, 0xf8, 0x5, 0x42,
    0xe, 0x90, 0x0, 0x0, 0x7f, 0x10, 0xf8, 0x67,
    0x77, 0x7f, 0xc7, 0x77, 0x74, 0x7f, 0x87, 0xf8,
    0xdf, 0xff, 0xff, 0xff, 0xff, 0xf9, 0x7f, 0xff,
    0xf8, 0x1, 0xf6, 0xe, 0x90, 0xcb, 0x0, 0x7f,
    0x10, 0xf8, 0x1, 0xf6, 0xe, 0x90, 0xcb, 0x0,
    0x7f, 0x10, 0xf9, 0x67, 0xf9, 0x6f, 0xb6, 0xdd,
    0x64, 0x7f, 0x98, 0xfa, 0xff, 0xff, 0xff, 0xff,
    0xff, 0xfb, 0x7f, 0xff, 0xf8, 0x13, 0xf7, 0x1e,
    0xa1, 0xcb, 0x11, 0x7f, 0x10, 0xf8, 0x1, 0xf6,
    0xe, 0x90, 0xcb, 0x0, 0x7f, 0x10, 0xf8, 0x37,
    0xfa, 0x6f, 0xc6, 0xdd, 0x60, 0x7f, 0x88, 0xf8,
    0x9f, 0xff, 0xff, 0xff, 0xff, 0xf1, 0x7f, 0xff,
    0xf8, 0x1, 0x11, 0x1e, 0xa1, 0x11, 0x10, 0x7f,
    0x10, 0xb6, 0x0, 0x0, 0xe, 0x90, 0x0, 0x0,
    0x13, 0x0, 0x2, 0xff, 0xff, 0xff, 0xff, 0xff,
    0xf9, 0x0, 0x0, 0x1, 0x77, 0x77, 0x77, 0x77,
    0x77, 0x74,

    /* U+77E5 "知" */
    0x0, 0x4, 0x70, 0x0, 0x0, 0x0, 0x0, 0x0,
    0x0, 0x0, 0x9, 0xf0, 0x0, 0x0, 0x0, 0x0,
    0x0, 0x0, 0x0, 0xc, 0xc0, 0x0, 0x0, 0x1a,
    0xaa, 0xaa, 0xa0, 0x0, 0x1f, 0xc8, 0x88, 0x88,
    0x3f, 0xdc, 0xce, 0xf1, 0x0, 0x7f, 0xff, 0xff,
    0xff, 0x4f, 0x60, 0x8, 0xf1, 0x1, 0xfc, 0x6,
    0xf1, 0x0, 0x1f, 0x60, 0x8, 0xf1, 0xa, 0xf3,
    0x6, 0xf1, 0x0, 0x1f, 0x60, 0x8, 0xf1, 0x2e,
    0x80, 0x7, 0xf0, 0x0, 0x1f, 0x60, 0x8, 0xf1,
    0x8, 0x88, 0x8b, 0xf8, 0x88, 0x5f, 0x60, 0x8,
    0xf1, 0xe, 0xff, 0xff, 0xff, 0xff, 0x8f, 0x60,
    0x8, 0xf1, 0x0, 0x0, 0xb, 0xd0, 0x0, 0x1f,
    0x60, 0x8, 0xf1, 0x0, 0x0, 0xe, 0xa0, 0x0,
    0x1f, 0x60, 0x8, 0xf1, 0x0, 0x0, 0x4f, 0xfa,
    0x10, 0x1f, 0x60, 0x8, 0xf1, 0x0, 0x0, 0xcf,
    0x8f, 0xe2, 0x1f, 0x83, 0x39, 0xf1, 0x0, 0x8,
    0xf7, 0x3, 0xef, 0x5f, 0xff, 0xff, 0xf1, 0x0,
    0x9f, 0xb0, 0x0, 0x1d, 0x9f, 0x84, 0x4a, 0xf1,
    0x1c, 0xfb, 0x0, 0x0, 0x1, 0x1c, 0x40, 0x6,
    0xc0, 0x7f, 0x90, 0x0, 0x0, 0x0, 0x0, 0x0,
    0x0, 0x0, 0x3, 0x0, 0x0, 0x0, 0x0, 0x0,
    0x0, 0x0, 0x0,

    /* U+793A "示" */
    0x0, 0x12, 0x22, 0x22, 0x22, 0x22, 0x22, 0x10,
    0x0, 0xd, 0xff, 0xff, 0xff, 0xff, 0xff, 0xfa,
    0x0, 0x0, 0x45, 0x55, 0x55, 0x55, 0x55, 0x55,
    0x30, 0x0, 0x0, 0x0, 0x0, 0x0, 0x0, 0x0,
    0x0, 0x0, 0x0, 0x0, 0x0, 0x0, 0x0, 0x0,
    0x0, 0x0, 0x2, 0xff, 0xff, 0xff, 0xff, 0xff,
    0xff, 0xff, 0xe0, 0x18, 0x88, 0x88, 0x8a, 0xf9,
    0x88, 0x88, 0x87, 0x0, 0x0, 0x1, 0x0, 0x5f,
    0x30, 0x0, 0x0, 0x0, 0x0, 0x1, 0xf6, 0x5,
    0xf3, 0xc, 0xc1, 0x0, 0x0, 0x0, 0x9f, 0x20,
    0x5f, 0x30, 0x5f, 0xd1, 0x0, 0x0, 0x4f, 0x80,
    0x5, 0xf3, 0x0, 0x4f, 0xc0, 0x0, 0x2e, 0xd0,
    0x0, 0x5f, 0x30, 0x0, 0x6f, 0x90, 0x1d, 0xe2,
    0x0, 0x5, 0xf3, 0x0, 0x0, 0xaf, 0x3b, 0xf3,
    0x0, 0x0, 0x5f, 0x30, 0x0, 0x1, 0xea, 0x13,
    0x0, 0x0, 0x5, 0xf3, 0x0, 0x0, 0x3, 0x0,
    0x0, 0x2, 0xa9, 0xdf, 0x30, 0x0, 0x0, 0x0,
    0x0, 0x0, 0xd, 0xff, 0xa0, 0x0, 0x0, 0x0,
    0x0, 0x0, 0x0, 0x0, 0x0, 0x0, 0x0, 0x0,
    0x0,

    /* U+79BB "离" */
    0x0, 0x0, 0x0, 0x2, 0x80, 0x0, 0x0, 0x0,
    0x0, 0x0, 0x0, 0x0, 0x6, 0xfb, 0x0, 0x0,
    0x0, 0x0, 0x12, 0x22, 0x22, 0x22, 0x8f, 0x72,
    0x22, 0x22, 0x22, 0x7f, 0xff, 0xff, 0xff, 0xff,
    0xff, 0xff, 0xff, 0xfe, 0x24, 0x4c, 0xa9, 0xff,
    0xb5, 0x7e, 0xf9, 0xb6, 0x44, 0x0, 0xd, 0xb0,
    0x3b, 0xfe, 0xfe, 0x44, 0xf4, 0x0, 0x0, 0xd,
    0xb1, 0x6c, 0xff, 0xfd, 0x34, 0xf4, 0x0, 0x0,
    0xd, 0xba, 0xfd, 0x70, 0x5e, 0xf6, 0xf4, 0x0,
    0x0, 0xd, 0xff, 0xfe, 0xee, 0xef, 0xff, 0xf4,
    0x0, 0x0, 0x4d, 0x88, 0x88, 0xfc, 0x88, 0x88,
    0x82, 0x0, 0x0, 0x9f, 0x0, 0x0, 0xf8, 0x0,
    0x0, 0x0, 0x0, 0x4f, 0xff, 0xff, 0xff, 0xff,
    0xff, 0xff, 0xff, 0x30, 0x27, 0xcf, 0x77, 0x77,
    0xfc, 0x8b, 0x88, 0xaf, 0x30, 0x0, 0x9f, 0x0,
    0x0, 0xf9, 0x5f, 0x70, 0x5f, 0x30, 0x0, 0x9f,
    0x0, 0x1, 0xfc, 0xaf, 0xf4, 0x5f, 0x30, 0x0,
    0x9f, 0x9, 0xff, 0xff, 0xda, 0xdd, 0x5f, 0x30,
    0x0, 0x9f, 0x1, 0x85, 0x30, 0x0, 0xaa, 0xaf,
    0x30, 0x0, 0x9f, 0x0, 0x0, 0x0, 0x0, 0xaf,
    0xfc, 0x0,

    /* U+7A7A "空" */
    0x0, 0x0, 0x0, 0x0, 0x88, 0x0, 0x0, 0x0,
    0x0, 0x0, 0x0, 0x0, 0x0, 0xcc, 0x0, 0x0,
    0x0, 0x0, 0x6, 0x77, 0x77, 0x77, 0xdd, 0x77,
    0x77, 0x77, 0x60, 0xe, 0xff, 0xff, 0xff, 0xff,
    0xff, 0xff, 0xff, 0xe0, 0xe, 0xa0, 0x3, 0x10,
    0x0, 0x24, 0x0, 0x9, 0xe0, 0xe, 0xa0, 0xd,
    0xd0, 0x0, 0x9e, 0x0, 0x9, 0xe0, 0x5, 0x30,
    0x8f, 0x50, 0x0, 0x9e, 0x0, 0x4, 0x60, 0x0,
    0x8, 0xf9, 0x0, 0x0, 0x9f, 0x10, 0x5, 0xe2,
    0x4, 0xcf, 0x90, 0x0, 0x0, 0x7f, 0xff, 0xff,
    0xd0, 0xe, 0xe5, 0x0, 0x0, 0x0, 0x5, 0x66,
    0x66, 0x10, 0x2, 0x15, 0x55, 0x55, 0x55, 0x55,
    0x55, 0x51, 0x0, 0x0, 0x3f, 0xff, 0xff, 0xff,
    0xff, 0xff, 0xf3, 0x0, 0x0, 0x2, 0x22, 0x22,
    0xcd, 0x22, 0x22, 0x20, 0x0, 0x0, 0x0, 0x0,
    0x0, 0xcc, 0x0, 0x0, 0x0, 0x0, 0x0, 0x0,
    0x0, 0x0, 0xcc, 0x0, 0x0, 0x0, 0x0, 0x2,
    0x22, 0x22, 0x22, 0xcd, 0x22, 0x22, 0x22, 0x20,
    0x3f, 0xff, 0xff, 0xff, 0xff, 0xff, 0xff, 0xff,
    0xf1, 0x15, 0x55, 0x55, 0x55, 0x55, 0x55, 0x55,
    0x55, 0x50,

    /* U+7EBF "线" */
    0x0, 0x0, 0x92, 0x0, 0x0, 0x3a, 0x3, 0x0,
    0x0, 0x0, 0x0, 0x3f, 0x60, 0x0, 0x7, 0xf3,
    0xfc, 0x10, 0x0, 0x0, 0x9, 0xf1, 0x0, 0x0,
    0x7f, 0x13, 0xed, 0x0, 0x0, 0x0, 0xfa, 0x2,
    0x0, 0x7, 0xf1, 0x2, 0x65, 0x0, 0x0, 0x7f,
    0x20, 0xe9, 0x2, 0x9f, 0xbd, 0xff, 0xf1, 0x0,
    0x1f, 0x90, 0x7f, 0x4f, 0xff, 0xfd, 0xa7, 0x41,
    0x0, 0xb, 0xfa, 0xbf, 0xc0, 0x75, 0x9f, 0x10,
    0x2, 0x58, 0x10, 0x9f, 0xdf, 0xf2, 0x0, 0x18,
    0xfa, 0xdf, 0xff, 0xf3, 0x1, 0x16, 0xf7, 0x5,
    0xef, 0xff, 0xeb, 0x85, 0x20, 0x0, 0x2, 0xfb,
    0x0, 0x39, 0x67, 0xf3, 0x0, 0x88, 0x0, 0x3,
    0xee, 0x68, 0xb8, 0x0, 0x2f, 0x60, 0x5f, 0x80,
    0x0, 0xcf, 0xff, 0xda, 0x50, 0x0, 0xfb, 0x5f,
    0xa0, 0x0, 0x4, 0x84, 0x10, 0x4, 0x0, 0xa,
    0xff, 0xb0, 0x0, 0x0, 0x0, 0x4, 0xaf, 0xf1,
    0x0, 0x8f, 0xe0, 0x0, 0x0, 0x4, 0xaf, 0xff,
    0xa4, 0x0, 0x9f, 0xef, 0x70, 0x4, 0x0, 0xdf,
    0xb5, 0x0, 0x5, 0xdf, 0xa0, 0xbf, 0x90, 0xe9,
    0x2, 0x10, 0x0, 0x2d, 0xfd, 0x40, 0x0, 0x9f,
    0xef, 0x70, 0x0, 0x0, 0x0, 0xa6, 0x0, 0x0,
    0x0, 0x4c, 0xd1,

    /* U+81EA "自" */
    0x0, 0x0, 0x0, 0x0, 0x0, 0x0, 0x0, 0x0,
    0x0, 0x9, 0xd1, 0x0, 0x0, 0x0, 0x0, 0x3,
    0xfc, 0x0, 0x0, 0x0, 0x0, 0x0, 0xdf, 0x20,
    0x0, 0x0, 0xef, 0xff, 0xff, 0xff, 0xff, 0xff,
    0x9f, 0xc8, 0x88, 0x88, 0x88, 0x88, 0xf9, 0xf9,
    0x0, 0x0, 0x0, 0x0, 0x1f, 0x9f, 0x90, 0x0,
    0x0, 0x0, 0x1, 0xf9, 0xff, 0xff, 0xff, 0xff,
    0xff, 0xff, 0x9f, 0xc8, 0x88, 0x88, 0x88, 0x88,
    0xf9, 0xf9, 0x0, 0x0, 0x0, 0x0, 0x1f, 0x9f,
    0x90, 0x0, 0x0, 0x0, 0x1, 0xf9, 0xff, 0xff,
    0xff, 0xff, 0xff, 0xff, 0x9f, 0xc8, 0x88, 0x88,
    0x88, 0x88, 0xf9, 0xf9, 0x0, 0x0, 0x0, 0x0,
    0x1f, 0x9f, 0x90, 0x0, 0x0, 0x0, 0x1, 0xf9,
    0xff, 0xff, 0xff, 0xff, 0xff, 0xff, 0x9f, 0xd9,
    0x99, 0x99, 0x99, 0x99, 0xf9, 0xf9, 0x0, 0x0,
    0x0, 0x0, 0x1f, 0x90, 0x0, 0x0, 0x0, 0x0,
    0x0, 0x0,

    /* U+89C8 "览" */
    0x0, 0x0, 0x0, 0x46, 0x0, 0x3, 0x50, 0x0,
    0x0, 0x0, 0x2, 0x40, 0x9, 0xe0, 0x0, 0x9f,
    0x0, 0x0, 0x0, 0x0, 0x7f, 0x10, 0x9e, 0x0,
    0xe, 0xe8, 0x88, 0x88, 0x10, 0x7, 0xf1, 0x9,
    0xe0, 0x7, 0xff, 0xff, 0xff, 0xf2, 0x0, 0x7f,
    0x10, 0x9e, 0x2, 0xfd, 0x7, 0x40, 0x0, 0x0,
    0x7, 0xf1, 0x9, 0xe2, 0xdf, 0x31, 0xbf, 0x80,
    0x0, 0x0, 0x7f, 0x10, 0x9e, 0x7f, 0x50, 0x0,
    0x9f, 0x60, 0x0, 0x0, 0x15, 0x58, 0xa5, 0x75,
    0x55, 0x55, 0x70, 0x0, 0x0, 0x0, 0xff, 0xff,
    0xff, 0xff, 0xff, 0xf0, 0x0, 0x0, 0x0, 0xf,
    0xa1, 0x15, 0x71, 0x11, 0x8f, 0x0, 0x0, 0x0,
    0x0, 0xfa, 0x0, 0x9d, 0x0, 0x8, 0xf0, 0x0,
    0x0, 0x0, 0xf, 0xa0, 0xa, 0xc3, 0x10, 0x8f,
    0x0, 0x0, 0x0, 0x0, 0xfa, 0x0, 0xdc, 0xf5,
    0x8, 0xf0, 0x0, 0x0, 0x0, 0xf, 0xa0, 0x3f,
    0x9f, 0x50, 0x8f, 0x0, 0x0, 0x0, 0x0, 0x53,
    0x3e, 0xf3, 0xf5, 0x2, 0x50, 0x2a, 0x0, 0x0,
    0x2, 0x9f, 0xf4, 0x1f, 0x50, 0x0, 0x7, 0xe0,
    0x16, 0x9d, 0xff, 0xb2, 0x0, 0xef, 0xff, 0xff,
    0xf7, 0x0, 0xcf, 0xc8, 0x20, 0x0, 0x1, 0x67,
    0x77, 0x75, 0x0, 0x1, 0x0, 0x0, 0x0, 0x0,
    0x0, 0x0, 0x0, 0x0, 0x0,

    /* U+8C03 "调" */
    0x0, 0x0, 0x0, 0x0, 0x0, 0x0, 0x0, 0x0,
    0x0, 0x1d, 0x60, 0x0, 0x88, 0x88, 0x88, 0x88,
    0x87, 0x0, 0x9f, 0x60, 0xf, 0xff, 0xff, 0xff,
    0xff, 0xf0, 0x0, 0xae, 0x0, 0xf8, 0x0, 0x97,
    0x0, 0x9f, 0x0, 0x1, 0x20, 0xf, 0x80, 0xd,
    0xa0, 0x9, 0xf0, 0x0, 0x0, 0x0, 0xf8, 0xff,
    0xff, 0xfd, 0x9f, 0x8f, 0xff, 0x80, 0xf, 0x84,
    0x5d, 0xc5, 0x49, 0xf4, 0x88, 0xf8, 0x0, 0xf8,
    0x33, 0xdb, 0x33, 0x9f, 0x0, 0xf, 0x80, 0xf,
    0x9f, 0xff, 0xff, 0xf9, 0xf0, 0x0, 0xf8, 0x0,
    0xf8, 0x44, 0x44, 0x44, 0x9f, 0x0, 0xf, 0x80,
    0xf, 0x86, 0xff, 0xff, 0x49, 0xf0, 0x0, 0xf8,
    0x0, 0xf8, 0x7f, 0x68, 0xf4, 0x9f, 0x0, 0xf,
    0x80, 0x2f, 0x87, 0xf0, 0x3f, 0x49, 0xf0, 0x0,
    0xfb, 0xc9, 0xf6, 0x7f, 0x14, 0xf4, 0x9f, 0x0,
    0x1f, 0xfe, 0x8f, 0x47, 0xff, 0xff, 0x49, 0xf0,
    0x0, 0xc9, 0xa, 0xf0, 0x14, 0x44, 0x41, 0x9f,
    0x0, 0x0, 0x3, 0xf9, 0x0, 0x0, 0x17, 0x6d,
    0xd0, 0x0, 0x0, 0xdf, 0x10, 0x0, 0x0, 0xff,
    0xe5, 0x0, 0x0, 0x2, 0x40, 0x0, 0x0, 0x0,
    0x0, 0x0,

    /* U+901F "速" */
    0x0, 0x0, 0x0, 0x0, 0x0, 0x4, 0x90, 0x0,
    0x0, 0x0, 0x2e, 0x60, 0x0, 0x0, 0x0, 0x8f,
    0x0, 0x0, 0x0, 0x0, 0x9f, 0x50, 0x58, 0x88,
    0x8c, 0xf8, 0x88, 0x88, 0x0, 0x0, 0xce, 0x1a,
    0xff, 0xff, 0xff, 0xff, 0xff, 0xf1, 0x0, 0x2,
    0xc2, 0x0, 0x0, 0x8, 0xf0, 0x0, 0x0, 0x0,
    0x0, 0x0, 0x0, 0x9f, 0xff, 0xff, 0xff, 0xff,
    0x10, 0x4, 0x66, 0x63, 0x9, 0xe8, 0x8c, 0xf8,
    0x8b, 0xf2, 0x0, 0xbf, 0xff, 0x80, 0x9d, 0x0,
    0x8f, 0x0, 0x6f, 0x20, 0x1, 0x22, 0xf8, 0x9,
    0xe8, 0x8c, 0xf8, 0x8b, 0xf2, 0x0, 0x0, 0xf,
    0x80, 0x9f, 0xff, 0xff, 0xff, 0xff, 0x10, 0x0,
    0x0, 0xf8, 0x0, 0x5, 0xfe, 0xf5, 0x50, 0x0,
    0x0, 0x0, 0xf, 0x80, 0x3, 0xfc, 0x8f, 0xaf,
    0xc2, 0x0, 0x0, 0x0, 0xf8, 0x5, 0xfc, 0x18,
    0xf0, 0x3d, 0xf5, 0x0, 0x0, 0xf, 0x89, 0xfa,
    0x0, 0x8f, 0x0, 0xb, 0xf1, 0x0, 0x6, 0xfc,
    0x56, 0x0, 0x8, 0xf0, 0x0, 0x4, 0x0, 0x9,
    0xfb, 0xed, 0x50, 0x0, 0x5a, 0x0, 0x0, 0x0,
    0x1c, 0xf8, 0x1, 0xaf, 0xfe, 0xdd, 0xee, 0xef,
    0xff, 0xa0, 0xb6, 0x0, 0x0, 0x16, 0x88, 0x99,
    0x99, 0x99, 0x93, 0x0, 0x0, 0x0, 0x0, 0x0,
    0x0, 0x0, 0x0, 0x0, 0x0,

    /* U+95ED "闭" */
    0x0, 0x20, 0x0, 0x0, 0x0, 0x0, 0x0, 0x0,
    0x0, 0xdc, 0x10, 0x1, 0x11, 0x11, 0x11, 0x10,
    0x10, 0x2d, 0xd0, 0xcf, 0xff, 0xff, 0xff, 0xf1,
    0xe7, 0x3, 0xf9, 0x46, 0x98, 0x66, 0x6a, 0xf1,
    0xe7, 0x0, 0x40, 0x0, 0xe9, 0x0, 0x7, 0xf1,
    0xe7, 0x0, 0x0, 0x0, 0xe9, 0x0, 0x7, 0xf1,
    0xe7, 0x68, 0x88, 0x88, 0xfc, 0x88, 0x87, 0xf1,
    0xe7, 0xcf, 0xff, 0xff, 0xff, 0xff, 0xf7, 0xf1,
    0xe7, 0x0, 0x0, 0x5f, 0xf9, 0x0, 0x7, 0xf1,
    0xe7, 0x0, 0x0, 0xd9, 0xe9, 0x0, 0x7, 0xf1,
    0xe7, 0x0, 0x9, 0xf2, 0xe9, 0x0, 0x7, 0xf1,
    0xe7, 0x0, 0x8f, 0x50, 0xe9, 0x0, 0x7, 0xf1,
    0xe7, 0x1a, 0xf7, 0x0, 0xe9, 0x0, 0x7, 0xf1,
    0xe8, 0xef, 0x60, 0x0, 0xe9, 0x0, 0x7, 0xf1,
    0xe7, 0x52, 0x0, 0x54, 0xf9, 0x0, 0x7, 0xf1,
    0xe7, 0x0, 0x0, 0xef, 0xf5, 0x0, 0x7, 0xf1,
    0xe7, 0x0, 0x0, 0x11, 0x0, 0x4, 0x7c, 0xf0,
    0xe7, 0x0, 0x0, 0x0, 0x0, 0x5, 0xfd, 0x60,
    0x0, 0x0, 0x0, 0x0, 0x0, 0x0, 0x0, 0x0,

    /* U+9634 "阴" */
    0xef, 0xff, 0xff, 0x35, 0xdd, 0xdd, 0xdd, 0xd7,
    0xec, 0x88, 0xcf, 0x26, 0xfb, 0xbb, 0xbb, 0xf8,
    0xe9, 0x0, 0xeb, 0x6, 0xf2, 0x0, 0x0, 0xf8,
    0xe9, 0x5, 0xf4, 0x6, 0xf2, 0x0, 0x0, 0xf8,
    0xe9, 0xd, 0xc0, 0x6, 0xf5, 0x33, 0x33, 0xf8,
    0xe9, 0x6f, 0x40, 0x6, 0xff, 0xff, 0xff, 0xf8,
    0xe9, 0x7f, 0xa0, 0x6, 0xf5, 0x33, 0x33, 0xf8,
    0xe9, 0x8, 0xf6, 0x6, 0xf2, 0x0, 0x0, 0xf8,
    0xe9, 0x0, 0xde, 0x6, 0xf2, 0x0, 0x0, 0xf8,
    0xe9, 0x0, 0x6f, 0x26, 0xfb, 0xbb, 0xbb, 0xf8,
    0xe9, 0x0, 0x4f, 0x37, 0xfc, 0xcc, 0xcc, 0xf8,
    0xe9, 0x8b, 0xed, 0x8, 0xf0, 0x0, 0x0, 0xf8,
    0xe9, 0x7d, 0xa2, 0xb, 0xd0, 0x0, 0x0, 0xf8,
    0xe9, 0x0, 0x0, 0xf, 0x90, 0x0, 0x0, 0xf8,
    0xe9, 0x0, 0x0, 0x6f, 0x40, 0x0, 0x0, 0xf8,
    0xe9, 0x0, 0x1, 0xed, 0x0, 0x5, 0x77, 0xf8,
    0xe9, 0x0, 0x1, 0xc4, 0x0, 0x5, 0xff, 0xd2,
    0x0, 0x0, 0x0, 0x0, 0x0, 0x0, 0x0, 0x0,

    /* U+9635 "阵" */
    0x0, 0x0, 0x0, 0x0, 0x6, 0x70, 0x0, 0x0,
    0x0, 0x5, 0xcc, 0xcc, 0xc5, 0x0, 0xdd, 0x0,
    0x0, 0x0, 0x0, 0x6f, 0xbb, 0xdf, 0x50, 0xf,
    0xa0, 0x0, 0x0, 0x0, 0x6, 0xf1, 0xc, 0xd4,
    0xff, 0xff, 0xff, 0xff, 0xfe, 0x0, 0x6f, 0x15,
    0xf4, 0x17, 0xcf, 0x77, 0x77, 0x77, 0x60, 0x6,
    0xf1, 0xec, 0x0, 0xe, 0xc0, 0x47, 0x0, 0x0,
    0x0, 0x6f, 0x7f, 0x80, 0x4, 0xf7, 0x9, 0xe0,
    0x0, 0x0, 0x6, 0xf1, 0xbf, 0x30, 0xcf, 0x21,
    0x9e, 0x11, 0x10, 0x0, 0x6f, 0x10, 0xdd, 0x1f,
    0xff, 0xff, 0xff, 0xff, 0x60, 0x6, 0xf1, 0x5,
    0xf5, 0x66, 0x66, 0xbf, 0x66, 0x62, 0x0, 0x6f,
    0x10, 0xf, 0x90, 0x0, 0x9, 0xe0, 0x0, 0x0,
    0x6, 0xf1, 0x0, 0xfb, 0x33, 0x33, 0xaf, 0x33,
    0x33, 0x30, 0x6f, 0x6b, 0xdf, 0xdf, 0xff, 0xff,
    0xff, 0xff, 0xff, 0x16, 0xf3, 0xdd, 0x72, 0x44,
    0x44, 0xbf, 0x44, 0x44, 0x40, 0x6f, 0x10, 0x0,
    0x0, 0x0, 0x9, 0xe0, 0x0, 0x0, 0x6, 0xf1,
    0x0, 0x0, 0x0, 0x0, 0x9e, 0x0, 0x0, 0x0,
    0x6f, 0x10, 0x0, 0x0, 0x0, 0x9, 0xe0, 0x0,
    0x0, 0x6, 0xf1, 0x0, 0x0, 0x0, 0x0, 0x9e,
    0x0, 0x0, 0x0,

    /* U+96E8 "雨" */
    0x28, 0x88, 0x88, 0x88, 0x88, 0x88, 0x88, 0x88,
    0x87, 0x4f, 0xff, 0xff, 0xff, 0xff, 0xff, 0xff,
    0xff, 0xfe, 0x0, 0x0, 0x0, 0x0, 0x7f, 0x0,
    0x0, 0x0, 0x0, 0x0, 0x0, 0x0, 0x0, 0x7f,
    0x0, 0x0, 0x0, 0x0, 0x1, 0xff, 0xff, 0xff,
    0xff, 0xff, 0xff, 0xff, 0xa0, 0x1, 0xfb, 0x88,
    0x88, 0xbf, 0x88, 0x88, 0x8e, 0xb0, 0x1, 0xf6,
    0x10, 0x0, 0x7f, 0x0, 0x0, 0xd, 0xb0, 0x1,
    0xfb, 0xfc, 0x60, 0x7f, 0x6f, 0xb4, 0xd, 0xb0,
    0x1, 0xf8, 0x6c, 0xfd, 0x9f, 0x37, 0xdf, 0xbd,
    0xb0, 0x1, 0xf6, 0x0, 0x4a, 0x7f, 0x0, 0x6,
    0x6d, 0xb0, 0x1, 0xf6, 0x51, 0x0, 0x7f, 0x23,
    0x0, 0xd, 0xb0, 0x1, 0xfc, 0xff, 0x91, 0x7f,
    0xaf, 0xd6, 0xd, 0xb0, 0x1, 0xf6, 0x29, 0xfe,
    0x9f, 0x4, 0xbf, 0xbd, 0xb0, 0x1, 0xf6, 0x0,
    0x3a, 0x7f, 0x0, 0x6, 0x4d, 0xb0, 0x1, 0xf6,
    0x0, 0x0, 0x7f, 0x0, 0x0, 0xd, 0xb0, 0x1,
    0xf6, 0x0, 0x0, 0x7f, 0x0, 0x58, 0x8f, 0xa0,
    0x1, 0xf6, 0x0, 0x0, 0x49, 0x0, 0x5f, 0xfd,
    0x30,

    /* U+96EA "雪" */
    0x1, 0xff, 0xff, 0xff, 0xff, 0xff, 0xff, 0xfe,
    0x0, 0x7, 0x77, 0x77, 0x7f, 0xc7, 0x77, 0x77,
    0x60, 0x6, 0x66, 0x66, 0x66, 0xfc, 0x66, 0x66,
    0x66, 0x51, 0xff, 0xff, 0xff, 0xff, 0xff, 0xff,
    0xff, 0xfc, 0x1f, 0x70, 0x11, 0x10, 0xe9, 0x1,
    0x11, 0xc, 0xc1, 0xf7, 0xff, 0xff, 0x4e, 0x9a,
    0xff, 0xf9, 0xcc, 0x1f, 0x73, 0x33, 0x31, 0xe9,
    0x23, 0x33, 0x2c, 0xc0, 0x31, 0xde, 0xee, 0x4e,
    0x99, 0xee, 0xe8, 0x22, 0x0, 0x6, 0x66, 0x61,
    0xe9, 0x46, 0x66, 0x40, 0x0, 0x4, 0x44, 0x44,
    0x47, 0x64, 0x44, 0x44, 0x20, 0x0, 0xff, 0xff,
    0xff, 0xff, 0xff, 0xff, 0xf8, 0x0, 0x2, 0x22,
    0x22, 0x22, 0x22, 0x22, 0x2f, 0x80, 0x0, 0x28,
    0x88, 0x88, 0x88, 0x88, 0x88, 0xf8, 0x0, 0x4,
    0xff, 0xff, 0xff, 0xff, 0xff, 0xff, 0x80, 0x0,
    0x11, 0x11, 0x11, 0x11, 0x11, 0x11, 0xf8, 0x0,
    0xf, 0xff, 0xff, 0xff, 0xff, 0xff, 0xff, 0x80,
    0x0, 0x66, 0x66, 0x66, 0x66, 0x66, 0x66, 0xf8,
    0x0,

    /* U+96F7 "雷" */
    0xc, 0xff, 0xff, 0xff, 0xff, 0xff, 0xff, 0xf3,
    0x0, 0x67, 0x77, 0x77, 0xcf, 0x77, 0x77, 0x77,
    0x10, 0x89, 0x99, 0x99, 0x9d, 0xf9, 0x99, 0x99,
    0x99, 0x3e, 0xff, 0xff, 0xff, 0xff, 0xff, 0xff,
    0xff, 0xf5, 0xe9, 0x34, 0x44, 0x29, 0xf1, 0x44,
    0x44, 0x3f, 0x5e, 0x9c, 0xff, 0xfa, 0x9f, 0x4f,
    0xff, 0xf6, 0xf5, 0xe9, 0x11, 0x11, 0x9, 0xf0,
    0x11, 0x11, 0x2f, 0x51, 0x1c, 0xff, 0xfa, 0x9f,
    0x4f, 0xff, 0xf4, 0x10, 0x0, 0x0, 0x0, 0x3,
    0x50, 0x0, 0x0, 0x0, 0x0, 0x7f, 0xff, 0xff,
    0xff, 0xff, 0xff, 0xfe, 0x0, 0x7, 0xf7, 0x66,
    0x6c, 0xf6, 0x66, 0x6c, 0xe0, 0x0, 0x7f, 0x43,
    0x33, 0xaf, 0x33, 0x33, 0xbe, 0x0, 0x7, 0xff,
    0xff, 0xff, 0xff, 0xff, 0xff, 0xe0, 0x0, 0x7f,
    0x43, 0x33, 0xaf, 0x33, 0x33, 0xbe, 0x0, 0x7,
    0xf6, 0x55, 0x5b, 0xf5, 0x55, 0x5c, 0xe0, 0x0,
    0x7f, 0xff, 0xff, 0xff, 0xff, 0xff, 0xfe, 0x0,
    0x7, 0xf2, 0x11, 0x11, 0x11, 0x11, 0x1a, 0xe0,
    0x0, 0x1, 0x0, 0x0, 0x0, 0x0, 0x0, 0x0,
    0x0,

    /* U+96FE "雾" */
    0x0, 0x66, 0x66, 0x66, 0x66, 0x66, 0x66, 0x66,
    0x63, 0x0, 0x1f, 0xff, 0xff, 0xff, 0xff, 0xff,
    0xff, 0xff, 0x80, 0x4, 0xaa, 0xaa, 0xaa, 0xaf,
    0xca, 0xaa, 0xaa, 0xa9, 0x0, 0x7f, 0xaa, 0xaa,
    0xa9, 0xfc, 0xaa, 0xaa, 0xac, 0xe0, 0x7, 0xf7,
    0xff, 0xff, 0x8f, 0x6f, 0xff, 0xff, 0x8e, 0x0,
    0x49, 0x4a, 0xaa, 0xa5, 0xf6, 0xaa, 0xaa, 0x94,
    0x80, 0x0, 0x3, 0xaa, 0xbf, 0x6e, 0x6a, 0xaa,
    0xa9, 0x0, 0x0, 0x0, 0x0, 0x1c, 0xf9, 0x77,
    0x77, 0x77, 0x20, 0x0, 0x0, 0x2, 0x8f, 0xff,
    0xff, 0xff, 0xff, 0xf3, 0x0, 0x0, 0xd, 0xff,
    0xaa, 0xfb, 0x56, 0xcf, 0xc3, 0x0, 0x0, 0x2,
    0x55, 0x11, 0x3b, 0xff, 0xff, 0xa5, 0x42, 0x22,
    0x10, 0xbf, 0xff, 0xff, 0xfc, 0xe9, 0xbe, 0xff,
    0xff, 0xf7, 0x2, 0x59, 0xba, 0x86, 0x8f, 0xa6,
    0x67, 0x88, 0x55, 0x0, 0x0, 0x7f, 0xff, 0xff,
    0xff, 0xff, 0xff, 0x90, 0x0, 0x0, 0x0, 0x0,
    0x3b, 0xf4, 0x0, 0x3, 0xf6, 0x0, 0x0, 0x26,
    0x8a, 0xef, 0xd4, 0x0, 0x86, 0xbf, 0x20, 0x0,
    0x2, 0xfe, 0xd9, 0x40, 0x0, 0xe, 0xfe, 0x80,
    0x0, 0x0, 0x0, 0x0, 0x0, 0x0, 0x0, 0x0,
    0x0, 0x0, 0x0,

    /* U+98CE "风" */
    0x0, 0x9, 0xff, 0xff, 0xff, 0xff, 0xff, 0xf3,
    0x0, 0x0, 0x0, 0x9f, 0x88, 0x88, 0x88, 0x88,
    0xaf, 0x30, 0x0, 0x0, 0x9, 0xe0, 0x0, 0x0,
    0x0, 0x4, 0xf3, 0x0, 0x0, 0x0, 0x9e, 0x1,
    0x0, 0x0, 0x37, 0x4f, 0x30, 0x0, 0x0, 0x9,
    0xe7, 0xe3, 0x0, 0xa, 0xe4, 0xf3, 0x0, 0x0,
    0x0, 0x9e, 0x1c, 0xe3, 0x2, 0xf7, 0x4f, 0x30,
    0x0, 0x0, 0x9, 0xe0, 0x1d, 0xe2, 0xbf, 0x14,
    0xf3, 0x0, 0x0, 0x0, 0x9e, 0x0, 0x1e, 0xef,
    0x70, 0x3f, 0x30, 0x0, 0x0, 0xa, 0xe0, 0x0,
    0x4f, 0xe0, 0x3, 0xf4, 0x0, 0x0, 0x0, 0xbd,
    0x0, 0x9, 0xff, 0x50, 0x2f, 0x50, 0x0, 0x0,
    0xc, 0xc0, 0x6, 0xf6, 0xce, 0x10, 0xf8, 0x0,
    0x0, 0x0, 0xf9, 0x4, 0xfa, 0x3, 0xf9, 0xd,
    0xa0, 0x0, 0x0, 0x4f, 0x53, 0xfc, 0x0, 0xa,
    0xf1, 0xae, 0x0, 0x0, 0xb, 0xf3, 0xfd, 0x10,
    0x0, 0x3f, 0x76, 0xf4, 0x20, 0x4, 0xf9, 0x7,
    0x10, 0x0, 0x0, 0x81, 0x1f, 0xcb, 0xa1, 0xef,
    0x10, 0x0, 0x0, 0x0, 0x0, 0x0, 0x8f, 0xf8,
    0x2d, 0x40, 0x0, 0x0, 0x0, 0x0, 0x0, 0x0,
    0xae, 0x20, 0x0, 0x0, 0x0, 0x0, 0x0, 0x0,
    0x0, 0x0, 0x0,

    /* U+FF01 "！" */
    0x11, 0xf, 0xf3, 0xff, 0x3f, 0xf3, 0xff, 0x2e,
    0xf1, 0xdf, 0xc, 0xf0, 0xae, 0x9, 0xd0, 0x8c,
    0x5, 0x70, 0x0, 0xe, 0xf1, 0xef, 0x10,

    /* U+FF05 "％" */
    0x0, 0x24, 0x20, 0x0, 0x0, 0x5, 0x20, 0x0,
    0x7, 0xfe, 0xf8, 0x0, 0x0, 0x4f, 0x20, 0x0,
    0x1f, 0x80, 0x5f, 0x40, 0x0, 0xc9, 0x0, 0x0,
    0x5f, 0x20, 0xf, 0x80, 0x5, 0xf1, 0x0, 0x0,
    0x6f, 0x10, 0xe, 0x90, 0xd, 0x90, 0x0, 0x0,
    0x4f, 0x30, 0xf, 0x70, 0x6f, 0x10, 0x0, 0x0,
    0xe, 0xb3, 0x9f, 0x20, 0xe8, 0x0, 0x0, 0x0,
    0x2, 0xcf, 0xd4, 0x7, 0xe0, 0x0, 0x0, 0x0,
    0x0, 0x0, 0x0, 0x1e, 0x70, 0x5e, 0xfc, 0x20,
    0x0, 0x0, 0x0, 0x8e, 0x2, 0xf9, 0x3b, 0xe0,
    0x0, 0x0, 0x1, 0xf6, 0x7, 0xf0, 0x2, 0xf4,
    0x0, 0x0, 0x9, 0xd0, 0x9, 0xe0, 0x1, 0xf6,
    0x0, 0x0, 0x2f, 0x50, 0x8, 0xf0, 0x2, 0xf6,
    0x0, 0x0, 0xac, 0x0, 0x4, 0xf5, 0x8, 0xf1,
    0x0, 0x3, 0xf4, 0x0, 0x0, 0x9f, 0xef, 0x70,
    0x0, 0x2, 0x40, 0x0, 0x0, 0x2, 0x52, 0x0,

    /* U+FF08 "（" */
    0x0, 0x0, 0xa3, 0x0, 0x8, 0xc0, 0x0, 0x3f,
    0x40, 0x0, 0xbd, 0x0, 0x2, 0xf6, 0x0, 0x8,
    0xf2, 0x0, 0xd, 0xe0, 0x0, 0xf, 0xb0, 0x0,
    0x2f, 0xa0, 0x0, 0x3f, 0x90, 0x0, 0x2f, 0xa0,
    0x0, 0xf, 0xb0, 0x0, 0xe, 0xe0, 0x0, 0x9,
    0xf1, 0x0, 0x4, 0xf6, 0x0, 0x0, 0xdc, 0x0,
    0x0, 0x6f, 0x20, 0x0, 0xc, 0xa0, 0x0, 0x2,
    0xf3, 0x0, 0x0, 0x0,

    /* U+FF09 "）" */
    0x3a, 0x0, 0x0, 0xd, 0x80, 0x0, 0x4, 0xf3,
    0x0, 0x0, 0xda, 0x0, 0x0, 0x7f, 0x20, 0x0,
    0x3f, 0x70, 0x0, 0xf, 0xc0, 0x0, 0xc, 0xf0,
    0x0, 0xa, 0xf1, 0x0, 0x9, 0xf3, 0x0, 0xa,
    0xf2, 0x0, 0xb, 0xf0, 0x0, 0xd, 0xe0, 0x0,
    0x1f, 0x90, 0x0, 0x5f, 0x40, 0x0, 0xad, 0x0,
    0x2, 0xf5, 0x0, 0xa, 0xc0, 0x0, 0x3f, 0x20,
    0x0, 0x0, 0x0, 0x0,

    /* U+FF0C "，" */
    0xf, 0xf1, 0xf, 0xf1, 0x0, 0xf0, 0x6, 0xc0,
    0x9, 0x20,

    /* U+FF1A "：" */
    0x2, 0x20, 0xff, 0xd, 0xd0, 0x0, 0x0, 0x0,
    0x0, 0x0, 0x0, 0x0, 0x0, 0x0, 0xff, 0xf,
    0xf0,

    /* U+FF1B "；" */
    0x2, 0x20, 0xf, 0xf1, 0xc, 0xd0, 0x0, 0x0,
    0x0, 0x0, 0x0, 0x0, 0x0, 0x0, 0x0, 0x0,
    0x0, 0x0, 0xf, 0xf1, 0xf, 0xf1, 0x0, 0xf0,
    0x6, 0xc0, 0x9, 0x20,

    /* U+FF1F "？" */
    0x0, 0x5, 0x88, 0x50, 0x0, 0x2, 0xef, 0xff,
    0xfe, 0x40, 0xd, 0xf6, 0x0, 0x5f, 0xf2, 0x5f,
    0x90, 0x0, 0x7, 0xf8, 0x5b, 0x30, 0x0, 0x3,
    0xf9, 0x0, 0x0, 0x0, 0x8, 0xf6, 0x0, 0x0,
    0x0, 0x5f, 0xd0, 0x0, 0x0, 0x6, 0xfd, 0x20,
    0x0, 0x0, 0x3f, 0xd1, 0x0, 0x0, 0x0, 0xaf,
    0x20, 0x0, 0x0, 0x0, 0xde, 0x0, 0x0, 0x0,
    0x0, 0x66, 0x0, 0x0, 0x0, 0x0, 0x0, 0x0,
    0x0, 0x0, 0x0, 0xff, 0x0, 0x0, 0x0, 0x0,
    0xff, 0x0, 0x0
};


/*---------------------
 *  GLYPH DESCRIPTION
 *--------------------*/

static const lv_font_fmt_txt_glyph_dsc_t glyph_dsc[] = {
    {.bitmap_index = 0, .adv_w = 0, .box_w = 0, .box_h = 0, .ofs_x = 0, .ofs_y = 0} /* id = 0 reserved */,
    {.bitmap_index = 0, .adv_w = 89, .box_w = 0, .box_h = 0, .ofs_x = 0, .ofs_y = 0},
    {.bitmap_index = 0, .adv_w = 89, .box_w = 3, .box_h = 15, .ofs_x = 1, .ofs_y = 0},
    {.bitmap_index = 23, .adv_w = 114, .box_w = 7, .box_h = 6, .ofs_x = 0, .ofs_y = 9},
    {.bitmap_index = 44, .adv_w = 178, .box_w = 11, .box_h = 15, .ofs_x = 0, .ofs_y = 0},
    {.bitmap_index = 127, .adv_w = 178, .box_w = 11, .box_h = 19, .ofs_x = 0, .ofs_y = -2},
    {.bitmap_index = 232, .adv_w = 285, .box_w = 16, .box_h = 15, .ofs_x = 1, .ofs_y = 0},
    {.bitmap_index = 352, .adv_w = 213, .box_w = 13, .box_h = 16, .ofs_x = 0, .ofs_y = -1},
    {.bitmap_index = 456, .adv_w = 61, .box_w = 3, .box_h = 6, .ofs_x = 0, .ofs_y = 9},
    {.bitmap_index = 465, .adv_w = 107, .box_w = 5, .box_h = 19, .ofs_x = 1, .ofs_y = -4},
    {.bitmap_index = 513, .adv_w = 107, .box_w = 6, .box_h = 19, .ofs_x = 0, .ofs_y = -4},
    {.bitmap_index = 570, .adv_w = 125, .box_w = 8, .box_h = 7, .ofs_x = 0, .ofs_y = 8},
    {.bitmap_index = 598, .adv_w = 187, .box_w = 10, .box_h = 10, .ofs_x = 1, .ofs_y = 2},
    {.bitmap_index = 648, .adv_w = 89, .box_w = 3, .box_h = 6, .ofs_x = 1, .ofs_y = -3},
    {.bitmap_index = 657, .adv_w = 107, .box_w = 7, .box_h = 2, .ofs_x = 0, .ofs_y = 4},
    {.bitmap_index = 664, .adv_w = 89, .box_w = 3, .box_h = 3, .ofs_x = 1, .ofs_y = 0},
    {.bitmap_index = 669, .adv_w = 89, .box_w = 6, .box_h = 16, .ofs_x = 0, .ofs_y = -1},
    {.bitmap_index = 717, .adv_w = 178, .box_w = 11, .box_h = 15, .ofs_x = 0, .ofs_y = 0},
    {.bitmap_index = 800, .adv_w = 178, .box_w = 6, .box_h = 15, .ofs_x = 2, .ofs_y = 0},
    {.bitmap_index = 845, .adv_w = 178, .box_w = 11, .box_h = 15, .ofs_x = 0, .ofs_y = 0},
    {.bitmap_index = 928, .adv_w = 178, .box_w = 11, .box_h = 15, .ofs_x = 0, .ofs_y = 0},
    {.bitmap_index = 1011, .adv_w = 178, .box_w = 11, .box_h = 15, .ofs_x = 0, .ofs_y = 0},
    {.bitmap_index = 1094, .adv_w = 178, .box_w = 11, .box_h = 15, .ofs_x = 0, .ofs_y = 0},
    {.bitmap_index = 1177, .adv_w = 178, .box_w = 11, .box_h = 15, .ofs_x = 0, .ofs_y = 0},
    {.bitmap_index = 1260, .adv_w = 178, .box_w = 11, .box_h = 15, .ofs_x = 0, .ofs_y = 0},
    {.bitmap_index = 1343, .adv_w = 178, .box_w = 11, .box_h = 15, .ofs_x = 0, .ofs_y = 0},
    {.bitmap_index = 1426, .adv_w = 178, .box_w = 11, .box_h = 15, .ofs_x = 0, .ofs_y = 0},
    {.bitmap_index = 1509, .adv_w = 89, .box_w = 3, .box_h = 11, .ofs_x = 1, .ofs_y = 0},
    {.bitmap_index = 1526, .adv_w = 89, .box_w = 3, .box_h = 14, .ofs_x = 1, .ofs_y = -3},
    {.bitmap_index = 1547, .adv_w = 187, .box_w = 10, .box_h = 11, .ofs_x = 1, .ofs_y = 2},
    {.bitmap_index = 1602, .adv_w = 187, .box_w = 10, .box_h = 6, .ofs_x = 1, .ofs_y = 5},
    {.bitmap_index = 1632, .adv_w = 187, .box_w = 10, .box_h = 11, .ofs_x = 1, .ofs_y = 2},
    {.bitmap_index = 1687, .adv_w = 178, .box_w = 11, .box_h = 15, .ofs_x = 0, .ofs_y = 0},
    {.bitmap_index = 1770, .adv_w = 325, .box_w = 19, .box_h = 19, .ofs_x = 1, .ofs_y = -4},
    {.bitmap_index = 1951, .adv_w = 213, .box_w = 15, .box_h = 15, .ofs_x = -1, .ofs_y = 0},
    {.bitmap_index = 2064, .adv_w = 213, .box_w = 12, .box_h = 15, .ofs_x = 1, .ofs_y = 0},
    {.bitmap_index = 2154, .adv_w = 231, .box_w = 13, .box_h = 15, .ofs_x = 1, .ofs_y = 0},
    {.bitmap_index = 2252, .adv_w = 231, .box_w = 13, .box_h = 15, .ofs_x = 1, .ofs_y = 0},
    {.bitmap_index = 2350, .adv_w = 213, .box_w = 12, .box_h = 15, .ofs_x = 1, .ofs_y = 0},
    {.bitmap_index = 2440, .adv_w = 195, .box_w = 11, .box_h = 15, .ofs_x = 1, .ofs_y = 0},
    {.bitmap_index = 2523, .adv_w = 249, .box_w = 14, .box_h = 15, .ofs_x = 1, .ofs_y = 0},
    {.bitmap_index = 2628, .adv_w = 231, .box_w = 12, .box_h = 15, .ofs_x = 1, .ofs_y = 0},
    {.bitmap_index = 2718, .adv_w = 89, .box_w = 3, .box_h = 15, .ofs_x = 1, .ofs_y = 0},
    {.bitmap_index = 2741, .adv_w = 160, .box_w = 9, .box_h = 15, .ofs_x = 0, .ofs_y = 0},
    {.bitmap_index = 2809, .adv_w = 213, .box_w = 13, .box_h = 15, .ofs_x = 1, .ofs_y = 0},
    {.bitmap_index = 2907, .adv_w = 178, .box_w = 10, .box_h = 15, .ofs_x = 1, .ofs_y = 0},
    {.bitmap_index = 2982, .adv_w = 267, .box_w = 15, .box_h = 15, .ofs_x = 1, .ofs_y = 0},
    {.bitmap_index = 3095, .adv_w = 231, .box_w = 12, .box_h = 15, .ofs_x = 1, .ofs_y = 0},
    {.bitmap_index = 3185, .adv_w = 249, .box_w = 15, .box_h = 15, .ofs_x = 0, .ofs_y = 0},
    {.bitmap_index = 3298, .adv_w = 213, .box_w = 12, .box_h = 15, .ofs_x = 1, .ofs_y = 0},
    {.bitmap_index = 3388, .adv_w = 249, .box_w = 15, .box_h = 16, .ofs_x = 0, .ofs_y = -1},
    {.bitmap_index = 3508, .adv_w = 231, .box_w = 14, .box_h = 15, .ofs_x = 1, .ofs_y = 0},
    {.bitmap_index = 3613, .adv_w = 213, .box_w = 13, .box_h = 15, .ofs_x = 0, .ofs_y = 0},
    {.bitmap_index = 3711, .adv_w = 195, .box_w = 12, .box_h = 15, .ofs_x = 0, .ofs_y = 0},
    {.bitmap_index = 3801, .adv_w = 231, .box_w = 12, .box_h = 15, .ofs_x = 1, .ofs_y = 0},
    {.bitmap_index = 3891, .adv_w = 213, .box_w = 14, .box_h = 15, .ofs_x = 0, .ofs_y = 0},
    {.bitmap_index = 3996, .adv_w = 302, .box_w = 19, .box_h = 15, .ofs_x = 0, .ofs_y = 0},
    {.bitmap_index = 4139, .adv_w = 213, .box_w = 14, .box_h = 15, .ofs_x = 0, .ofs_y = 0},
    {.bitmap_index = 4244, .adv_w = 213, .box_w = 14, .box_h = 15, .ofs_x = 0, .ofs_y = 0},
    {.bitmap_index = 4349, .adv_w = 195, .box_w = 12, .box_h = 15, .ofs_x = 0, .ofs_y = 0},
    {.bitmap_index = 4439, .adv_w = 89, .box_w = 5, .box_h = 19, .ofs_x = 1, .ofs_y = -4},
    {.bitmap_index = 4487, .adv_w = 89, .box_w = 6, .box_h = 16, .ofs_x = 0, .ofs_y = -1},
    {.bitmap_index = 4535, .adv_w = 89, .box_w = 5, .box_h = 19, .ofs_x = 0, .ofs_y = -4},
    {.bitmap_index = 4583, .adv_w = 150, .box_w = 9, .box_h = 8, .ofs_x = 0, .ofs_y = 7},
    {.bitmap_index = 4619, .adv_w = 160, .box_w = 12, .box_h = 2, .ofs_x = -1, .ofs_y = -3},
    {.bitmap_index = 4631, .adv_w = 107, .box_w = 5, .box_h = 3, .ofs_x = 0, .ofs_y = 12},
    {.bitmap_index = 4639, .adv_w = 178, .box_w = 11, .box_h = 11, .ofs_x = 0, .ofs_y = 0},
    {.bitmap_index = 4700, .adv_w = 178, .box_w = 10, .box_h = 15, .ofs_x = 1, .ofs_y = 0},
    {.bitmap_index = 4775, .adv_w = 160, .box_w = 10, .box_h = 11, .ofs_x = 0, .ofs_y = 0},
    {.bitmap_index = 4830, .adv_w = 178, .box_w = 10, .box_h = 15, .ofs_x = 0, .ofs_y = 0},
    {.bitmap_index = 4905, .adv_w = 178, .box_w = 11, .box_h = 11, .ofs_x = 0, .ofs_y = 0},
    {.bitmap_index = 4966, .adv_w = 89, .box_w = 7, .box_h = 15, .ofs_x = 0, .ofs_y = 0},
    {.bitmap_index = 5019, .adv_w = 178, .box_w = 10, .box_h = 15, .ofs_x = 0, .ofs_y = -4},
    {.bitmap_index = 5094, .adv_w = 178, .box_w = 9, .box_h = 15, .ofs_x = 1, .ofs_y = 0},
    {.bitmap_index = 5162, .adv_w = 71, .box_w = 3, .box_h = 15, .ofs_x = 1, .ofs_y = 0},
    {.bitmap_index = 5185, .adv_w = 71, .box_w = 5, .box_h = 19, .ofs_x = -1, .ofs_y = -4},
    {.bitmap_index = 5233, .adv_w = 160, .box_w = 9, .box_h = 15, .ofs_x = 1, .ofs_y = 0},
    {.bitmap_index = 5301, .adv_w = 71, .box_w = 3, .box_h = 15, .ofs_x = 1, .ofs_y = 0},
    {.bitmap_index = 5324, .adv_w = 267, .box_w = 15, .box_h = 11, .ofs_x = 1, .ofs_y = 0},
    {.bitmap_index = 5407, .adv_w = 178, .box_w = 9, .box_h = 11, .ofs_x = 1, .ofs_y = 0},
    {.bitmap_index = 5457, .adv_w = 178, .box_w = 11, .box_h = 11, .ofs_x = 0, .ofs_y = 0},
    {.bitmap_index = 5518, .adv_w = 178, .box_w = 10, .box_h = 15, .ofs_x = 1, .ofs_y = -4},
    {.bitmap_index = 5593, .adv_w = 178, .box_w = 10, .box_h = 15, .ofs_x = 0, .ofs_y = -4},
    {.bitmap_index = 5668, .adv_w = 107, .box_w = 6, .box_h = 11, .ofs_x = 1, .ofs_y = 0},
    {.bitmap_index = 5701, .adv_w = 160, .box_w = 10, .box_h = 11, .ofs_x = 0, .ofs_y = 0},
    {.bitmap_index = 5756, .adv_w = 89, .box_w = 6, .box_h = 15, .ofs_x = 0, .ofs_y = 0},
    {.bitmap_index = 5801, .adv_w = 178, .box_w = 9, .box_h = 11, .ofs_x = 1, .ofs_y = 0},
    {.bitmap_index = 5851, .adv_w = 160, .box_w = 10, .box_h = 11, .ofs_x = 0, .ofs_y = 0},
    {.bitmap_index = 5906, .adv_w = 231, .box_w = 15, .box_h = 11, .ofs_x = 0, .ofs_y = 0},
    {.bitmap_index = 5989, .adv_w = 160, .box_w = 10, .box_h = 11, .ofs_x = 0, .ofs_y = 0},
    {.bitmap_index = 6044, .adv_w = 160, .box_w = 10, .box_h = 15, .ofs_x = 0, .ofs_y = -4},
    {.bitmap_index = 6119, .adv_w = 160, .box_w = 10, .box_h = 11, .ofs_x = 0, .ofs_y = 0},
    {.bitmap_index = 6174, .adv_w = 107, .box_w = 7, .box_h = 19, .ofs_x = 0, .ofs_y = -4},
    {.bitmap_index = 6241, .adv_w = 83, .box_w = 3, .box_h = 19, .ofs_x = 1, .ofs_y = -4},
    {.bitmap_index = 6270, .adv_w = 107, .box_w = 7, .box_h = 19, .ofs_x = 0, .ofs_y = -4},
    {.bitmap_index = 6337, .adv_w = 187, .box_w = 11, .box_h = 5, .ofs_x = 0, .ofs_y = 5},
    {.bitmap_index = 6365, .adv_w = 128, .box_w = 6, .box_h = 7, .ofs_x = 1, .ofs_y = 9},
    {.bitmap_index = 6386, .adv_w = 89, .box_w = 3, .box_h = 3, .ofs_x = 1, .ofs_y = 6},
    {.bitmap_index = 6391, .adv_w = 320, .box_w = 22, .box_h = 3, .ofs_x = -1, .ofs_y = 4},
    {.bitmap_index = 6424, .adv_w = 320, .box_w = 16, .box_h = 3, .ofs_x = 2, .ofs_y = 0},
    {.bitmap_index = 6448, .adv_w = 327, .box_w = 20, .box_h = 16, .ofs_x = 0, .ofs_y = -1},
    {.bitmap_index = 6608, .adv_w = 320, .box_w = 6, .box_h = 6, .ofs_x = 1, .ofs_y = -2},
    {.bitmap_index = 6626, .adv_w = 320, .box_w = 7, .box_h = 6, .ofs_x = 1, .ofs_y = -1},
    {.bitmap_index = 6647, .adv_w = 320, .box_w = 8, .box_h = 19, .ofs_x = 11, .ofs_y = -1},
    {.bitmap_index = 6723, .adv_w = 320, .box_w = 8, .box_h = 19, .ofs_x = 1, .ofs_y = -1},
    {.bitmap_index = 6799, .adv_w = 320, .box_w = 9, .box_h = 19, .ofs_x = 10, .ofs_y = -1},
    {.bitmap_index = 6885, .adv_w = 320, .box_w = 9, .box_h = 19, .ofs_x = 1, .ofs_y = -1},
    {.bitmap_index = 6971, .adv_w = 320, .box_w = 6, .box_h = 19, .ofs_x = 12, .ofs_y = -1},
    {.bitmap_index = 7028, .adv_w = 320, .box_w = 6, .box_h = 19, .ofs_x = 2, .ofs_y = -1},
    {.bitmap_index = 7085, .adv_w = 320, .box_w = 18, .box_h = 18, .ofs_x = 1, .ofs_y = -2},
    {.bitmap_index = 7247, .adv_w = 320, .box_w = 20, .box_h = 19, .ofs_x = 0, .ofs_y = -2},
    {.bitmap_index = 7437, .adv_w = 320, .box_w = 19, .box_h = 19, .ofs_x = 0, .ofs_y = -2},
    {.bitmap_index = 7618, .adv_w = 320, .box_w = 16, .box_h = 19, .ofs_x = 2, .ofs_y = -2},
    {.bitmap_index = 7770, .adv_w = 320, .box_w = 18, .box_h = 19, .ofs_x = 1, .ofs_y = -2},
    {.bitmap_index = 7941, .adv_w = 320, .box_w = 19, .box_h = 19, .ofs_x = 0, .ofs_y = -2},
    {.bitmap_index = 8122, .adv_w = 320, .box_w = 17, .box_h = 19, .ofs_x = 1, .ofs_y = -2},
    {.bitmap_index = 8284, .adv_w = 320, .box_w = 19, .box_h = 18, .ofs_x = 0, .ofs_y = -1},
    {.bitmap_index = 8455, .adv_w = 320, .box_w = 17, .box_h = 20, .ofs_x = 0, .ofs_y = -2},
    {.bitmap_index = 8625, .adv_w = 320, .box_w = 20, .box_h = 17, .ofs_x = 0, .ofs_y = -1},
    {.bitmap_index = 8795, .adv_w = 320, .box_w = 19, .box_h = 18, .ofs_x = 0, .ofs_y = -1},
    {.bitmap_index = 8966, .adv_w = 320, .box_w = 18, .box_h = 19, .ofs_x = 1, .ofs_y = -2},
    {.bitmap_index = 9137, .adv_w = 320, .box_w = 20, .box_h = 19, .ofs_x = 0, .ofs_y = -2},
    {.bitmap_index = 9327, .adv_w = 320, .box_w = 20, .box_h = 19, .ofs_x = 0, .ofs_y = -1},
    {.bitmap_index = 9517, .adv_w = 320, .box_w = 18, .box_h = 19, .ofs_x = 1, .ofs_y = -2},
    {.bitmap_index = 9688, .adv_w = 320, .box_w = 18, .box_h = 18, .ofs_x = 1, .ofs_y = -1},
    {.bitmap_index = 9850, .adv_w = 320, .box_w = 17, .box_h = 17, .ofs_x = 2, .ofs_y = -1},
    {.bitmap_index = 9995, .adv_w = 320, .box_w = 19, .box_h = 19, .ofs_x = 1, .ofs_y = -2},
    {.bitmap_index = 10176, .adv_w = 320, .box_w = 19, .box_h = 17, .ofs_x = 0, .ofs_y = -1},
    {.bitmap_index = 10338, .adv_w = 320, .box_w = 18, .box_h = 18, .ofs_x = 1, .ofs_y = -1},
    {.bitmap_index = 10500, .adv_w = 320, .box_w = 19, .box_h = 18, .ofs_x = 0, .ofs_y = -1},
    {.bitmap_index = 10671, .adv_w = 320, .box_w = 20, .box_h = 18, .ofs_x = 0, .ofs_y = -1},
    {.bitmap_index = 10851, .adv_w = 320, .box_w = 19, .box_h = 18, .ofs_x = 0, .ofs_y = -1},
    {.bitmap_index = 11022, .adv_w = 320, .box_w = 20, .box_h = 19, .ofs_x = 0, .ofs_y = -2},
    {.bitmap_index = 11212, .adv_w = 320, .box_w = 18, .box_h = 17, .ofs_x = 1, .ofs_y = -1},
    {.bitmap_index = 11365, .adv_w = 320, .box_w = 18, .box_h = 18, .ofs_x = 1, .ofs_y = -1},
    {.bitmap_index = 11527, .adv_w = 320, .box_w = 19, .box_h = 18, .ofs_x = 0, .ofs_y = -2},
    {.bitmap_index = 11698, .adv_w = 320, .box_w = 19, .box_h = 18, .ofs_x = 1, .ofs_y = -2},
    {.bitmap_index = 11869, .adv_w = 320, .box_w = 18, .box_h = 20, .ofs_x = 1, .ofs_y = -2},
    {.bitmap_index = 12049, .adv_w = 320, .box_w = 19, .box_h = 19, .ofs_x = 1, .ofs_y = -2},
    {.bitmap_index = 12230, .adv_w = 320, .box_w = 17, .box_h = 17, .ofs_x = 2, .ofs_y = -1},
    {.bitmap_index = 12375, .adv_w = 320, .box_w = 18, .box_h = 18, .ofs_x = 1, .ofs_y = -1},
    {.bitmap_index = 12537, .adv_w = 320, .box_w = 20, .box_h = 19, .ofs_x = 0, .ofs_y = -1},
    {.bitmap_index = 12727, .adv_w = 320, .box_w = 18, .box_h = 19, .ofs_x = 0, .ofs_y = -2},
    {.bitmap_index = 12898, .adv_w = 320, .box_w = 20, .box_h = 18, .ofs_x = 0, .ofs_y = -1},
    {.bitmap_index = 13078, .adv_w = 320, .box_w = 19, .box_h = 18, .ofs_x = 0, .ofs_y = -2},
    {.bitmap_index = 13249, .adv_w = 320, .box_w = 19, .box_h = 18, .ofs_x = 0, .ofs_y = -1},
    {.bitmap_index = 13420, .adv_w = 320, .box_w = 19, .box_h = 19, .ofs_x = 0, .ofs_y = -2},
    {.bitmap_index = 13601, .adv_w = 320, .box_w = 18, .box_h = 19, .ofs_x = 1, .ofs_y = -2},
    {.bitmap_index = 13772, .adv_w = 320, .box_w = 19, .box_h = 17, .ofs_x = 0, .ofs_y = -1},
    {.bitmap_index = 13934, .adv_w = 320, .box_w = 18, .box_h = 18, .ofs_x = 1, .ofs_y = -1},
    {.bitmap_index = 14096, .adv_w = 320, .box_w = 19, .box_h = 18, .ofs_x = 1, .ofs_y = -2},
    {.bitmap_index = 14267, .adv_w = 320, .box_w = 18, .box_h = 18, .ofs_x = 1, .ofs_y = -1},
    {.bitmap_index = 14429, .adv_w = 320, .box_w = 18, .box_h = 19, .ofs_x = 1, .ofs_y = -2},
    {.bitmap_index = 14600, .adv_w = 320, .box_w = 17, .box_h = 18, .ofs_x = 2, .ofs_y = -2},
    {.bitmap_index = 14753, .adv_w = 320, .box_w = 18, .box_h = 18, .ofs_x = 1, .ofs_y = -1},
    {.bitmap_index = 14915, .adv_w = 320, .box_w = 18, .box_h = 18, .ofs_x = 1, .ofs_y = -1},
    {.bitmap_index = 15077, .adv_w = 320, .box_w = 19, .box_h = 18, .ofs_x = 0, .ofs_y = -1},
    {.bitmap_index = 15248, .adv_w = 320, .box_w = 13, .box_h = 20, .ofs_x = 4, .ofs_y = -2},
    {.bitmap_index = 15378, .adv_w = 320, .box_w = 19, .box_h = 19, .ofs_x = 0, .ofs_y = -2},
    {.bitmap_index = 15559, .adv_w = 320, .box_w = 17, .box_h = 19, .ofs_x = 1, .ofs_y = -2},
    {.bitmap_index = 15721, .adv_w = 320, .box_w = 19, .box_h = 19, .ofs_x = 0, .ofs_y = -2},
    {.bitmap_index = 15902, .adv_w = 320, .box_w = 16, .box_h = 19, .ofs_x = 2, .ofs_y = -2},
    {.bitmap_index = 16054, .adv_w = 320, .box_w = 16, .box_h = 18, .ofs_x = 2, .ofs_y = -2},
    {.bitmap_index = 16198, .adv_w = 320, .box_w = 19, .box_h = 18, .ofs_x = 1, .ofs_y = -1},
    {.bitmap_index = 16369, .adv_w = 320, .box_w = 18, .box_h = 17, .ofs_x = 1, .ofs_y = -1},
    {.bitmap_index = 16522, .adv_w = 320, .box_w = 17, .box_h = 17, .ofs_x = 1, .ofs_y = -1},
    {.bitmap_index = 16667, .adv_w = 320, .box_w = 17, .box_h = 18, .ofs_x = 2, .ofs_y = -2},
    {.bitmap_index = 16820, .adv_w = 320, .box_w = 19, .box_h = 18, .ofs_x = 0, .ofs_y = -2},
    {.bitmap_index = 16991, .adv_w = 320, .box_w = 19, .box_h = 18, .ofs_x = 0, .ofs_y = -2},
    {.bitmap_index = 17162, .adv_w = 320, .box_w = 3, .box_h = 15, .ofs_x = 9, .ofs_y = 0},
    {.bitmap_index = 17185, .adv_w = 320, .box_w = 16, .box_h = 16, .ofs_x = 2, .ofs_y = -1},
    {.bitmap_index = 17313, .adv_w = 320, .box_w = 6, .box_h = 20, .ofs_x = 7, .ofs_y = -5},
    {.bitmap_index = 17373, .adv_w = 320, .box_w = 6, .box_h = 20, .ofs_x = 7, .ofs_y = -5},
    {.bitmap_index = 17433, .adv_w = 320, .box_w = 4, .box_h = 5, .ofs_x = 8, .ofs_y = -3},
    {.bitmap_index = 17443, .adv_w = 320, .box_w = 3, .box_h = 11, .ofs_x = 8, .ofs_y = 0},
    {.bitmap_index = 17460, .adv_w = 320, .box_w = 4, .box_h = 14, .ofs_x = 8, .ofs_y = -3},
    {.bitmap_index = 17488, .adv_w = 320, .box_w = 10, .box_h = 15, .ofs_x = 5, .ofs_y = 0}
};

/*---------------------
 *  CHARACTER MAPPING
 *--------------------*/

static const uint16_t unicode_list_1[] = {
    0x0, 0x7, 0x1f64, 0x1f76, 0x2053, 0x2f51, 0x2f52, 0x2f58,
    0x2f59, 0x2f5a, 0x2f5b, 0x2f60, 0x2f61, 0x4de1, 0x501f, 0x50c3,
    0x50d5, 0x5110, 0x51f1, 0x51f8, 0x5266, 0x537f, 0x55b8, 0x5678,
    0x5683, 0x57d3, 0x5866, 0x586a, 0x5af4, 0x5d42, 0x5df6, 0x5e50,
    0x5f8b, 0x6252, 0x62f2, 0x62f7, 0x6394, 0x658e, 0x65c4, 0x6650,
    0x665d, 0x667a, 0x668a, 0x6ab3, 0x6b2b, 0x6b64, 0x6c9b, 0x6d41,
    0x6d79, 0x6dcf, 0x6fbf, 0x7181, 0x72ff, 0x7621, 0x7670, 0x76b1,
    0x7735, 0x788a, 0x790b, 0x79ca, 0x7e0f, 0x813a, 0x8918, 0x8b53,
    0x8f6f, 0x953d, 0x9584, 0x9585, 0x9638, 0x963a, 0x9647, 0x964e,
    0x981e, 0xfe51, 0xfe55, 0xfe58, 0xfe59, 0xfe5c, 0xfe6a, 0xfe6b,
    0xfe6f
};

/*Collect the unicode lists and glyph_id offsets*/
static const lv_font_fmt_txt_cmap_t cmaps[] =
{
    {
        .range_start = 32, .range_length = 95, .glyph_id_start = 1,
        .unicode_list = NULL, .glyph_id_ofs_list = NULL, .list_length = 0, .type = LV_FONT_FMT_TXT_CMAP_FORMAT0_TINY
    },
    {
        .range_start = 176, .range_length = 65136, .glyph_id_start = 96,
        .unicode_list = unicode_list_1, .glyph_id_ofs_list = NULL, .list_length = 81, .type = LV_FONT_FMT_TXT_CMAP_SPARSE_TINY
    }
};



/*--------------------
 *  ALL CUSTOM DATA
 *--------------------*/

#if LVGL_VERSION_MAJOR == 8
/*Store all the custom data of the font*/
static  lv_font_fmt_txt_glyph_cache_t cache;
#endif

#if LVGL_VERSION_MAJOR >= 8
static const lv_font_fmt_txt_dsc_t font_dsc = {
#else
static lv_font_fmt_txt_dsc_t font_dsc = {
#endif
    .glyph_bitmap = glyph_bitmap,
    .glyph_dsc = glyph_dsc,
    .cmaps = cmaps,
    .kern_dsc = NULL,
    .kern_scale = 0,
    .cmap_num = 2,
    .bpp = 4,
    .kern_classes = 0,
    .bitmap_format = 0,
#if LVGL_VERSION_MAJOR == 8
    .cache = &cache
#endif
};



/*-----------------
 *  PUBLIC FONT
 *----------------*/

/*Initialize a public general font descriptor*/
#if LVGL_VERSION_MAJOR >= 8
const lv_font_t font_cjk_20 = {
#else
lv_font_t font_cjk_20 = {
#endif
    .get_glyph_dsc = lv_font_get_glyph_dsc_fmt_txt,    /*Function pointer to get glyph's data*/
    .get_glyph_bitmap = lv_font_get_bitmap_fmt_txt,    /*Function pointer to get glyph's bitmap*/
    .line_height = 23,          /*The maximum line height required by the font*/
    .base_line = 5,             /*Baseline measured from the bottom of the line*/
#if !(LVGL_VERSION_MAJOR == 6 && LVGL_VERSION_MINOR == 0)
    .subpx = LV_FONT_SUBPX_NONE,
#endif
#if LV_VERSION_CHECK(7, 4, 0) || LVGL_VERSION_MAJOR >= 8
    .underline_position = -2,
    .underline_thickness = 1,
#endif
    .dsc = &font_dsc,          /*The custom font data. Will be accessed by `get_glyph_bitmap/dsc` */
#if LV_VERSION_CHECK(8, 2, 0) || LVGL_VERSION_MAJOR >= 9
    .fallback = NULL,
#endif
    .user_data = NULL,
};



#endif /*#if FONT_CJK_20*/

